machine_frame,rendered,delta,camera,stage,lives
1,0,0,0,2,2
2,0,0,0,2,2
3,0,0,0,2,2
4,0,0,0,2,2
5,0,0,0,2,2
6,0,0,0,2,2
7,0,0,0,2,2
8,0,0,0,2,2
9,0,0,0,2,2
10,0,0,0,2,2
11,0,0,0,2,2
12,0,0,0,2,2
13,0,0,0,2,2
14,0,0,0,2,2
15,0,0,0,2,2
16,0,0,0,2,2
17,0,0,0,2,2
18,0,0,0,2,2
19,0,0,0,2,2
20,0,0,0,2,2
21,0,0,0,2,2
22,0,0,0,2,2
23,0,0,0,2,2
24,0,0,0,2,2
25,0,0,0,2,2
26,0,0,0,2,2
27,0,0,0,2,2
28,0,0,0,2,2
29,0,0,0,2,2
30,0,0,0,2,2
31,0,0,0,2,2
32,0,0,0,2,2
33,0,0,0,2,2
34,0,0,0,2,2
35,0,0,0,2,2
36,0,0,0,2,2
37,0,0,0,2,2
38,0,0,0,2,2
39,0,0,0,2,2
40,0,0,0,2,2
41,0,0,0,2,2
42,0,0,0,2,2
43,0,0,0,2,2
44,0,0,0,2,2
45,0,0,0,2,2
46,0,0,0,2,2
47,0,0,0,2,2
48,0,0,0,2,2
49,0,0,0,2,2
50,0,0,0,2,2
51,0,0,0,2,2
52,0,0,0,2,2
53,0,0,0,2,2
54,0,0,0,2,2
55,0,0,0,2,2
56,0,0,0,2,2
57,0,0,0,2,2
58,0,0,0,2,2
59,0,0,0,2,2
60,0,0,0,2,2
61,0,0,0,2,2
62,0,0,0,2,2
63,0,0,0,2,2
64,0,0,0,2,2
65,0,0,0,2,2
66,0,0,0,2,2
67,0,0,0,2,2
68,0,0,0,2,2
69,0,0,0,2,2
70,0,0,0,2,2
71,0,0,0,2,2
72,0,0,0,2,2
73,0,0,0,2,2
74,0,0,0,2,2
75,0,0,0,2,2
76,0,0,0,2,2
77,0,0,0,2,2
78,0,0,0,2,2
79,0,0,0,2,2
80,0,0,0,2,2
81,0,0,0,2,2
82,0,0,0,2,2
83,0,0,0,2,2
84,1,1,0,2,2
85,1,0,0,2,2
86,1,0,0,2,2
87,1,0,0,2,2
88,1,0,0,2,2
89,2,1,0,2,2
90,2,0,0,2,2
91,2,0,0,2,2
92,2,0,0,2,2
93,2,0,0,2,2
94,3,1,1,2,2
95,3,0,1,2,2
96,3,0,1,2,2
97,3,0,1,2,2
98,3,0,1,2,2
99,3,0,1,2,2
100,4,1,2,2,2
101,4,0,2,2,2
102,4,0,2,2,2
103,4,0,2,2,2
104,4,0,2,2,2
105,4,0,2,2,2
106,5,1,3,2,2
107,5,0,3,2,2
108,5,0,3,2,2
109,5,0,3,2,2
110,5,0,3,2,2
111,5,0,3,2,2
112,6,1,5,2,2
113,6,0,5,2,2
114,6,0,5,2,2
115,6,0,5,2,2
116,6,0,5,2,2
117,6,0,5,2,2
118,7,1,6,2,2
119,7,0,6,2,2
120,7,0,6,2,2
121,7,0,6,2,2
122,7,0,6,2,2
123,7,0,6,2,2
124,8,1,7,2,2
125,8,0,7,2,2
126,8,0,7,2,2
127,8,0,7,2,2
128,8,0,7,2,2
129,8,0,7,2,2
130,9,1,8,2,2
131,9,0,8,2,2
132,9,0,8,2,2
133,9,0,8,2,2
134,9,0,8,2,2
135,9,0,8,2,2
136,10,1,9,2,2
137,10,0,9,2,2
138,10,0,9,2,2
139,10,0,9,2,2
140,10,0,9,2,2
141,10,0,9,2,2
142,11,1,10,2,2
143,11,0,10,2,2
144,11,0,10,2,2
145,11,0,10,2,2
146,11,0,10,2,2
147,12,1,11,2,2
148,12,0,11,2,2
149,12,0,11,2,2
150,12,0,11,2,2
151,12,0,11,2,2
152,13,1,12,2,2
153,13,0,12,2,2
154,13,0,12,2,2
155,13,0,12,2,2
156,13,0,12,2,2
157,14,1,13,2,2
158,14,0,13,2,2
159,14,0,13,2,2
160,14,0,13,2,2
161,14,0,13,2,2
162,14,0,13,2,2
163,15,1,14,2,2
164,15,0,14,2,2
165,15,0,14,2,2
166,15,0,14,2,2
167,15,0,14,2,2
168,16,1,15,2,2
169,16,0,15,2,2
170,16,0,15,2,2
171,16,0,15,2,2
172,16,0,15,2,2
173,16,0,15,2,2
174,17,1,16,2,2
175,17,0,16,2,2
176,17,0,16,2,2
177,17,0,16,2,2
178,17,0,16,2,2
179,18,1,17,2,2
180,18,0,17,2,2
181,18,0,17,2,2
182,18,0,17,2,2
183,18,0,17,2,2
184,18,0,17,2,2
185,19,1,18,2,2
186,19,0,18,2,2
187,19,0,18,2,2
188,19,0,18,2,2
189,19,0,18,2,2
190,20,1,19,2,2
191,20,0,19,2,2
192,20,0,19,2,2
193,20,0,19,2,2
194,20,0,19,2,2
195,20,0,19,2,2
196,21,1,20,2,2
197,21,0,20,2,2
198,21,0,20,2,2
199,21,0,20,2,2
200,21,0,20,2,2
201,22,1,21,2,2
202,22,0,21,2,2
203,22,0,21,2,2
204,22,0,21,2,2
205,22,0,21,2,2
206,22,0,21,2,2
207,23,1,22,2,2
208,23,0,22,2,2
209,23,0,22,2,2
210,23,0,22,2,2
211,23,0,22,2,2
212,24,1,24,2,2
213,24,0,24,2,2
214,24,0,24,2,2
215,24,0,24,2,2
216,24,0,24,2,2
217,25,1,24,2,2
218,25,0,24,2,2
219,25,0,24,2,2
220,25,0,24,2,2
221,25,0,24,2,2
222,26,1,25,2,2
223,26,0,25,2,2
224,26,0,25,2,2
225,26,0,25,2,2
226,26,0,25,2,2
227,27,1,26,2,2
228,27,0,26,2,2
229,27,0,26,2,2
230,27,0,26,2,2
231,27,0,26,2,2
232,28,1,27,2,2
233,28,0,27,2,2
234,28,0,27,2,2
235,28,0,27,2,2
236,28,0,27,2,2
237,29,1,28,2,2
238,29,0,28,2,2
239,29,0,28,2,2
240,29,0,28,2,2
241,29,0,28,2,2
242,30,1,29,2,2
243,30,0,29,2,2
244,30,0,29,2,2
245,30,0,29,2,2
246,30,0,29,2,2
247,31,1,30,2,2
248,31,0,30,2,2
249,31,0,30,2,2
250,31,0,30,2,2
251,31,0,30,2,2
252,32,1,31,2,2
253,32,0,31,2,2
254,32,0,31,2,2
255,32,0,31,2,2
256,32,0,31,2,2
257,33,1,32,2,2
258,33,0,32,2,2
259,33,0,32,2,2
260,33,0,32,2,2
261,33,0,32,2,2
262,34,1,33,2,2
263,34,0,33,2,2
264,34,0,33,2,2
265,34,0,33,2,2
266,34,0,33,2,2
267,35,1,34,2,2
268,35,0,34,2,2
269,35,0,34,2,2
270,35,0,34,2,2
271,35,0,34,2,2
272,36,1,35,2,2
273,36,0,35,2,2
274,36,0,35,2,2
275,36,0,35,2,2
276,36,0,35,2,2
277,37,1,36,2,2
278,37,0,36,2,2
279,37,0,36,2,2
280,37,0,36,2,2
281,37,0,36,2,2
282,38,1,37,2,2
283,38,0,37,2,2
284,38,0,37,2,2
285,38,0,37,2,2
286,38,0,37,2,2
287,39,1,38,2,2
288,39,0,38,2,2
289,39,0,38,2,2
290,39,0,38,2,2
291,39,0,38,2,2
292,40,1,39,2,2
293,40,0,39,2,2
294,40,0,39,2,2
295,40,0,39,2,2
296,40,0,39,2,2
297,41,1,39,2,2
298,41,0,39,2,2
299,41,0,39,2,2
300,41,0,39,2,2
301,41,0,39,2,2
302,42,1,40,2,2
303,42,0,40,2,2
304,42,0,40,2,2
305,42,0,40,2,2
306,42,0,40,2,2
307,43,1,41,2,2
308,43,0,41,2,2
309,43,0,41,2,2
310,43,0,41,2,2
311,43,0,41,2,2
312,44,1,42,2,2
313,44,0,42,2,2
314,44,0,42,2,2
315,44,0,42,2,2
316,44,0,42,2,2
317,45,1,43,2,2
318,45,0,43,2,2
319,45,0,43,2,2
320,45,0,43,2,2
321,45,0,43,2,2
322,46,1,44,2,2
323,46,0,44,2,2
324,46,0,44,2,2
325,46,0,44,2,2
326,46,0,44,2,2
327,47,1,45,2,2
328,47,0,45,2,2
329,47,0,45,2,2
330,47,0,45,2,2
331,47,0,45,2,2
332,48,1,46,2,2
333,48,0,46,2,2
334,48,0,46,2,2
335,48,0,46,2,2
336,48,0,46,2,2
337,49,1,47,2,2
338,49,0,47,2,2
339,49,0,47,2,2
340,49,0,47,2,2
341,49,0,47,2,2
342,50,1,48,2,2
343,50,0,48,2,2
344,50,0,48,2,2
345,50,0,48,2,2
346,50,0,48,2,2
347,51,1,49,2,2
348,51,0,49,2,2
349,51,0,49,2,2
350,51,0,49,2,2
351,51,0,49,2,2
352,52,1,50,2,2
353,52,0,50,2,2
354,52,0,50,2,2
355,52,0,50,2,2
356,52,0,50,2,2
357,53,1,51,2,2
358,53,0,51,2,2
359,53,0,51,2,2
360,53,0,51,2,2
361,53,0,51,2,2
362,54,1,52,2,2
363,54,0,52,2,2
364,54,0,52,2,2
365,54,0,52,2,2
366,54,0,52,2,2
367,55,1,53,2,2
368,55,0,53,2,2
369,55,0,53,2,2
370,55,0,53,2,2
371,55,0,53,2,2
372,56,1,54,2,2
373,56,0,54,2,2
374,56,0,54,2,2
375,56,0,54,2,2
376,56,0,54,2,2
377,57,1,54,2,2
378,57,0,54,2,2
379,57,0,54,2,2
380,57,0,54,2,2
381,57,0,54,2,2
382,58,1,55,2,2
383,58,0,55,2,2
384,58,0,55,2,2
385,58,0,55,2,2
386,58,0,55,2,2
387,59,1,56,2,2
388,59,0,56,2,2
389,59,0,56,2,2
390,59,0,56,2,2
391,59,0,56,2,2
392,60,1,57,2,2
393,60,0,57,2,2
394,60,0,57,2,2
395,60,0,57,2,2
396,60,0,57,2,2
397,61,1,58,2,2
398,61,0,58,2,2
399,61,0,58,2,2
400,61,0,58,2,2
401,61,0,58,2,2
402,62,1,59,2,2
403,62,0,59,2,2
404,62,0,59,2,2
405,62,0,59,2,2
406,62,0,59,2,2
407,63,1,60,2,2
408,63,0,60,2,2
409,63,0,60,2,2
410,63,0,60,2,2
411,63,0,60,2,2
412,64,1,61,2,2
413,64,0,61,2,2
414,64,0,61,2,2
415,64,0,61,2,2
416,64,0,61,2,2
417,65,1,62,2,2
418,65,0,62,2,2
419,65,0,62,2,2
420,65,0,62,2,2
421,65,0,62,2,2
422,66,1,63,2,2
423,66,0,63,2,2
424,66,0,63,2,2
425,66,0,63,2,2
426,66,0,63,2,2
427,67,1,64,2,2
428,67,0,64,2,2
429,67,0,64,2,2
430,67,0,64,2,2
431,67,0,64,2,2
432,68,1,65,2,2
433,68,0,65,2,2
434,68,0,65,2,2
435,68,0,65,2,2
436,68,0,65,2,2
437,69,1,66,2,2
438,69,0,66,2,2
439,69,0,66,2,2
440,69,0,66,2,2
441,69,0,66,2,2
442,70,1,67,2,2
443,70,0,67,2,2
444,70,0,67,2,2
445,70,0,67,2,2
446,70,0,67,2,2
447,71,1,68,2,2
448,71,0,68,2,2
449,71,0,68,2,2
450,71,0,68,2,2
451,71,0,68,2,2
452,72,1,69,2,2
453,72,0,69,2,2
454,72,0,69,2,2
455,72,0,69,2,2
456,72,0,69,2,2
457,73,1,69,2,2
458,73,0,69,2,2
459,73,0,69,2,2
460,73,0,69,2,2
461,73,0,69,2,2
462,74,1,70,2,2
463,74,0,70,2,2
464,74,0,70,2,2
465,74,0,70,2,2
466,74,0,70,2,2
467,75,1,71,2,2
468,75,0,71,2,2
469,75,0,71,2,2
470,75,0,71,2,2
471,75,0,71,2,2
472,76,1,72,2,2
473,76,0,72,2,2
474,76,0,72,2,2
475,76,0,72,2,2
476,76,0,72,2,2
477,77,1,73,2,2
478,77,0,73,2,2
479,77,0,73,2,2
480,77,0,73,2,2
481,77,0,73,2,2
482,78,1,74,2,2
483,78,0,74,2,2
484,78,0,74,2,2
485,78,0,74,2,2
486,78,0,74,2,2
487,79,1,75,2,2
488,79,0,75,2,2
489,79,0,75,2,2
490,79,0,75,2,2
491,79,0,75,2,2
492,80,1,76,2,2
493,80,0,76,2,2
494,80,0,76,2,2
495,80,0,76,2,2
496,80,0,76,2,2
497,81,1,77,2,2
498,81,0,77,2,2
499,81,0,77,2,2
500,81,0,77,2,2
501,81,0,77,2,2
502,82,1,78,2,2
503,82,0,78,2,2
504,82,0,78,2,2
505,82,0,78,2,2
506,82,0,78,2,2
507,83,1,79,2,2
508,83,0,79,2,2
509,83,0,79,2,2
510,83,0,79,2,2
511,83,0,79,2,2
512,84,1,80,2,2
513,84,0,80,2,2
514,84,0,80,2,2
515,84,0,80,2,2
516,84,0,80,2,2
517,85,1,81,2,2
518,85,0,81,2,2
519,85,0,81,2,2
520,85,0,81,2,2
521,85,0,81,2,2
522,86,1,82,2,2
523,86,0,82,2,2
524,86,0,82,2,2
525,86,0,82,2,2
526,86,0,82,2,2
527,87,1,83,2,2
528,87,0,83,2,2
529,87,0,83,2,2
530,87,0,83,2,2
531,87,0,83,2,2
532,88,1,84,2,2
533,88,0,84,2,2
534,88,0,84,2,2
535,88,0,84,2,2
536,88,0,84,2,2
537,89,1,84,2,2
538,89,0,84,2,2
539,89,0,84,2,2
540,89,0,84,2,2
541,89,0,84,2,2
542,90,1,85,2,2
543,90,0,85,2,2
544,90,0,85,2,2
545,90,0,85,2,2
546,90,0,85,2,2
547,91,1,86,2,2
548,91,0,86,2,2
549,91,0,86,2,2
550,91,0,86,2,2
551,91,0,86,2,2
552,92,1,87,2,2
553,92,0,87,2,2
554,92,0,87,2,2
555,92,0,87,2,2
556,92,0,87,2,2
557,93,1,88,2,2
558,93,0,88,2,2
559,93,0,88,2,2
560,93,0,88,2,2
561,93,0,88,2,2
562,94,1,89,2,2
563,94,0,89,2,2
564,94,0,89,2,2
565,94,0,89,2,2
566,94,0,89,2,2
567,95,1,90,2,2
568,95,0,90,2,2
569,95,0,90,2,2
570,95,0,90,2,2
571,95,0,90,2,2
572,96,1,91,2,2
573,96,0,91,2,2
574,96,0,91,2,2
575,96,0,91,2,2
576,96,0,91,2,2
577,97,1,92,2,2
578,97,0,92,2,2
579,97,0,92,2,2
580,97,0,92,2,2
581,97,0,92,2,2
582,98,1,93,2,2
583,98,0,93,2,2
584,98,0,93,2,2
585,98,0,93,2,2
586,98,0,93,2,2
587,99,1,94,2,2
588,99,0,94,2,2
589,99,0,94,2,2
590,99,0,94,2,2
591,99,0,94,2,2
592,100,1,95,2,2
593,100,0,95,2,2
594,100,0,95,2,2
595,100,0,95,2,2
596,100,0,95,2,2
597,101,1,96,2,2
598,101,0,96,2,2
599,101,0,96,2,2
600,101,0,96,2,2
601,101,0,96,2,2
602,102,1,97,2,2
603,102,0,97,2,2
604,102,0,97,2,2
605,102,0,97,2,2
606,102,0,97,2,2
607,103,1,98,2,2
608,103,0,98,2,2
609,103,0,98,2,2
610,103,0,98,2,2
611,103,0,98,2,2
612,104,1,99,2,2
613,104,0,99,2,2
614,104,0,99,2,2
615,104,0,99,2,2
616,104,0,99,2,2
617,105,1,99,2,2
618,105,0,99,2,2
619,105,0,99,2,2
620,105,0,99,2,2
621,105,0,99,2,2
622,105,0,99,2,2
623,106,1,100,2,2
624,106,0,100,2,2
625,106,0,100,2,2
626,106,0,100,2,2
627,106,0,100,2,2
628,107,1,102,2,2
629,107,0,102,2,2
630,107,0,102,2,2
631,107,0,102,2,2
632,107,0,102,2,2
633,108,1,102,2,2
634,108,0,102,2,2
635,108,0,102,2,2
636,108,0,102,2,2
637,108,0,102,2,2
638,108,0,102,2,2
639,109,1,103,2,2
640,109,0,103,2,2
641,109,0,103,2,2
642,109,0,103,2,2
643,109,0,103,2,2
644,110,1,105,2,2
645,110,0,105,2,2
646,110,0,105,2,2
647,110,0,105,2,2
648,110,0,105,2,2
649,111,1,105,2,2
650,111,0,105,2,2
651,111,0,105,2,2
652,111,0,105,2,2
653,111,0,105,2,2
654,112,1,106,2,2
655,112,0,106,2,2
656,112,0,106,2,2
657,112,0,106,2,2
658,112,0,106,2,2
659,112,0,106,2,2
660,113,1,107,2,2
661,113,0,107,2,2
662,113,0,107,2,2
663,113,0,107,2,2
664,113,0,107,2,2
665,114,1,108,2,2
666,114,0,108,2,2
667,114,0,108,2,2
668,114,0,108,2,2
669,114,0,108,2,2
670,115,1,109,2,2
671,115,0,109,2,2
672,115,0,109,2,2
673,115,0,109,2,2
674,115,0,109,2,2
675,116,1,110,2,2
676,116,0,110,2,2
677,116,0,110,2,2
678,116,0,110,2,2
679,116,0,110,2,2
680,117,1,111,2,2
681,117,0,111,2,2
682,117,0,111,2,2
683,117,0,111,2,2
684,117,0,111,2,2
685,118,1,112,2,2
686,118,0,112,2,2
687,118,0,112,2,2
688,118,0,112,2,2
689,118,0,112,2,2
690,119,1,113,2,2
691,119,0,113,2,2
692,119,0,113,2,2
693,119,0,113,2,2
694,119,0,113,2,2
695,119,0,113,2,2
696,120,1,114,2,2
697,120,0,114,2,2
698,120,0,114,2,2
699,120,0,114,2,2
700,120,0,114,2,2
701,121,1,115,2,2
702,121,0,115,2,2
703,121,0,115,2,2
704,121,0,115,2,2
705,121,0,115,2,2
706,122,1,116,2,2
707,122,0,116,2,2
708,122,0,116,2,2
709,122,0,116,2,2
710,122,0,116,2,2
711,123,1,117,2,2
712,123,0,117,2,2
713,123,0,117,2,2
714,123,0,117,2,2
715,123,0,117,2,2
716,124,1,118,2,2
717,124,0,118,2,2
718,124,0,118,2,2
719,124,0,118,2,2
720,124,0,118,2,2
721,125,1,119,2,2
722,125,0,119,2,2
723,125,0,119,2,2
724,125,0,119,2,2
725,125,0,119,2,2
726,126,1,120,2,2
727,126,0,120,2,2
728,126,0,120,2,2
729,126,0,120,2,2
730,126,0,120,2,2
731,127,1,121,2,2
732,127,0,121,2,2
733,127,0,121,2,2
734,127,0,121,2,2
735,127,0,121,2,2
736,128,1,122,2,2
737,128,0,122,2,2
738,128,0,122,2,2
739,128,0,122,2,2
740,128,0,122,2,2
741,129,1,123,2,2
742,129,0,123,2,2
743,129,0,123,2,2
744,129,0,123,2,2
745,129,0,123,2,2
746,129,0,123,2,2
747,130,1,124,2,2
748,130,0,124,2,2
749,130,0,124,2,2
750,130,0,124,2,2
751,130,0,124,2,2
752,131,1,125,2,2
753,131,0,125,2,2
754,131,0,125,2,2
755,131,0,125,2,2
756,131,0,125,2,2
757,132,1,126,2,2
758,132,0,126,2,2
759,132,0,126,2,2
760,132,0,126,2,2
761,132,0,126,2,2
762,133,1,126,2,2
763,133,0,126,2,2
764,133,0,126,2,2
765,133,0,126,2,2
766,133,0,126,2,2
767,134,1,127,2,2
768,134,0,127,2,2
769,134,0,127,2,2
770,134,0,127,2,2
771,134,0,127,2,2
772,134,0,127,2,2
773,135,1,128,2,2
774,135,0,128,2,2
775,135,0,128,2,2
776,135,0,128,2,2
777,135,0,128,2,2
778,136,1,129,2,2
779,136,0,129,2,2
780,136,0,129,2,2
781,136,0,129,2,2
782,136,0,129,2,2
783,137,1,130,2,2
784,137,0,130,2,2
785,137,0,130,2,2
786,137,0,130,2,2
787,137,0,130,2,2
788,138,1,131,2,2
789,138,0,131,2,2
790,138,0,131,2,2
791,138,0,131,2,2
792,138,0,131,2,2
793,139,1,132,2,2
794,139,0,132,2,2
795,139,0,132,2,2
796,139,0,132,2,2
797,139,0,132,2,2
798,140,1,133,2,2
799,140,0,133,2,2
800,140,0,133,2,2
801,140,0,133,2,2
802,140,0,133,2,2
803,141,1,134,2,2
804,141,0,134,2,2
805,141,0,134,2,2
806,141,0,134,2,2
807,141,0,134,2,2
808,142,1,135,2,2
809,142,0,135,2,2
810,142,0,135,2,2
811,142,0,135,2,2
812,142,0,135,2,2
813,143,1,136,2,2
814,143,0,136,2,2
815,143,0,136,2,2
816,143,0,136,2,2
817,143,0,136,2,2
818,144,1,137,2,2
819,144,0,137,2,2
820,144,0,137,2,2
821,144,0,137,2,2
822,144,0,137,2,2
823,145,1,138,2,2
824,145,0,138,2,2
825,145,0,138,2,2
826,145,0,138,2,2
827,145,0,138,2,2
828,146,1,139,2,2
829,146,0,139,2,2
830,146,0,139,2,2
831,146,0,139,2,2
832,146,0,139,2,2
833,147,1,140,2,2
834,147,0,140,2,2
835,147,0,140,2,2
836,147,0,140,2,2
837,147,0,140,2,2
838,148,1,141,2,2
839,148,0,141,2,2
840,148,0,141,2,2
841,148,0,141,2,2
842,148,0,141,2,2
843,149,1,142,2,2
844,149,0,142,2,2
845,149,0,142,2,2
846,149,0,142,2,2
847,149,0,142,2,2
848,150,1,143,2,2
849,150,0,143,2,2
850,150,0,143,2,2
851,150,0,143,2,2
852,151,1,144,2,2
853,151,0,144,2,2
854,151,0,144,2,2
855,151,0,144,2,2
856,151,0,144,2,2
857,152,1,144,2,2
858,152,0,144,2,2
859,152,0,144,2,2
860,152,0,144,2,2
861,152,0,144,2,2
862,153,1,145,2,2
863,153,0,145,2,2
864,153,0,145,2,2
865,153,0,145,2,2
866,153,0,145,2,2
867,154,1,146,2,2
868,154,0,146,2,2
869,154,0,146,2,2
870,154,0,146,2,2
871,154,0,146,2,2
872,155,1,147,2,2
873,155,0,147,2,2
874,155,0,147,2,2
875,155,0,147,2,2
876,155,0,147,2,2
877,156,1,148,2,2
878,156,0,148,2,2
879,156,0,148,2,2
880,156,0,148,2,2
881,157,1,149,2,2
882,157,0,149,2,2
883,157,0,149,2,2
884,157,0,149,2,2
885,157,0,149,2,2
886,158,1,150,2,2
887,158,0,150,2,2
888,158,0,150,2,2
889,158,0,150,2,2
890,158,0,150,2,2
891,159,1,151,2,2
892,159,0,151,2,2
893,159,0,151,2,2
894,159,0,151,2,2
895,160,1,152,2,2
896,160,0,152,2,2
897,160,0,152,2,2
898,160,0,152,2,2
899,160,0,152,2,2
900,161,1,152,2,2
901,161,0,152,2,2
902,161,0,152,2,2
903,161,0,152,2,2
904,161,0,152,2,2
905,162,1,153,2,2
906,162,0,153,2,2
907,162,0,153,2,2
908,162,0,153,2,2
909,163,1,154,2,2
910,163,0,154,2,2
911,163,0,154,2,2
912,163,0,154,2,2
913,163,0,154,2,2
914,164,1,155,2,2
915,164,0,155,2,2
916,164,0,155,2,2
917,164,0,155,2,2
918,164,0,155,2,2
919,165,1,156,2,2
920,165,0,156,2,2
921,165,0,156,2,2
922,165,0,156,2,2
923,166,1,157,2,2
924,166,0,157,2,2
925,166,0,157,2,2
926,166,0,157,2,2
927,166,0,157,2,2
928,167,1,158,2,2
929,167,0,158,2,2
930,167,0,158,2,2
931,167,0,158,2,2
932,168,1,159,2,2
933,168,0,159,2,2
934,168,0,159,2,2
935,168,0,159,2,2
936,168,0,159,2,2
937,169,1,159,2,2
938,169,0,159,2,2
939,169,0,159,2,2
940,169,0,159,2,2
941,170,1,160,2,2
942,170,0,160,2,2
943,170,0,160,2,2
944,170,0,160,2,2
945,170,0,160,2,2
946,171,1,161,2,2
947,171,0,161,2,2
948,171,0,161,2,2
949,171,0,161,2,2
950,172,1,162,2,2
951,172,0,162,2,2
952,172,0,162,2,2
953,172,0,162,2,2
954,173,1,163,2,2
955,173,0,163,2,2
956,173,0,163,2,2
957,173,0,163,2,2
958,173,0,163,2,2
959,174,1,163,2,2
960,174,0,163,2,2
961,174,0,163,2,2
962,174,0,163,2,2
963,175,1,164,2,2
964,175,0,164,2,2
965,175,0,164,2,2
966,175,0,164,2,2
967,176,1,165,2,2
968,176,0,165,2,2
969,176,0,165,2,2
970,176,0,165,2,2
971,176,0,165,2,2
972,177,1,166,2,2
973,177,0,166,2,2
974,177,0,166,2,2
975,177,0,166,2,2
976,178,1,167,2,2
977,178,0,167,2,2
978,178,0,167,2,2
979,178,0,167,2,2
980,179,1,168,2,2
981,179,0,168,2,2
982,179,0,168,2,2
983,179,0,168,2,2
984,180,1,168,2,2
985,180,0,168,2,2
986,180,0,168,2,2
987,180,0,168,2,2
988,181,1,169,2,2
989,181,0,169,2,2
990,181,0,169,2,2
991,181,0,169,2,2
992,182,1,170,2,2
993,182,0,170,2,2
994,182,0,170,2,2
995,182,0,170,2,2
996,183,1,171,2,2
997,183,0,171,2,2
998,183,0,171,2,2
999,183,0,171,2,2
1000,184,1,171,2,2
1001,184,0,171,2,2
1002,184,0,171,2,2
1003,184,0,171,2,2
1004,185,1,172,2,2
1005,185,0,172,2,2
1006,185,0,172,2,2
1007,185,0,172,2,2
1008,186,1,173,2,2
1009,186,0,173,2,2
1010,186,0,173,2,2
1011,186,0,173,2,2
1012,187,1,174,2,2
1013,187,0,174,2,2
1014,187,0,174,2,2
1015,187,0,174,2,2
1016,188,1,174,2,2
1017,188,0,174,2,2
1018,188,0,174,2,2
1019,188,0,174,2,2
1020,189,1,175,2,2
1021,189,0,175,2,2
1022,189,0,175,2,2
1023,189,0,175,2,2
1024,190,1,176,2,2
1025,190,0,176,2,2
1026,190,0,176,2,2
1027,190,0,176,2,2
1028,191,1,177,2,2
1029,191,0,177,2,2
1030,191,0,177,2,2
1031,191,0,177,2,2
1032,192,1,177,2,2
1033,192,0,177,2,2
1034,192,0,177,2,2
1035,192,0,177,2,2
1036,193,1,178,2,2
1037,193,0,178,2,2
1038,193,0,178,2,2
1039,193,0,178,2,2
1040,194,1,179,2,2
1041,194,0,179,2,2
1042,194,0,179,2,2
1043,194,0,179,2,2
1044,195,1,180,2,2
1045,195,0,180,2,2
1046,195,0,180,2,2
1047,195,0,180,2,2
1048,196,1,180,2,2
1049,196,0,180,2,2
1050,196,0,180,2,2
1051,196,0,180,2,2
1052,197,1,181,2,2
1053,197,0,181,2,2
1054,197,0,181,2,2
1055,197,0,181,2,2
1056,198,1,182,2,2
1057,198,0,182,2,2
1058,198,0,182,2,2
1059,198,0,182,2,2
1060,199,1,183,2,2
1061,199,0,183,2,2
1062,199,0,183,2,2
1063,199,0,183,2,2
1064,200,1,183,2,2
1065,200,0,183,2,2
1066,200,0,183,2,2
1067,200,0,183,2,2
1068,201,1,184,2,2
1069,201,0,184,2,2
1070,201,0,184,2,2
1071,201,0,184,2,2
1072,202,1,185,2,2
1073,202,0,185,2,2
1074,202,0,185,2,2
1075,202,0,185,2,2
1076,202,0,185,2,2
1077,203,1,186,2,2
1078,203,0,186,2,2
1079,203,0,186,2,2
1080,203,0,186,2,2
1081,204,1,186,2,2
1082,204,0,186,2,2
1083,204,0,186,2,2
1084,204,0,186,2,2
1085,205,1,187,2,2
1086,205,0,187,2,2
1087,205,0,187,2,2
1088,205,0,187,2,2
1089,206,1,188,2,2
1090,206,0,188,2,2
1091,206,0,188,2,2
1092,206,0,188,2,2
1093,206,0,188,2,2
1094,207,1,189,2,2
1095,207,0,189,2,2
1096,207,0,189,2,2
1097,207,0,189,2,2
1098,208,1,190,2,2
1099,208,0,190,2,2
1100,208,0,190,2,2
1101,208,0,190,2,2
1102,209,1,190,2,2
1103,209,0,190,2,2
1104,209,0,190,2,2
1105,209,0,190,2,2
1106,209,0,190,2,2
1107,210,1,191,2,2
1108,210,0,191,2,2
1109,210,0,191,2,2
1110,210,0,191,2,2
1111,211,1,192,2,2
1112,211,0,192,2,2
1113,211,0,192,2,2
1114,211,0,192,2,2
1115,212,1,193,2,2
1116,212,0,193,2,2
1117,212,0,193,2,2
1118,212,0,193,2,2
1119,212,0,193,2,2
1120,213,1,194,2,2
1121,213,0,194,2,2
1122,213,0,194,2,2
1123,213,0,194,2,2
1124,214,1,195,2,2
1125,214,0,195,2,2
1126,214,0,195,2,2
1127,214,0,195,2,2
1128,215,1,195,2,2
1129,215,0,195,2,2
1130,215,0,195,2,2
1131,215,0,195,2,2
1132,215,0,195,2,2
1133,216,1,196,2,2
1134,216,0,196,2,2
1135,216,0,196,2,2
1136,216,0,196,2,2
1137,217,1,197,2,2
1138,217,0,197,2,2
1139,217,0,197,2,2
1140,217,0,197,2,2
1141,217,0,197,2,2
1142,218,1,198,2,2
1143,218,0,198,2,2
1144,218,0,198,2,2
1145,218,0,198,2,2
1146,219,1,199,2,2
1147,219,0,199,2,2
1148,219,0,199,2,2
1149,219,0,199,2,2
1150,219,0,199,2,2
1151,220,1,199,2,2
1152,220,0,199,2,2
1153,220,0,199,2,2
1154,220,0,199,2,2
1155,221,1,200,2,2
1156,221,0,200,2,2
1157,221,0,200,2,2
1158,221,0,200,2,2
1159,221,0,200,2,2
1160,222,1,201,2,2
1161,222,0,201,2,2
1162,222,0,201,2,2
1163,222,0,201,2,2
1164,223,1,202,2,2
1165,223,0,202,2,2
1166,223,0,202,2,2
1167,223,0,202,2,2
1168,223,0,202,2,2
1169,224,1,203,2,2
1170,224,0,203,2,2
1171,224,0,203,2,2
1172,224,0,203,2,2
1173,225,1,204,2,2
1174,225,0,204,2,2
1175,225,0,204,2,2
1176,225,0,204,2,2
1177,225,0,204,2,2
1178,226,1,204,2,2
1179,226,0,204,2,2
1180,226,0,204,2,2
1181,226,0,204,2,2
1182,227,1,205,2,2
1183,227,0,205,2,2
1184,227,0,205,2,2
1185,227,0,205,2,2
1186,227,0,205,2,2
1187,228,1,206,2,2
1188,228,0,206,2,2
1189,228,0,206,2,2
1190,228,0,206,2,2
1191,229,1,207,2,2
1192,229,0,207,2,2
1193,229,0,207,2,2
1194,229,0,207,2,2
1195,229,0,207,2,2
1196,230,1,208,2,2
1197,230,0,208,2,2
1198,230,0,208,2,2
1199,230,0,208,2,2
1200,231,1,209,2,2
1201,231,0,209,2,2
1202,231,0,209,2,2
1203,231,0,209,2,2
1204,231,0,209,2,2
1205,232,1,210,2,2
1206,232,0,210,2,2
1207,232,0,210,2,2
1208,232,0,210,2,2
1209,233,1,210,2,2
1210,233,0,210,2,2
1211,233,0,210,2,2
1212,233,0,210,2,2
1213,233,0,210,2,2
1214,234,1,211,2,2
1215,234,0,211,2,2
1216,234,0,211,2,2
1217,234,0,211,2,2
1218,235,1,212,2,2
1219,235,0,212,2,2
1220,235,0,212,2,2
1221,235,0,212,2,2
1222,235,0,212,2,2
1223,236,1,213,2,2
1224,236,0,213,2,2
1225,236,0,213,2,2
1226,236,0,213,2,2
1227,237,1,214,2,2
1228,237,0,214,2,2
1229,237,0,214,2,2
1230,237,0,214,2,2
1231,237,0,214,2,2
1232,238,1,215,2,2
1233,238,0,215,2,2
1234,238,0,215,2,2
1235,238,0,215,2,2
1236,239,1,216,2,2
1237,239,0,216,2,2
1238,239,0,216,2,2
1239,239,0,216,2,2
1240,240,1,216,2,2
1241,240,0,216,2,2
1242,240,0,216,2,2
1243,240,0,216,2,2
1244,240,0,216,2,2
1245,241,1,217,2,2
1246,241,0,217,2,2
1247,241,0,217,2,2
1248,241,0,217,2,2
1249,242,1,218,2,2
1250,242,0,218,2,2
1251,242,0,218,2,2
1252,242,0,218,2,2
1253,242,0,218,2,2
1254,243,1,219,2,2
1255,243,0,219,2,2
1256,243,0,219,2,2
1257,243,0,219,2,2
1258,244,1,220,2,2
1259,244,0,220,2,2
1260,244,0,220,2,2
1261,244,0,220,2,2
1262,244,0,220,2,2
1263,245,1,220,2,2
1264,245,0,220,2,2
1265,245,0,220,2,2
1266,245,0,220,2,2
1267,246,1,221,2,2
1268,246,0,221,2,2
1269,246,0,221,2,2
1270,246,0,221,2,2
1271,246,0,221,2,2
1272,247,1,222,2,2
1273,247,0,222,2,2
1274,247,0,222,2,2
1275,247,0,222,2,2
1276,248,1,223,2,2
1277,248,0,223,2,2
1278,248,0,223,2,2
1279,248,0,223,2,2
1280,248,0,223,2,2
1281,249,1,224,2,2
1282,249,0,224,2,2
1283,249,0,224,2,2
1284,249,0,224,2,2
1285,250,1,225,2,2
1286,250,0,225,2,2
1287,250,0,225,2,2
1288,250,0,225,2,2
1289,251,1,225,2,2
1290,251,0,225,2,2
1291,251,0,225,2,2
1292,251,0,225,2,2
1293,251,0,225,2,2
1294,252,1,226,2,2
1295,252,0,226,2,2
1296,252,0,226,2,2
1297,252,0,226,2,2
1298,253,1,227,2,2
1299,253,0,227,2,2
1300,253,0,227,2,2
1301,253,0,227,2,2
1302,253,0,227,2,2
1303,254,1,228,2,2
1304,254,0,228,2,2
1305,254,0,228,2,2
1306,254,0,228,2,2
1307,255,1,229,2,2
1308,255,0,229,2,2
1309,255,0,229,2,2
1310,255,0,229,2,2
1311,255,0,229,2,2
1312,256,1,230,2,2
1313,256,0,230,2,2
1314,256,0,230,2,2
1315,256,0,230,2,2
1316,257,1,231,2,2
1317,257,0,231,2,2
1318,257,0,231,2,2
1319,257,0,231,2,2
1320,258,1,231,2,2
1321,258,0,231,2,2
1322,258,0,231,2,2
1323,258,0,231,2,2
1324,259,1,232,2,2
1325,259,0,232,2,2
1326,259,0,232,2,2
1327,259,0,232,2,2
1328,259,0,232,2,2
1329,260,1,233,2,2
1330,260,0,233,2,2
1331,260,0,233,2,2
1332,260,0,233,2,2
1333,261,1,234,2,2
1334,261,0,234,2,2
1335,261,0,234,2,2
1336,261,0,234,2,2
1337,262,1,234,2,2
1338,262,0,234,2,2
1339,262,0,234,2,2
1340,262,0,234,2,2
1341,262,0,234,2,2
1342,263,1,235,2,2
1343,263,0,235,2,2
1344,263,0,235,2,2
1345,263,0,235,2,2
1346,264,1,236,2,2
1347,264,0,236,2,2
1348,264,0,236,2,2
1349,264,0,236,2,2
1350,265,1,237,2,2
1351,265,0,237,2,2
1352,265,0,237,2,2
1353,265,0,237,2,2
1354,266,1,238,2,2
1355,266,0,238,2,2
1356,266,0,238,2,2
1357,266,0,238,2,2
1358,267,1,238,2,2
1359,267,0,238,2,2
1360,267,0,238,2,2
1361,267,0,238,2,2
1362,268,1,239,2,2
1363,268,0,239,2,2
1364,268,0,239,2,2
1365,268,0,239,2,2
1366,269,1,240,2,2
1367,269,0,240,2,2
1368,269,0,240,2,2
1369,269,0,240,2,2
1370,270,1,241,2,2
1371,270,0,241,2,2
1372,270,0,241,2,2
1373,270,0,241,2,2
1374,271,1,241,2,2
1375,271,0,241,2,2
1376,271,0,241,2,2
1377,271,0,241,2,2
1378,272,1,242,2,2
1379,272,0,242,2,2
1380,272,0,242,2,2
1381,272,0,242,2,2
1382,273,1,243,2,2
1383,273,0,243,2,2
1384,273,0,243,2,2
1385,273,0,243,2,2
1386,274,1,244,2,2
1387,274,0,244,2,2
1388,274,0,244,2,2
1389,274,0,244,2,2
1390,275,1,244,2,2
1391,275,0,244,2,2
1392,275,0,244,2,2
1393,275,0,244,2,2
1394,276,1,245,2,2
1395,276,0,245,2,2
1396,276,0,245,2,2
1397,276,0,245,2,2
1398,277,1,246,2,2
1399,277,0,246,2,2
1400,277,0,246,2,2
1401,277,0,246,2,2
1402,278,1,247,2,2
1403,278,0,247,2,2
1404,278,0,247,2,2
1405,278,0,247,2,2
1406,279,1,247,2,2
1407,279,0,247,2,2
1408,279,0,247,2,2
1409,279,0,247,2,2
1410,280,1,248,2,2
1411,280,0,248,2,2
1412,280,0,248,2,2
1413,280,0,248,2,2
1414,281,1,249,2,2
1415,281,0,249,2,2
1416,281,0,249,2,2
1417,281,0,249,2,2
1418,282,1,250,2,2
1419,282,0,250,2,2
1420,282,0,250,2,2
1421,282,0,250,2,2
1422,283,1,250,2,2
1423,283,0,250,2,2
1424,283,0,250,2,2
1425,283,0,250,2,2
1426,284,1,251,2,2
1427,284,0,251,2,2
1428,284,0,251,2,2
1429,284,0,251,2,2
1430,285,1,252,2,2
1431,285,0,252,2,2
1432,285,0,252,2,2
1433,285,0,252,2,2
1434,286,1,253,2,2
1435,286,0,253,2,2
1436,286,0,253,2,2
1437,286,0,253,2,2
1438,287,1,253,2,2
1439,287,0,253,2,2
1440,287,0,253,2,2
1441,287,0,253,2,2
1442,288,1,254,2,2
1443,288,0,254,2,2
1444,288,0,254,2,2
1445,288,0,254,2,2
1446,289,1,255,2,2
1447,289,0,255,2,2
1448,289,0,255,2,2
1449,289,0,255,2,2
1450,290,1,256,2,2
1451,290,0,256,2,2
1452,290,0,256,2,2
1453,290,0,256,2,2
1454,291,1,256,2,2
1455,291,0,256,2,2
1456,291,0,256,2,2
1457,291,0,256,2,2
1458,292,1,257,2,2
1459,292,0,257,2,2
1460,292,0,257,2,2
1461,292,0,257,2,2
1462,293,1,258,2,2
1463,293,0,258,2,2
1464,293,0,258,2,2
1465,293,0,258,2,2
1466,294,1,259,2,2
1467,294,0,259,2,2
1468,294,0,259,2,2
1469,294,0,259,2,2
1470,295,1,259,2,2
1471,295,0,259,2,2
1472,295,0,259,2,2
1473,295,0,259,2,2
1474,296,1,260,2,2
1475,296,0,260,2,2
1476,296,0,260,2,2
1477,296,0,260,2,2
1478,296,0,260,2,2
1479,297,1,261,2,2
1480,297,0,261,2,2
1481,297,0,261,2,2
1482,297,0,261,2,2
1483,298,1,262,2,2
1484,298,0,262,2,2
1485,298,0,262,2,2
1486,298,0,262,2,2
1487,299,1,263,2,2
1488,299,0,263,2,2
1489,299,0,263,2,2
1490,299,0,263,2,2
1491,299,0,263,2,2
1492,300,1,263,2,2
1493,300,0,263,2,2
1494,300,0,263,2,2
1495,300,0,263,2,2
1496,301,1,264,2,2
1497,301,0,264,2,2
1498,301,0,264,2,2
1499,301,0,264,2,2
1500,302,1,265,2,2
1501,302,0,265,2,2
1502,302,0,265,2,2
1503,302,0,265,2,2
1504,303,1,266,2,2
1505,303,0,266,2,2
1506,303,0,266,2,2
1507,303,0,266,2,2
1508,303,0,266,2,2
1509,304,1,267,2,2
1510,304,0,267,2,2
1511,304,0,267,2,2
1512,304,0,267,2,2
1513,305,1,267,2,2
1514,305,0,267,2,2
1515,305,0,267,2,2
1516,305,0,267,2,2
1517,306,1,268,2,2
1518,306,0,268,2,2
1519,306,0,268,2,2
1520,306,0,268,2,2
1521,306,0,268,2,2
1522,307,1,269,2,2
1523,307,0,269,2,2
1524,307,0,269,2,2
1525,307,0,269,2,2
1526,308,1,270,2,2
1527,308,0,270,2,2
1528,308,0,270,2,2
1529,308,0,270,2,2
1530,309,1,271,2,2
1531,309,0,271,2,2
1532,309,0,271,2,2
1533,309,0,271,2,2
1534,310,1,271,2,2
1535,310,0,271,2,2
1536,310,0,271,2,2
1537,310,0,271,2,2
1538,310,0,271,2,2
1539,311,1,272,2,2
1540,311,0,272,2,2
1541,311,0,272,2,2
1542,311,0,272,2,2
1543,312,1,273,2,2
1544,312,0,273,2,2
1545,312,0,273,2,2
1546,312,0,273,2,2
1547,313,1,274,2,2
1548,313,0,274,2,2
1549,313,0,274,2,2
1550,313,0,274,2,2
1551,313,0,274,2,2
1552,314,1,275,2,2
1553,314,0,275,2,2
1554,314,0,275,2,2
1555,314,0,275,2,2
1556,315,1,276,2,2
1557,315,0,276,2,2
1558,315,0,276,2,2
1559,315,0,276,2,2
1560,316,1,276,2,2
1561,316,0,276,2,2
1562,316,0,276,2,2
1563,316,0,276,2,2
1564,317,1,277,2,2
1565,317,0,277,2,2
1566,317,0,277,2,2
1567,317,0,277,2,2
1568,317,0,277,2,2
1569,318,1,278,2,2
1570,318,0,278,2,2
1571,318,0,278,2,2
1572,318,0,278,2,2
1573,319,1,279,2,2
1574,319,0,279,2,2
1575,319,0,279,2,2
1576,319,0,279,2,2
1577,319,0,279,2,2
1578,320,1,279,2,2
1579,320,0,279,2,2
1580,320,0,279,2,2
1581,320,0,279,2,2
1582,321,1,280,2,2
1583,321,0,280,2,2
1584,321,0,280,2,2
1585,321,0,280,2,2
1586,321,0,280,2,2
1587,322,1,281,2,2
1588,322,0,281,2,2
1589,322,0,281,2,2
1590,322,0,281,2,2
1591,323,1,282,2,2
1592,323,0,282,2,2
1593,323,0,282,2,2
1594,323,0,282,2,2
1595,323,0,282,2,2
1596,324,1,283,2,2
1597,324,0,283,2,2
1598,324,0,283,2,2
1599,324,0,283,2,2
1600,325,1,284,2,2
1601,325,0,284,2,2
1602,325,0,284,2,2
1603,325,0,284,2,2
1604,325,0,284,2,2
1605,326,1,285,2,2
1606,326,0,285,2,2
1607,326,0,285,2,2
1608,326,0,285,2,2
1609,327,1,285,2,2
1610,327,0,285,2,2
1611,327,0,285,2,2
1612,327,0,285,2,2
1613,327,0,285,2,2
1614,328,1,286,2,2
1615,328,0,286,2,2
1616,328,0,286,2,2
1617,328,0,286,2,2
1618,329,1,287,2,2
1619,329,0,287,2,2
1620,329,0,287,2,2
1621,329,0,287,2,2
1622,329,0,287,2,2
1623,330,1,288,2,2
1624,330,0,288,2,2
1625,330,0,288,2,2
1626,330,0,288,2,2
1627,331,1,289,2,2
1628,331,0,289,2,2
1629,331,0,289,2,2
1630,331,0,289,2,2
1631,331,0,289,2,2
1632,332,1,290,2,2
1633,332,0,290,2,2
1634,332,0,290,2,2
1635,332,0,290,2,2
1636,332,0,290,2,2
1637,333,1,291,2,2
1638,333,0,291,2,2
1639,333,0,291,2,2
1640,333,0,291,2,2
1641,334,1,291,2,2
1642,334,0,291,2,2
1643,334,0,291,2,2
1644,334,0,291,2,2
1645,334,0,291,2,2
1646,335,1,292,2,2
1647,335,0,292,2,2
1648,335,0,292,2,2
1649,335,0,292,2,2
1650,336,1,293,2,2
1651,336,0,293,2,2
1652,336,0,293,2,2
1653,336,0,293,2,2
1654,336,0,293,2,2
1655,337,1,294,2,2
1656,337,0,294,2,2
1657,337,0,294,2,2
1658,337,0,294,2,2
1659,337,0,294,2,2
1660,338,1,295,2,2
1661,338,0,295,2,2
1662,338,0,295,2,2
1663,338,0,295,2,2
1664,338,0,295,2,2
1665,339,1,296,2,2
1666,339,0,296,2,2
1667,339,0,296,2,2
1668,339,0,296,2,2
1669,339,0,296,2,2
1670,340,1,297,2,2
1671,340,0,297,2,2
1672,340,0,297,2,2
1673,340,0,297,2,2
1674,341,1,298,2,2
1675,341,0,298,2,2
1676,341,0,298,2,2
1677,341,0,298,2,2
1678,341,0,298,2,2
1679,342,1,299,2,2
1680,342,0,299,2,2
1681,342,0,299,2,2
1682,342,0,299,2,2
1683,342,0,299,2,2
1684,343,1,299,2,2
1685,343,0,299,2,2
1686,343,0,299,2,2
1687,343,0,299,2,2
1688,344,1,300,2,2
1689,344,0,300,2,2
1690,344,0,300,2,2
1691,344,0,300,2,2
1692,344,0,300,2,2
1693,345,1,301,2,2
1694,345,0,301,2,2
1695,345,0,301,2,2
1696,345,0,301,2,2
1697,345,0,301,2,2
1698,346,1,302,2,2
1699,346,0,302,2,2
1700,346,0,302,2,2
1701,346,0,302,2,2
1702,346,0,302,2,2
1703,347,1,303,2,2
1704,347,0,303,2,2
1705,347,0,303,2,2
1706,347,0,303,2,2
1707,347,0,303,2,2
1708,348,1,304,2,2
1709,348,0,304,2,2
1710,348,0,304,2,2
1711,348,0,304,2,2
1712,349,1,305,2,2
1713,349,0,305,2,2
1714,349,0,305,2,2
1715,349,0,305,2,2
1716,349,0,305,2,2
1717,350,1,306,2,2
1718,350,0,306,2,2
1719,350,0,306,2,2
1720,350,0,306,2,2
1721,350,0,306,2,2
1722,351,1,306,2,2
1723,351,0,306,2,2
1724,351,0,306,2,2
1725,351,0,306,2,2
1726,352,1,307,2,2
1727,352,0,307,2,2
1728,352,0,307,2,2
1729,352,0,307,2,2
1730,352,0,307,2,2
1731,353,1,308,2,2
1732,353,0,308,2,2
1733,353,0,308,2,2
1734,353,0,308,2,2
1735,353,0,308,2,2
1736,354,1,309,2,2
1737,354,0,309,2,2
1738,354,0,309,2,2
1739,354,0,309,2,2
1740,355,1,310,2,2
1741,355,0,310,2,2
1742,355,0,310,2,2
1743,355,0,310,2,2
1744,355,0,310,2,2
1745,356,1,311,2,2
1746,356,0,311,2,2
1747,356,0,311,2,2
1748,356,0,311,2,2
1749,356,0,311,2,2
1750,357,1,312,2,2
1751,357,0,312,2,2
1752,357,0,312,2,2
1753,357,0,312,2,2
1754,357,0,312,2,2
1755,358,1,313,2,2
1756,358,0,313,2,2
1757,358,0,313,2,2
1758,358,0,313,2,2
1759,358,0,313,2,2
1760,359,1,314,2,2
1761,359,0,314,2,2
1762,359,0,314,2,2
1763,359,0,314,2,2
1764,359,0,314,2,2
1765,360,1,315,2,2
1766,360,0,315,2,2
1767,360,0,315,2,2
1768,360,0,315,2,2
1769,360,0,315,2,2
1770,361,1,315,2,2
1771,361,0,315,2,2
1772,361,0,315,2,2
1773,361,0,315,2,2
1774,361,0,315,2,2
1775,362,1,316,2,2
1776,362,0,316,2,2
1777,362,0,316,2,2
1778,362,0,316,2,2
1779,362,0,316,2,2
1780,363,1,317,2,2
1781,363,0,317,2,2
1782,363,0,317,2,2
1783,363,0,317,2,2
1784,363,0,317,2,2
1785,364,1,318,2,2
1786,364,0,318,2,2
1787,364,0,318,2,2
1788,364,0,318,2,2
1789,364,0,318,2,2
1790,365,1,319,2,2
1791,365,0,319,2,2
1792,365,0,319,2,2
1793,365,0,319,2,2
1794,365,0,319,2,2
1795,366,1,320,2,2
1796,366,0,320,2,2
1797,366,0,320,2,2
1798,366,0,320,2,2
1799,366,0,320,2,2
1800,367,1,321,2,2
1801,367,0,321,2,2
1802,367,0,321,2,2
1803,367,0,321,2,2
1804,367,0,321,2,2
1805,368,1,322,2,2
1806,368,0,322,2,2
1807,368,0,322,2,2
1808,368,0,322,2,2
1809,368,0,322,2,2
1810,369,1,323,2,2
1811,369,0,323,2,2
1812,369,0,323,2,2
1813,369,0,323,2,2
1814,370,1,324,2,2
1815,370,0,324,2,2
1816,370,0,324,2,2
1817,370,0,324,2,2
1818,370,0,324,2,2
1819,371,1,325,2,2
1820,371,0,325,2,2
1821,371,0,325,2,2
1822,371,0,325,2,2
1823,371,0,325,2,2
1824,372,1,326,2,2
1825,372,0,326,2,2
1826,372,0,326,2,2
1827,372,0,326,2,2
1828,372,0,326,2,2
1829,373,1,327,2,2
1830,373,0,327,2,2
1831,373,0,327,2,2
1832,373,0,327,2,2
1833,373,0,327,2,2
1834,374,1,327,2,2
1835,374,0,327,2,2
1836,374,0,327,2,2
1837,374,0,327,2,2
1838,374,0,327,2,2
1839,375,1,328,2,2
1840,375,0,328,2,2
1841,375,0,328,2,2
1842,375,0,328,2,2
1843,375,0,328,2,2
1844,376,1,329,2,2
1845,376,0,329,2,2
1846,376,0,329,2,2
1847,376,0,329,2,2
1848,376,0,329,2,2
1849,377,1,330,2,2
1850,377,0,330,2,2
1851,377,0,330,2,2
1852,377,0,330,2,2
1853,377,0,330,2,2
1854,378,1,331,2,2
1855,378,0,331,2,2
1856,378,0,331,2,2
1857,378,0,331,2,2
1858,378,0,331,2,2
1859,379,1,332,2,2
1860,379,0,332,2,2
1861,379,0,332,2,2
1862,379,0,332,2,2
1863,379,0,332,2,2
1864,380,1,333,2,2
1865,380,0,333,2,2
1866,380,0,333,2,2
1867,380,0,333,2,2
1868,380,0,333,2,2
1869,381,1,334,2,2
1870,381,0,334,2,2
1871,381,0,334,2,2
1872,381,0,334,2,2
1873,381,0,334,2,2
1874,382,1,335,2,2
1875,382,0,335,2,2
1876,382,0,335,2,2
1877,382,0,335,2,2
1878,382,0,335,2,2
1879,383,1,336,2,2
1880,383,0,336,2,2
1881,383,0,336,2,2
1882,383,0,336,2,2
1883,383,0,336,2,2
1884,384,1,337,2,2
1885,384,0,337,2,2
1886,384,0,337,2,2
1887,384,0,337,2,2
1888,384,0,337,2,2
1889,385,1,338,2,2
1890,385,0,338,2,2
1891,385,0,338,2,2
1892,385,0,338,2,2
1893,385,0,338,2,2
1894,386,1,339,2,2
1895,386,0,339,2,2
1896,386,0,339,2,2
1897,386,0,339,2,2
1898,386,0,339,2,2
1899,387,1,340,2,2
1900,387,0,340,2,2
1901,387,0,340,2,2
1902,387,0,340,2,2
1903,387,0,340,2,2
1904,388,1,341,2,2
1905,388,0,341,2,2
1906,388,0,341,2,2
1907,388,0,341,2,2
1908,388,0,341,2,2
1909,389,1,342,2,2
1910,389,0,342,2,2
1911,389,0,342,2,2
1912,389,0,342,2,2
1913,389,0,342,2,2
1914,390,1,342,2,2
1915,390,0,342,2,2
1916,390,0,342,2,2
1917,390,0,342,2,2
1918,390,0,342,2,2
1919,391,1,343,2,2
1920,391,0,343,2,2
1921,391,0,343,2,2
1922,391,0,343,2,2
1923,391,0,343,2,2
1924,392,1,344,2,2
1925,392,0,344,2,2
1926,392,0,344,2,2
1927,392,0,344,2,2
1928,392,0,344,2,2
1929,393,1,345,2,2
1930,393,0,345,2,2
1931,393,0,345,2,2
1932,393,0,345,2,2
1933,393,0,345,2,2
1934,394,1,346,2,2
1935,394,0,346,2,2
1936,394,0,346,2,2
1937,394,0,346,2,2
1938,394,0,346,2,2
1939,395,1,347,2,2
1940,395,0,347,2,2
1941,395,0,347,2,2
1942,395,0,347,2,2
1943,395,0,347,2,2
1944,396,1,348,2,2
1945,396,0,348,2,2
1946,396,0,348,2,2
1947,396,0,348,2,2
1948,396,0,348,2,2
1949,397,1,349,2,2
1950,397,0,349,2,2
1951,397,0,349,2,2
1952,397,0,349,2,2
1953,397,0,349,2,2
1954,398,1,350,2,2
1955,398,0,350,2,2
1956,398,0,350,2,2
1957,398,0,350,2,2
1958,398,0,350,2,2
1959,399,1,351,2,2
1960,399,0,351,2,2
1961,399,0,351,2,2
1962,399,0,351,2,2
1963,399,0,351,2,2
1964,400,1,352,2,2
1965,400,0,352,2,2
1966,400,0,352,2,2
1967,400,0,352,2,2
1968,400,0,352,2,2
1969,401,1,353,2,2
1970,401,0,353,2,2
1971,401,0,353,2,2
1972,401,0,353,2,2
1973,401,0,353,2,2
1974,402,1,354,2,2
1975,402,0,354,2,2
1976,402,0,354,2,2
1977,402,0,354,2,2
1978,402,0,354,2,2
1979,403,1,355,2,2
1980,403,0,355,2,2
1981,403,0,355,2,2
1982,403,0,355,2,2
1983,403,0,355,2,2
1984,404,1,356,2,2
1985,404,0,356,2,2
1986,404,0,356,2,2
1987,404,0,356,2,2
1988,404,0,356,2,2
1989,405,1,357,2,2
1990,405,0,357,2,2
1991,405,0,357,2,2
1992,405,0,357,2,2
1993,405,0,357,2,2
1994,406,1,357,2,2
1995,406,0,357,2,2
1996,406,0,357,2,2
1997,406,0,357,2,2
1998,406,0,357,2,2
1999,407,1,358,2,2
2000,407,0,358,2,2
2001,407,0,358,2,2
2002,407,0,358,2,2
2003,408,1,359,2,2
2004,408,0,359,2,2
2005,408,0,359,2,2
2006,408,0,359,2,2
2007,408,0,359,2,2
2008,409,1,360,2,2
2009,409,0,360,2,2
2010,409,0,360,2,2
2011,409,0,360,2,2
2012,409,0,360,2,2
2013,410,1,361,2,2
2014,410,0,361,2,2
2015,410,0,361,2,2
2016,410,0,361,2,2
2017,410,0,361,2,2
2018,411,1,362,2,2
2019,411,0,362,2,2
2020,411,0,362,2,2
2021,411,0,362,2,2
2022,411,0,362,2,2
2023,412,1,363,2,2
2024,412,0,363,2,2
2025,412,0,363,2,2
2026,412,0,363,2,2
2027,412,0,363,2,2
2028,413,1,364,2,2
2029,413,0,364,2,2
2030,413,0,364,2,2
2031,413,0,364,2,2
2032,413,0,364,2,2
2033,414,1,365,2,2
2034,414,0,365,2,2
2035,414,0,365,2,2
2036,414,0,365,2,2
2037,414,0,365,2,2
2038,415,1,366,2,2
2039,415,0,366,2,2
2040,415,0,366,2,2
2041,415,0,366,2,2
2042,415,0,366,2,2
2043,416,1,367,2,2
2044,416,0,367,2,2
2045,416,0,367,2,2
2046,416,0,367,2,2
2047,416,0,367,2,2
2048,417,1,368,2,2
2049,417,0,368,2,2
2050,417,0,368,2,2
2051,417,0,368,2,2
2052,417,0,368,2,2
2053,418,1,369,2,2
2054,418,0,369,2,2
2055,418,0,369,2,2
2056,418,0,369,2,2
2057,419,1,369,2,2
2058,419,0,369,2,2
2059,419,0,369,2,2
2060,419,0,369,2,2
2061,419,0,369,2,2
2062,420,1,370,2,2
2063,420,0,370,2,2
2064,420,0,370,2,2
2065,420,0,370,2,2
2066,420,0,370,2,2
2067,421,1,371,2,2
2068,421,0,371,2,2
2069,421,0,371,2,2
2070,421,0,371,2,2
2071,421,0,371,2,2
2072,422,1,372,2,2
2073,422,0,372,2,2
2074,422,0,372,2,2
2075,422,0,372,2,2
2076,422,0,372,2,2
2077,423,1,373,2,2
2078,423,0,373,2,2
2079,423,0,373,2,2
2080,423,0,373,2,2
2081,423,0,373,2,2
2082,424,1,374,2,2
2083,424,0,374,2,2
2084,424,0,374,2,2
2085,424,0,374,2,2
2086,424,0,374,2,2
2087,425,1,375,2,2
2088,425,0,375,2,2
2089,425,0,375,2,2
2090,425,0,375,2,2
2091,425,0,375,2,2
2092,426,1,376,2,2
2093,426,0,376,2,2
2094,426,0,376,2,2
2095,426,0,376,2,2
2096,426,0,376,2,2
2097,427,1,377,2,2
2098,427,0,377,2,2
2099,427,0,377,2,2
2100,427,0,377,2,2
2101,427,0,377,2,2
2102,428,1,378,2,2
2103,428,0,378,2,2
2104,428,0,378,2,2
2105,428,0,378,2,2
2106,428,0,378,2,2
2107,429,1,379,2,2
2108,429,0,379,2,2
2109,429,0,379,2,2
2110,429,0,379,2,2
2111,429,0,379,2,2
2112,430,1,380,2,2
2113,430,0,380,2,2
2114,430,0,380,2,2
2115,430,0,380,2,2
2116,430,0,380,2,2
2117,431,1,381,2,2
2118,431,0,381,2,2
2119,431,0,381,2,2
2120,431,0,381,2,2
2121,431,0,381,2,2
2122,432,1,381,2,2
2123,432,0,381,2,2
2124,432,0,381,2,2
2125,432,0,381,2,2
2126,432,0,381,2,2
2127,433,1,382,2,2
2128,433,0,382,2,2
2129,433,0,382,2,2
2130,433,0,382,2,2
2131,433,0,382,2,2
2132,434,1,383,2,2
2133,434,0,383,2,2
2134,434,0,383,2,2
2135,434,0,383,2,2
2136,434,0,383,2,2
2137,435,1,384,2,2
2138,435,0,384,2,2
2139,435,0,384,2,2
2140,435,0,384,2,2
2141,435,0,384,2,2
2142,436,1,385,2,2
2143,436,0,385,2,2
2144,436,0,385,2,2
2145,436,0,385,2,2
2146,436,0,385,2,2
2147,437,1,386,2,2
2148,437,0,386,2,2
2149,437,0,386,2,2
2150,437,0,386,2,2
2151,437,0,386,2,2
2152,438,1,387,2,2
2153,438,0,387,2,2
2154,438,0,387,2,2
2155,438,0,387,2,2
2156,438,0,387,2,2
2157,439,1,388,2,2
2158,439,0,388,2,2
2159,439,0,388,2,2
2160,439,0,388,2,2
2161,439,0,388,2,2
2162,439,0,388,2,2
2163,440,1,389,2,2
2164,440,0,389,2,2
2165,440,0,389,2,2
2166,440,0,389,2,2
2167,440,0,389,2,2
2168,441,1,390,2,2
2169,441,0,390,2,2
2170,441,0,390,2,2
2171,441,0,390,2,2
2172,441,0,390,2,2
2173,442,1,391,2,2
2174,442,0,391,2,2
2175,442,0,391,2,2
2176,442,0,391,2,2
2177,442,0,391,2,2
2178,442,0,391,2,2
2179,443,1,392,2,2
2180,443,0,392,2,2
2181,443,0,392,2,2
2182,443,0,392,2,2
2183,443,0,392,2,2
2184,444,1,393,2,2
2185,444,0,393,2,2
2186,444,0,393,2,2
2187,444,0,393,2,2
2188,444,0,393,2,2
2189,444,0,393,2,2
2190,445,1,394,2,2
2191,445,0,394,2,2
2192,445,0,394,2,2
2193,445,0,394,2,2
2194,445,0,394,2,2
2195,445,0,394,2,2
2196,446,1,395,2,2
2197,446,0,395,2,2
2198,446,0,395,2,2
2199,446,0,395,2,2
2200,446,0,395,2,2
2201,446,0,395,2,2
2202,447,1,396,2,2
2203,447,0,396,2,2
2204,447,0,396,2,2
2205,447,0,396,2,2
2206,447,0,396,2,2
2207,447,0,396,2,2
2208,448,1,397,2,2
2209,448,0,397,2,2
2210,448,0,397,2,2
2211,448,0,397,2,2
2212,448,0,397,2,2
2213,448,0,397,2,2
2214,449,1,399,2,2
2215,449,0,399,2,2
2216,449,0,399,2,2
2217,449,0,399,2,2
2218,449,0,399,2,2
2219,450,1,400,2,2
2220,450,0,400,2,2
2221,450,0,400,2,2
2222,450,0,400,2,2
2223,450,0,400,2,2
2224,450,0,400,2,2
2225,451,1,401,2,2
2226,451,0,401,2,2
2227,451,0,401,2,2
2228,451,0,401,2,2
2229,451,0,401,2,2
2230,451,0,401,2,2
2231,452,1,402,2,2
2232,452,0,402,2,2
2233,452,0,402,2,2
2234,452,0,402,2,2
2235,452,0,402,2,2
2236,452,0,402,2,2
2237,453,1,403,2,2
2238,453,0,403,2,2
2239,453,0,403,2,2
2240,453,0,403,2,2
2241,453,0,403,2,2
2242,453,0,403,2,2
2243,454,1,404,2,2
2244,454,0,404,2,2
2245,454,0,404,2,2
2246,454,0,404,2,2
2247,454,0,404,2,2
2248,454,0,404,2,2
2249,455,1,405,2,2
2250,455,0,405,2,2
2251,455,0,405,2,2
2252,455,0,405,2,2
2253,455,0,405,2,2
2254,456,1,406,2,2
2255,456,0,406,2,2
2256,456,0,406,2,2
2257,456,0,406,2,2
2258,456,0,406,2,2
2259,456,0,406,2,2
2260,457,1,407,2,2
2261,457,0,407,2,2
2262,457,0,407,2,2
2263,457,0,407,2,2
2264,457,0,407,2,2
2265,457,0,407,2,2
2266,458,1,408,2,2
2267,458,0,408,2,2
2268,458,0,408,2,2
2269,458,0,408,2,2
2270,458,0,408,2,2
2271,458,0,408,2,2
2272,459,1,409,2,2
2273,459,0,409,2,2
2274,459,0,409,2,2
2275,459,0,409,2,2
2276,459,0,409,2,2
2277,460,1,411,2,2
2278,460,0,411,2,2
2279,460,0,411,2,2
2280,460,0,411,2,2
2281,460,0,411,2,2
2282,460,0,411,2,2
2283,461,1,411,2,2
2284,461,0,411,2,2
2285,461,0,411,2,2
2286,461,0,411,2,2
2287,461,0,411,2,2
2288,462,1,413,2,2
2289,462,0,413,2,2
2290,462,0,413,2,2
2291,462,0,413,2,2
2292,462,0,413,2,2
2293,462,0,413,2,2
2294,463,1,414,2,2
2295,463,0,414,2,2
2296,463,0,414,2,2
2297,463,0,414,2,2
2298,463,0,414,2,2
2299,464,1,415,2,2
2300,464,0,415,2,2
2301,464,0,415,2,2
2302,464,0,415,2,2
2303,464,0,415,2,2
2304,464,0,415,2,2
2305,465,1,416,2,2
2306,465,0,416,2,2
2307,465,0,416,2,2
2308,465,0,416,2,2
2309,465,0,416,2,2
2310,466,1,417,2,2
2311,466,0,417,2,2
2312,466,0,417,2,2
2313,466,0,417,2,2
2314,466,0,417,2,2
2315,466,0,417,2,2
2316,467,1,418,2,2
2317,467,0,418,2,2
2318,467,0,418,2,2
2319,467,0,418,2,2
2320,467,0,418,2,2
2321,468,1,419,2,2
2322,468,0,419,2,2
2323,468,0,419,2,2
2324,468,0,419,2,2
2325,468,0,419,2,2
2326,468,0,419,2,2
2327,469,1,420,2,2
2328,469,0,420,2,2
2329,469,0,420,2,2
2330,469,0,420,2,2
2331,469,0,420,2,2
2332,470,1,421,2,2
2333,470,0,421,2,2
2334,470,0,421,2,2
2335,470,0,421,2,2
2336,470,0,421,2,2
2337,471,1,422,2,2
2338,471,0,422,2,2
2339,471,0,422,2,2
2340,471,0,422,2,2
2341,471,0,422,2,2
2342,471,0,422,2,2
2343,472,1,423,2,2
2344,472,0,423,2,2
2345,472,0,423,2,2
2346,472,0,423,2,2
2347,472,0,423,2,2
2348,473,1,424,2,2
2349,473,0,424,2,2
2350,473,0,424,2,2
2351,473,0,424,2,2
2352,473,0,424,2,2
2353,474,1,425,2,2
2354,474,0,425,2,2
2355,474,0,425,2,2
2356,474,0,425,2,2
2357,474,0,425,2,2
2358,475,1,426,2,2
2359,475,0,426,2,2
2360,475,0,426,2,2
2361,475,0,426,2,2
2362,475,0,426,2,2
2363,476,1,427,2,2
2364,476,0,427,2,2
2365,476,0,427,2,2
2366,476,0,427,2,2
2367,476,0,427,2,2
2368,477,1,428,2,2
2369,477,0,428,2,2
2370,477,0,428,2,2
2371,477,0,428,2,2
2372,477,0,428,2,2
2373,478,1,429,2,2
2374,478,0,429,2,2
2375,478,0,429,2,2
2376,478,0,429,2,2
2377,478,0,429,2,2
2378,479,1,429,2,2
2379,479,0,429,2,2
2380,479,0,429,2,2
2381,479,0,429,2,2
2382,479,0,429,2,2
2383,479,0,429,2,2
2384,480,1,430,2,2
2385,480,0,430,2,2
2386,480,0,430,2,2
2387,480,0,430,2,2
2388,480,0,430,2,2
2389,481,1,432,2,2
2390,481,0,432,2,2
2391,481,0,432,2,2
2392,481,0,432,2,2
2393,481,0,432,2,2
2394,482,1,432,2,2
2395,482,0,432,2,2
2396,482,0,432,2,2
2397,482,0,432,2,2
2398,482,0,432,2,2
2399,483,1,433,2,2
2400,483,0,433,2,2
2401,483,0,433,2,2
2402,483,0,433,2,2
2403,483,0,433,2,2
2404,484,1,434,2,2
2405,484,0,434,2,2
2406,484,0,434,2,2
2407,484,0,434,2,2
2408,484,0,434,2,2
2409,485,1,435,2,2
2410,485,0,435,2,2
2411,485,0,435,2,2
2412,485,0,435,2,2
2413,485,0,435,2,2
2414,485,0,435,2,2
2415,486,1,436,2,2
2416,486,0,436,2,2
2417,486,0,436,2,2
2418,486,0,436,2,2
2419,486,0,436,2,2
2420,487,1,437,2,2
2421,487,0,437,2,2
2422,487,0,437,2,2
2423,487,0,437,2,2
2424,487,0,437,2,2
2425,488,1,438,2,2
2426,488,0,438,2,2
2427,488,0,438,2,2
2428,488,0,438,2,2
2429,488,0,438,2,2
2430,489,1,439,2,2
2431,489,0,439,2,2
2432,489,0,439,2,2
2433,489,0,439,2,2
2434,489,0,439,2,2
2435,489,0,439,2,2
2436,490,1,440,2,2
2437,490,0,440,2,2
2438,490,0,440,2,2
2439,490,0,440,2,2
2440,490,0,440,2,2
2441,491,1,441,2,2
2442,491,0,441,2,2
2443,491,0,441,2,2
2444,491,0,441,2,2
2445,491,0,441,2,2
2446,492,1,442,2,2
2447,492,0,442,2,2
2448,492,0,442,2,2
2449,492,0,442,2,2
2450,492,0,442,2,2
2451,493,1,443,2,2
2452,493,0,443,2,2
2453,493,0,443,2,2
2454,493,0,443,2,2
2455,493,0,443,2,2
2456,493,0,443,2,2
2457,494,1,444,2,2
2458,494,0,444,2,2
2459,494,0,444,2,2
2460,494,0,444,2,2
2461,494,0,444,2,2
2462,495,1,445,2,2
2463,495,0,445,2,2
2464,495,0,445,2,2
2465,495,0,445,2,2
2466,495,0,445,2,2
2467,496,1,446,2,2
2468,496,0,446,2,2
2469,496,0,446,2,2
2470,496,0,446,2,2
2471,496,0,446,2,2
2472,496,0,446,2,2
2473,497,1,447,2,2
2474,497,0,447,2,2
2475,497,0,447,2,2
2476,497,0,447,2,2
2477,497,0,447,2,2
2478,498,1,448,2,2
2479,498,0,448,2,2
2480,498,0,448,2,2
2481,498,0,448,2,2
2482,498,0,448,2,2
2483,499,1,449,2,2
2484,499,0,449,2,2
2485,499,0,449,2,2
2486,499,0,449,2,2
2487,499,0,449,2,2
2488,499,0,449,2,2
2489,500,1,450,2,2
2490,500,0,450,2,2
2491,500,0,450,2,2
2492,500,0,450,2,2
2493,500,0,450,2,2
2494,501,1,451,2,2
2495,501,0,451,2,2
2496,501,0,451,2,2
2497,501,0,451,2,2
2498,501,0,451,2,2
2499,502,1,452,2,2
2500,502,0,452,2,2
2501,502,0,452,2,2
2502,502,0,452,2,2
2503,502,0,452,2,2
2504,502,0,452,2,2
2505,503,1,453,2,2
2506,503,0,453,2,2
2507,503,0,453,2,2
2508,503,0,453,2,2
2509,503,0,453,2,2
2510,504,1,454,2,2
2511,504,0,454,2,2
2512,504,0,454,2,2
2513,504,0,454,2,2
2514,504,0,454,2,2
2515,505,1,455,2,2
2516,505,0,455,2,2
2517,505,0,455,2,2
2518,505,0,455,2,2
2519,505,0,455,2,2
2520,505,0,455,2,2
2521,506,1,456,2,2
2522,506,0,456,2,2
2523,506,0,456,2,2
2524,506,0,456,2,2
2525,506,0,456,2,2
2526,507,1,457,2,2
2527,507,0,457,2,2
2528,507,0,457,2,2
2529,507,0,457,2,2
2530,507,0,457,2,2
2531,507,0,457,2,2
2532,508,1,458,2,2
2533,508,0,458,2,2
2534,508,0,458,2,2
2535,508,0,458,2,2
2536,508,0,458,2,2
2537,509,1,459,2,2
2538,509,0,459,2,2
2539,509,0,459,2,2
2540,509,0,459,2,2
2541,509,0,459,2,2
2542,510,1,460,2,2
2543,510,0,460,2,2
2544,510,0,460,2,2
2545,510,0,460,2,2
2546,510,0,460,2,2
2547,510,0,460,2,2
2548,511,1,461,2,2
2549,511,0,461,2,2
2550,511,0,461,2,2
2551,511,0,461,2,2
2552,511,0,461,2,2
2553,512,1,462,2,2
2554,512,0,462,2,2
2555,512,0,462,2,2
2556,512,0,462,2,2
2557,512,0,462,2,2
2558,513,1,463,2,2
2559,513,0,463,2,2
2560,513,0,463,2,2
2561,513,0,463,2,2
2562,513,0,463,2,2
2563,513,0,463,2,2
2564,514,1,464,2,2
2565,514,0,464,2,2
2566,514,0,464,2,2
2567,514,0,464,2,2
2568,514,0,464,2,2
2569,515,1,465,2,2
2570,515,0,465,2,2
2571,515,0,465,2,2
2572,515,0,465,2,2
2573,515,0,465,2,2
2574,515,0,465,2,2
2575,516,1,466,2,2
2576,516,0,466,2,2
2577,516,0,466,2,2
2578,516,0,466,2,2
2579,516,0,466,2,2
2580,517,1,467,2,2
2581,517,0,467,2,2
2582,517,0,467,2,2
2583,517,0,467,2,2
2584,517,0,467,2,2
2585,518,1,468,2,2
2586,518,0,468,2,2
2587,518,0,468,2,2
2588,518,0,468,2,2
2589,518,0,468,2,2
2590,519,1,469,2,2
2591,519,0,469,2,2
2592,519,0,469,2,2
2593,519,0,469,2,2
2594,519,0,469,2,2
2595,519,0,469,2,2
2596,520,1,470,2,2
2597,520,0,470,2,2
2598,520,0,470,2,2
2599,520,0,470,2,2
2600,520,0,470,2,2
2601,520,0,470,2,2
2602,521,1,471,2,2
2603,521,0,471,2,2
2604,521,0,471,2,2
2605,521,0,471,2,2
2606,521,0,471,2,2
2607,522,1,472,2,2
2608,522,0,472,2,2
2609,522,0,472,2,2
2610,522,0,472,2,2
2611,522,0,472,2,2
2612,523,1,473,2,2
2613,523,0,473,2,2
2614,523,0,473,2,2
2615,523,0,473,2,2
2616,523,0,473,2,2
2617,523,0,473,2,2
2618,524,1,474,2,2
2619,524,0,474,2,2
2620,524,0,474,2,2
2621,524,0,474,2,2
2622,524,0,474,2,2
2623,524,0,474,2,2
2624,525,1,475,2,2
2625,525,0,475,2,2
2626,525,0,475,2,2
2627,525,0,475,2,2
2628,525,0,475,2,2
2629,526,1,477,2,2
2630,526,0,477,2,2
2631,526,0,477,2,2
2632,526,0,477,2,2
2633,526,0,477,2,2
2634,527,1,477,2,2
2635,527,0,477,2,2
2636,527,0,477,2,2
2637,527,0,477,2,2
2638,527,0,477,2,2
2639,527,0,477,2,2
2640,528,1,478,2,2
2641,528,0,478,2,2
2642,528,0,478,2,2
2643,528,0,478,2,2
2644,528,0,478,2,2
2645,529,1,480,2,2
2646,529,0,480,2,2
2647,529,0,480,2,2
2648,529,0,480,2,2
2649,529,0,480,2,2
2650,529,0,480,2,2
2651,530,1,480,2,2
2652,530,0,480,2,2
2653,530,0,480,2,2
2654,530,0,480,2,2
2655,530,0,480,2,2
2656,531,1,482,2,2
2657,531,0,482,2,2
2658,531,0,482,2,2
2659,531,0,482,2,2
2660,531,0,482,2,2
2661,531,0,482,2,2
2662,532,1,483,2,2
2663,532,0,483,2,2
2664,532,0,483,2,2
2665,532,0,483,2,2
2666,532,0,483,2,2
2667,533,1,484,2,2
2668,533,0,484,2,2
2669,533,0,484,2,2
2670,533,0,484,2,2
2671,533,0,484,2,2
2672,533,0,484,2,2
2673,534,1,485,2,2
2674,534,0,485,2,2
2675,534,0,485,2,2
2676,534,0,485,2,2
2677,534,0,485,2,2
2678,535,1,486,2,2
2679,535,0,486,2,2
2680,535,0,486,2,2
2681,535,0,486,2,2
2682,535,0,486,2,2
2683,535,0,486,2,2
2684,536,1,487,2,2
2685,536,0,487,2,2
2686,536,0,487,2,2
2687,536,0,487,2,2
2688,536,0,487,2,2
2689,537,1,488,2,2
2690,537,0,488,2,2
2691,537,0,488,2,2
2692,537,0,488,2,2
2693,537,0,488,2,2
2694,537,0,488,2,2
2695,538,1,489,2,2
2696,538,0,489,2,2
2697,538,0,489,2,2
2698,538,0,489,2,2
2699,538,0,489,2,2
2700,539,1,490,2,2
2701,539,0,490,2,2
2702,539,0,490,2,2
2703,539,0,490,2,2
2704,539,0,490,2,2
2705,540,1,491,2,2
2706,540,0,491,2,2
2707,540,0,491,2,2
2708,540,0,491,2,2
2709,540,0,491,2,2
2710,540,0,491,2,2
2711,541,1,492,2,2
2712,541,0,492,2,2
2713,541,0,492,2,2
2714,541,0,492,2,2
2715,541,0,492,2,2
2716,542,1,493,2,2
2717,542,0,493,2,2
2718,542,0,493,2,2
2719,542,0,493,2,2
2720,542,0,493,2,2
2721,543,1,494,2,2
2722,543,0,494,2,2
2723,543,0,494,2,2
2724,543,0,494,2,2
2725,543,0,494,2,2
2726,543,0,494,2,2
2727,544,1,495,2,2
2728,544,0,495,2,2
2729,544,0,495,2,2
2730,544,0,495,2,2
2731,544,0,495,2,2
2732,545,1,496,2,2
2733,545,0,496,2,2
2734,545,0,496,2,2
2735,545,0,496,2,2
2736,545,0,496,2,2
2737,546,1,497,2,2
2738,546,0,497,2,2
2739,546,0,497,2,2
2740,546,0,497,2,2
2741,546,0,497,2,2
2742,546,0,497,2,2
2743,547,1,498,2,2
2744,547,0,498,2,2
2745,547,0,498,2,2
2746,547,0,498,2,2
2747,547,0,498,2,2
2748,548,1,499,2,2
2749,548,0,499,2,2
2750,548,0,499,2,2
2751,548,0,499,2,2
2752,548,0,499,2,2
2753,549,1,500,2,2
2754,549,0,500,2,2
2755,549,0,500,2,2
2756,549,0,500,2,2
2757,549,0,500,2,2
2758,549,0,500,2,2
2759,550,1,501,2,2
2760,550,0,501,2,2
2761,550,0,501,2,2
2762,550,0,501,2,2
2763,550,0,501,2,2
2764,551,1,502,2,2
2765,551,0,502,2,2
2766,551,0,502,2,2
2767,551,0,502,2,2
2768,551,0,502,2,2
2769,552,1,503,2,2
2770,552,0,503,2,2
2771,552,0,503,2,2
2772,552,0,503,2,2
2773,552,0,503,2,2
2774,552,0,503,2,2
2775,553,1,504,2,2
2776,553,0,504,2,2
2777,553,0,504,2,2
2778,553,0,504,2,2
2779,553,0,504,2,2
2780,554,1,505,2,2
2781,554,0,505,2,2
2782,554,0,505,2,2
2783,554,0,505,2,2
2784,554,0,505,2,2
2785,554,0,505,2,2
2786,555,1,506,2,2
2787,555,0,506,2,2
2788,555,0,506,2,2
2789,555,0,506,2,2
2790,555,0,506,2,2
2791,556,1,507,2,2
2792,556,0,507,2,2
2793,556,0,507,2,2
2794,556,0,507,2,2
2795,556,0,507,2,2
2796,557,1,508,2,2
2797,557,0,508,2,2
2798,557,0,508,2,2
2799,557,0,508,2,2
2800,557,0,508,2,2
2801,557,0,508,2,2
2802,558,1,509,2,2
2803,558,0,509,2,2
2804,558,0,509,2,2
2805,558,0,509,2,2
2806,558,0,509,2,2
2807,559,1,510,2,2
2808,559,0,510,2,2
2809,559,0,510,2,2
2810,559,0,510,2,2
2811,559,0,510,2,2
2812,560,1,511,2,2
2813,560,0,511,2,2
2814,560,0,511,2,2
2815,560,0,511,2,2
2816,560,0,511,2,2
2817,561,1,512,2,2
2818,561,0,512,2,2
2819,561,0,512,2,2
2820,561,0,512,2,2
2821,561,0,512,2,2
2822,561,0,512,2,2
2823,562,1,513,2,2
2824,562,0,513,2,2
2825,562,0,513,2,2
2826,562,0,513,2,2
2827,562,0,513,2,2
2828,563,1,514,2,2
2829,563,0,514,2,2
2830,563,0,514,2,2
2831,563,0,514,2,2
2832,563,0,514,2,2
2833,564,1,515,2,2
2834,564,0,515,2,2
2835,564,0,515,2,2
2836,564,0,515,2,2
2837,564,0,515,2,2
2838,564,0,515,2,2
2839,565,1,516,2,2
2840,565,0,516,2,2
2841,565,0,516,2,2
2842,565,0,516,2,2
2843,565,0,516,2,2
2844,566,1,517,2,2
2845,566,0,517,2,2
2846,566,0,517,2,2
2847,566,0,517,2,2
2848,566,0,517,2,2
2849,567,1,518,2,2
2850,567,0,518,2,2
2851,567,0,518,2,2
2852,567,0,518,2,2
2853,567,0,518,2,2
2854,568,1,519,2,2
2855,568,0,519,2,2
2856,568,0,519,2,2
2857,568,0,519,2,2
2858,568,0,519,2,2
2859,568,0,519,2,2
2860,569,1,520,2,2
2861,569,0,520,2,2
2862,569,0,520,2,2
2863,569,0,520,2,2
2864,569,0,520,2,2
2865,570,1,521,2,2
2866,570,0,521,2,2
2867,570,0,521,2,2
2868,570,0,521,2,2
2869,570,0,521,2,2
2870,571,1,522,2,2
2871,571,0,522,2,2
2872,571,0,522,2,2
2873,571,0,522,2,2
2874,571,0,522,2,2
2875,571,0,522,2,2
2876,572,1,523,2,2
2877,572,0,523,2,2
2878,572,0,523,2,2
2879,572,0,523,2,2
2880,572,0,523,2,2
2881,573,1,524,2,2
2882,573,0,524,2,2
2883,573,0,524,2,2
2884,573,0,524,2,2
2885,573,0,524,2,2
2886,573,0,524,2,2
2887,574,1,525,2,2
2888,574,0,525,2,2
2889,574,0,525,2,2
2890,574,0,525,2,2
2891,574,0,525,2,2
2892,575,1,526,2,2
2893,575,0,526,2,2
2894,575,0,526,2,2
2895,575,0,526,2,2
2896,575,0,526,2,2
2897,575,0,526,2,2
2898,576,1,527,2,2
2899,576,0,527,2,2
2900,576,0,527,2,2
2901,576,0,527,2,2
2902,576,0,527,2,2
2903,577,1,528,2,2
2904,577,0,528,2,2
2905,577,0,528,2,2
2906,577,0,528,2,2
2907,577,0,528,2,2
2908,578,1,529,2,2
2909,578,0,529,2,2
2910,578,0,529,2,2
2911,578,0,529,2,2
2912,578,0,529,2,2
2913,578,0,529,2,2
2914,579,1,530,2,2
2915,579,0,530,2,2
2916,579,0,530,2,2
2917,579,0,530,2,2
2918,579,0,530,2,2
2919,579,0,530,2,2
2920,580,1,531,2,2
2921,580,0,531,2,2
2922,580,0,531,2,2
2923,580,0,531,2,2
2924,580,0,531,2,2
2925,581,1,532,2,2
2926,581,0,532,2,2
2927,581,0,532,2,2
2928,581,0,532,2,2
2929,581,0,532,2,2
2930,581,0,532,2,2
2931,582,1,533,2,2
2932,582,0,533,2,2
2933,582,0,533,2,2
2934,582,0,533,2,2
2935,582,0,533,2,2
2936,583,1,534,2,2
2937,583,0,534,2,2
2938,583,0,534,2,2
2939,583,0,534,2,2
2940,583,0,534,2,2
2941,583,0,534,2,2
2942,584,1,535,2,2
2943,584,0,535,2,2
2944,584,0,535,2,2
2945,584,0,535,2,2
2946,584,0,535,2,2
2947,584,0,535,2,2
2948,585,1,536,2,2
2949,585,0,536,2,2
2950,585,0,536,2,2
2951,585,0,536,2,2
2952,585,0,536,2,2
2953,585,0,536,2,2
2954,586,1,537,2,2
2955,586,0,537,2,2
2956,586,0,537,2,2
2957,586,0,537,2,2
2958,586,0,537,2,2
2959,587,1,538,2,2
2960,587,0,538,2,2
2961,587,0,538,2,2
2962,587,0,538,2,2
2963,587,0,538,2,2
2964,587,0,538,2,2
2965,588,1,539,2,2
2966,588,0,539,2,2
2967,588,0,539,2,2
2968,588,0,539,2,2
2969,588,0,539,2,2
2970,588,0,539,2,2
2971,589,1,540,2,2
2972,589,0,540,2,2
2973,589,0,540,2,2
2974,589,0,540,2,2
2975,589,0,540,2,2
2976,590,1,542,2,2
2977,590,0,542,2,2
2978,590,0,542,2,2
2979,590,0,542,2,2
2980,590,0,542,2,2
2981,590,0,542,2,2
2982,591,1,543,2,2
2983,591,0,543,2,2
2984,591,0,543,2,2
2985,591,0,543,2,2
2986,591,0,543,2,2
2987,591,0,543,2,2
2988,592,1,544,2,2
2989,592,0,544,2,2
2990,592,0,544,2,2
2991,592,0,544,2,2
2992,592,0,544,2,2
2993,592,0,544,2,2
2994,593,1,545,2,2
2995,593,0,545,2,2
2996,593,0,545,2,2
2997,593,0,545,2,2
2998,593,0,545,2,2
2999,594,1,546,2,2
3000,594,0,546,2,2
3001,594,0,546,2,2
3002,594,0,546,2,2
3003,594,0,546,2,2
3004,594,0,546,2,2
3005,595,1,547,2,2
3006,595,0,547,2,2
3007,595,0,547,2,2
3008,595,0,547,2,2
3009,595,0,547,2,2
3010,595,0,547,2,2
3011,596,1,548,2,2
3012,596,0,548,2,2
3013,596,0,548,2,2
3014,596,0,548,2,2
3015,596,0,548,2,2
3016,597,1,549,2,2
3017,597,0,549,2,2
3018,597,0,549,2,2
3019,597,0,549,2,2
3020,597,0,549,2,2
3021,597,0,549,2,2
3022,598,1,550,2,2
3023,598,0,550,2,2
3024,598,0,550,2,2
3025,598,0,550,2,2
3026,598,0,550,2,2
3027,598,0,550,2,2
3028,599,1,551,2,2
3029,599,0,551,2,2
3030,599,0,551,2,2
3031,599,0,551,2,2
3032,599,0,551,2,2
3033,600,1,552,2,2
3034,600,0,552,2,2
3035,600,0,552,2,2
3036,600,0,552,2,2
3037,600,0,552,2,2
3038,600,0,552,2,2
3039,601,1,553,2,2
3040,601,0,553,2,2
3041,601,0,553,2,2
3042,601,0,553,2,2
3043,601,0,553,2,2
3044,601,0,553,2,2
3045,602,1,554,2,2
3046,602,0,554,2,2
3047,602,0,554,2,2
3048,602,0,554,2,2
3049,602,0,554,2,2
3050,602,0,554,2,2
3051,603,1,555,2,2
3052,603,0,555,2,2
3053,603,0,555,2,2
3054,603,0,555,2,2
3055,603,0,555,2,2
3056,604,1,557,2,2
3057,604,0,557,2,2
3058,604,0,557,2,2
3059,604,0,557,2,2
3060,604,0,557,2,2
3061,604,0,557,2,2
3062,605,1,558,2,2
3063,605,0,558,2,2
3064,605,0,558,2,2
3065,605,0,558,2,2
3066,605,0,558,2,2
3067,605,0,558,2,2
3068,606,1,559,2,2
3069,606,0,559,2,2
3070,606,0,559,2,2
3071,606,0,559,2,2
3072,606,0,559,2,2
3073,606,0,559,2,2
3074,607,1,560,2,2
3075,607,0,560,2,2
3076,607,0,560,2,2
3077,607,0,560,2,2
3078,607,0,560,2,2
3079,607,0,560,2,2
3080,608,1,561,2,2
3081,608,0,561,2,2
3082,608,0,561,2,2
3083,608,0,561,2,2
3084,608,0,561,2,2
3085,608,0,561,2,2
3086,609,1,562,2,2
3087,609,0,562,2,2
3088,609,0,562,2,2
3089,609,0,562,2,2
3090,609,0,562,2,2
3091,609,0,562,2,2
3092,610,1,563,2,2
3093,610,0,563,2,2
3094,610,0,563,2,2
3095,610,0,563,2,2
3096,610,0,563,2,2
3097,611,1,564,2,2
3098,611,0,564,2,2
3099,611,0,564,2,2
3100,611,0,564,2,2
3101,611,0,564,2,2
3102,611,0,564,2,2
3103,612,1,565,2,2
3104,612,0,565,2,2
3105,612,0,565,2,2
3106,612,0,565,2,2
3107,612,0,565,2,2
3108,612,0,565,2,2
3109,613,1,566,2,2
3110,613,0,566,2,2
3111,613,0,566,2,2
3112,613,0,566,2,2
3113,613,0,566,2,2
3114,613,0,566,2,2
3115,614,1,567,2,2
3116,614,0,567,2,2
3117,614,0,567,2,2
3118,614,0,567,2,2
3119,614,0,567,2,2
3120,614,0,567,2,2
3121,615,1,569,2,2
3122,615,0,569,2,2
3123,615,0,569,2,2
3124,615,0,569,2,2
3125,615,0,569,2,2
3126,615,0,569,2,2
3127,616,1,570,2,2
3128,616,0,570,2,2
3129,616,0,570,2,2
3130,616,0,570,2,2
3131,616,0,570,2,2
3132,617,1,571,2,2
3133,617,0,571,2,2
3134,617,0,571,2,2
3135,617,0,571,2,2
3136,617,0,571,2,2
3137,617,0,571,2,2
3138,618,1,572,2,2
3139,618,0,572,2,2
3140,618,0,572,2,2
3141,618,0,572,2,2
3142,618,0,572,2,2
3143,618,0,572,2,2
3144,619,1,573,2,2
3145,619,0,573,2,2
3146,619,0,573,2,2
3147,619,0,573,2,2
3148,619,0,573,2,2
3149,619,0,573,2,2
3150,620,1,574,2,2
3151,620,0,574,2,2
3152,620,0,574,2,2
3153,620,0,574,2,2
3154,620,0,574,2,2
3155,621,1,575,2,2
3156,621,0,575,2,2
3157,621,0,575,2,2
3158,621,0,575,2,2
3159,621,0,575,2,2
3160,621,0,575,2,2
3161,622,1,576,2,2
3162,622,0,576,2,2
3163,622,0,576,2,2
3164,622,0,576,2,2
3165,622,0,576,2,2
3166,622,0,576,2,2
3167,623,1,577,2,2
3168,623,0,577,2,2
3169,623,0,577,2,2
3170,623,0,577,2,2
3171,623,0,577,2,2
3172,624,1,578,2,2
3173,624,0,578,2,2
3174,624,0,578,2,2
3175,624,0,578,2,2
3176,624,0,578,2,2
3177,624,0,578,2,2
3178,625,1,579,2,2
3179,625,0,579,2,2
3180,625,0,579,2,2
3181,625,0,579,2,2
3182,625,0,579,2,2
3183,626,1,580,2,2
3184,626,0,580,2,2
3185,626,0,580,2,2
3186,626,0,580,2,2
3187,626,0,580,2,2
3188,626,0,580,2,2
3189,627,1,581,2,2
3190,627,0,581,2,2
3191,627,0,581,2,2
3192,627,0,581,2,2
3193,627,0,581,2,2
3194,628,1,582,2,2
3195,628,0,582,2,2
3196,628,0,582,2,2
3197,628,0,582,2,2
3198,628,0,582,2,2
3199,628,0,582,2,2
3200,629,1,583,2,2
3201,629,0,583,2,2
3202,629,0,583,2,2
3203,629,0,583,2,2
3204,629,0,583,2,2
3205,630,1,584,2,2
3206,630,0,584,2,2
3207,630,0,584,2,2
3208,630,0,584,2,2
3209,630,0,584,2,2
3210,631,1,585,2,2
3211,631,0,585,2,2
3212,631,0,585,2,2
3213,631,0,585,2,2
3214,631,0,585,2,2
3215,631,0,585,2,2
3216,632,1,586,2,2
3217,632,0,586,2,2
3218,632,0,586,2,2
3219,632,0,586,2,2
3220,632,0,586,2,2
3221,633,1,587,2,2
3222,633,0,587,2,2
3223,633,0,587,2,2
3224,633,0,587,2,2
3225,633,0,587,2,2
3226,634,1,588,2,2
3227,634,0,588,2,2
3228,634,0,588,2,2
3229,634,0,588,2,2
3230,634,0,588,2,2
3231,635,1,589,2,2
3232,635,0,589,2,2
3233,635,0,589,2,2
3234,635,0,589,2,2
3235,635,0,589,2,2
3236,636,1,590,2,2
3237,636,0,590,2,2
3238,636,0,590,2,2
3239,636,0,590,2,2
3240,636,0,590,2,2
3241,636,0,590,2,2
3242,637,1,591,2,2
3243,637,0,591,2,2
3244,637,0,591,2,2
3245,637,0,591,2,2
3246,637,0,591,2,2
3247,638,1,592,2,2
3248,638,0,592,2,2
3249,638,0,592,2,2
3250,638,0,592,2,2
3251,638,0,592,2,2
3252,639,1,593,2,2
3253,639,0,593,2,2
3254,639,0,593,2,2
3255,639,0,593,2,2
3256,639,0,593,2,2
3257,640,1,594,2,2
3258,640,0,594,2,2
3259,640,0,594,2,2
3260,640,0,594,2,2
3261,640,0,594,2,2
3262,640,0,594,2,2
3263,641,1,595,2,2
3264,641,0,595,2,2
3265,641,0,595,2,2
3266,641,0,595,2,2
3267,641,0,595,2,2
3268,642,1,596,2,2
3269,642,0,596,2,2
3270,642,0,596,2,2
3271,642,0,596,2,2
3272,642,0,596,2,2
3273,643,1,597,2,2
3274,643,0,597,2,2
3275,643,0,597,2,2
3276,643,0,597,2,2
3277,643,0,597,2,2
3278,644,1,598,2,2
3279,644,0,598,2,2
3280,644,0,598,2,2
3281,644,0,598,2,2
3282,644,0,598,2,2
3283,644,0,598,2,2
3284,645,1,599,2,2
3285,645,0,599,2,2
3286,645,0,599,2,2
3287,645,0,599,2,2
3288,645,0,599,2,2
3289,646,1,600,2,2
3290,646,0,600,2,2
3291,646,0,600,2,2
3292,646,0,600,2,2
3293,646,0,600,2,2
3294,647,1,601,2,2
3295,647,0,601,2,2
3296,647,0,601,2,2
3297,647,0,601,2,2
3298,647,0,601,2,2
3299,648,1,602,2,2
3300,648,0,602,2,2
3301,648,0,602,2,2
3302,648,0,602,2,2
3303,648,0,602,2,2
3304,649,1,603,2,2
3305,649,0,603,2,2
3306,649,0,603,2,2
3307,649,0,603,2,2
3308,649,0,603,2,2
3309,650,1,604,2,2
3310,650,0,604,2,2
3311,650,0,604,2,2
3312,650,0,604,2,2
3313,650,0,604,2,2
3314,651,1,605,2,2
3315,651,0,605,2,2
3316,651,0,605,2,2
3317,651,0,605,2,2
3318,651,0,605,2,2
3319,652,1,606,2,2
3320,652,0,606,2,2
3321,652,0,606,2,2
3322,652,0,606,2,2
3323,652,0,606,2,2
3324,653,1,607,2,2
3325,653,0,607,2,2
3326,653,0,607,2,2
3327,653,0,607,2,2
3328,653,0,607,2,2
3329,654,1,608,2,2
3330,654,0,608,2,2
3331,654,0,608,2,2
3332,654,0,608,2,2
3333,654,0,608,2,2
3334,655,1,609,2,2
3335,655,0,609,2,2
3336,655,0,609,2,2
3337,655,0,609,2,2
3338,655,0,609,2,2
3339,656,1,609,2,2
3340,656,0,609,2,2
3341,656,0,609,2,2
3342,656,0,609,2,2
3343,656,0,609,2,2
3344,657,1,610,2,2
3345,657,0,610,2,2
3346,657,0,610,2,2
3347,657,0,610,2,2
3348,657,0,610,2,2
3349,658,1,611,2,2
3350,658,0,611,2,2
3351,658,0,611,2,2
3352,658,0,611,2,2
3353,658,0,611,2,2
3354,659,1,612,2,2
3355,659,0,612,2,2
3356,659,0,612,2,2
3357,659,0,612,2,2
3358,659,0,612,2,2
3359,660,1,613,2,2
3360,660,0,613,2,2
3361,660,0,613,2,2
3362,660,0,613,2,2
3363,660,0,613,2,2
3364,661,1,614,2,2
3365,661,0,614,2,2
3366,661,0,614,2,2
3367,661,0,614,2,2
3368,661,0,614,2,2
3369,662,1,615,2,2
3370,662,0,615,2,2
3371,662,0,615,2,2
3372,662,0,615,2,2
3373,662,0,615,2,2
3374,663,1,616,2,2
3375,663,0,616,2,2
3376,663,0,616,2,2
3377,663,0,616,2,2
3378,663,0,616,2,2
3379,664,1,617,2,2
3380,664,0,617,2,2
3381,664,0,617,2,2
3382,664,0,617,2,2
3383,664,0,617,2,2
3384,665,1,618,2,2
3385,665,0,618,2,2
3386,665,0,618,2,2
3387,665,0,618,2,2
3388,665,0,618,2,2
3389,666,1,619,2,2
3390,666,0,619,2,2
3391,666,0,619,2,2
3392,666,0,619,2,2
3393,666,0,619,2,2
3394,667,1,620,2,2
3395,667,0,620,2,2
3396,667,0,620,2,2
3397,667,0,620,2,2
3398,667,0,620,2,2
3399,668,1,621,2,2
3400,668,0,621,2,2
3401,668,0,621,2,2
3402,668,0,621,2,2
3403,668,0,621,2,2
3404,669,1,622,2,2
3405,669,0,622,2,2
3406,669,0,622,2,2
3407,669,0,622,2,2
3408,669,0,622,2,2
3409,670,1,623,2,2
3410,670,0,623,2,2
3411,670,0,623,2,2
3412,670,0,623,2,2
3413,670,0,623,2,2
3414,671,1,624,2,2
3415,671,0,624,2,2
3416,671,0,624,2,2
3417,671,0,624,2,2
3418,671,0,624,2,2
3419,672,1,624,2,2
3420,672,0,624,2,2
3421,672,0,624,2,2
3422,672,0,624,2,2
3423,672,0,624,2,2
3424,673,1,625,2,2
3425,673,0,625,2,2
3426,673,0,625,2,2
3427,673,0,625,2,2
3428,673,0,625,2,2
3429,674,1,626,2,2
3430,674,0,626,2,2
3431,674,0,626,2,2
3432,674,0,626,2,2
3433,674,0,626,2,2
3434,675,1,627,2,2
3435,675,0,627,2,2
3436,675,0,627,2,2
3437,675,0,627,2,2
3438,675,0,627,2,2
3439,676,1,628,2,2
3440,676,0,628,2,2
3441,676,0,628,2,2
3442,676,0,628,2,2
3443,676,0,628,2,2
3444,677,1,629,2,2
3445,677,0,629,2,2
3446,677,0,629,2,2
3447,677,0,629,2,2
3448,677,0,629,2,2
3449,678,1,630,2,2
3450,678,0,630,2,2
3451,678,0,630,2,2
3452,678,0,630,2,2
3453,678,0,630,2,2
3454,679,1,631,2,2
3455,679,0,631,2,2
3456,679,0,631,2,2
3457,679,0,631,2,2
3458,679,0,631,2,2
3459,680,1,632,2,2
3460,680,0,632,2,2
3461,680,0,632,2,2
3462,680,0,632,2,2
3463,680,0,632,2,2
3464,681,1,633,2,2
3465,681,0,633,2,2
3466,681,0,633,2,2
3467,681,0,633,2,2
3468,681,0,633,2,2
3469,682,1,634,2,2
3470,682,0,634,2,2
3471,682,0,634,2,2
3472,682,0,634,2,2
3473,682,0,634,2,2
3474,683,1,635,2,2
3475,683,0,635,2,2
3476,683,0,635,2,2
3477,683,0,635,2,2
3478,683,0,635,2,2
3479,684,1,636,2,2
3480,684,0,636,2,2
3481,684,0,636,2,2
3482,684,0,636,2,2
3483,684,0,636,2,2
3484,685,1,637,2,2
3485,685,0,637,2,2
3486,685,0,637,2,2
3487,685,0,637,2,2
3488,685,0,637,2,2
3489,686,1,638,2,2
3490,686,0,638,2,2
3491,686,0,638,2,2
3492,686,0,638,2,2
3493,686,0,638,2,2
3494,687,1,639,2,2
3495,687,0,639,2,2
3496,687,0,639,2,2
3497,687,0,639,2,2
3498,687,0,639,2,2
3499,688,1,639,2,2
3500,688,0,639,2,2
3501,688,0,639,2,2
3502,688,0,639,2,2
3503,688,0,639,2,2
3504,689,1,640,2,2
3505,689,0,640,2,2
3506,689,0,640,2,2
3507,689,0,640,2,2
3508,689,0,640,2,2
3509,690,1,641,2,2
3510,690,0,641,2,2
3511,690,0,641,2,2
3512,690,0,641,2,2
3513,690,0,641,2,2
3514,691,1,642,2,2
3515,691,0,642,2,2
3516,691,0,642,2,2
3517,691,0,642,2,2
3518,691,0,642,2,2
3519,692,1,643,2,2
3520,692,0,643,2,2
3521,692,0,643,2,2
3522,692,0,643,2,2
3523,692,0,643,2,2
3524,693,1,644,2,2
3525,693,0,644,2,2
3526,693,0,644,2,2
3527,693,0,644,2,2
3528,693,0,644,2,2
3529,694,1,645,2,2
3530,694,0,645,2,2
3531,694,0,645,2,2
3532,694,0,645,2,2
3533,694,0,645,2,2
3534,695,1,646,2,2
3535,695,0,646,2,2
3536,695,0,646,2,2
3537,695,0,646,2,2
3538,695,0,646,2,2
3539,696,1,647,2,2
3540,696,0,647,2,2
3541,696,0,647,2,2
3542,696,0,647,2,2
3543,696,0,647,2,2
3544,697,1,648,2,2
3545,697,0,648,2,2
3546,697,0,648,2,2
3547,697,0,648,2,2
3548,697,0,648,2,2
3549,698,1,649,2,2
3550,698,0,649,2,2
3551,698,0,649,2,2
3552,698,0,649,2,2
3553,698,0,649,2,2
3554,699,1,650,2,2
3555,699,0,650,2,2
3556,699,0,650,2,2
3557,699,0,650,2,2
3558,699,0,650,2,2
3559,700,1,651,2,2
3560,700,0,651,2,2
3561,700,0,651,2,2
3562,700,0,651,2,2
3563,700,0,651,2,2
3564,701,1,652,2,2
3565,701,0,652,2,2
3566,701,0,652,2,2
3567,701,0,652,2,2
3568,701,0,652,2,2
3569,702,1,653,2,2
3570,702,0,653,2,2
3571,702,0,653,2,2
3572,702,0,653,2,2
3573,702,0,653,2,2
3574,703,1,654,2,2
3575,703,0,654,2,2
3576,703,0,654,2,2
3577,703,0,654,2,2
3578,703,0,654,2,2
3579,704,1,654,2,2
3580,704,0,654,2,2
3581,704,0,654,2,2
3582,704,0,654,2,2
3583,704,0,654,2,2
3584,705,1,655,2,2
3585,705,0,655,2,2
3586,705,0,655,2,2
3587,705,0,655,2,2
3588,705,0,655,2,2
3589,706,1,656,2,2
3590,706,0,656,2,2
3591,706,0,656,2,2
3592,706,0,656,2,2
3593,706,0,656,2,2
3594,707,1,657,2,2
3595,707,0,657,2,2
3596,707,0,657,2,2
3597,707,0,657,2,2
3598,707,0,657,2,2
3599,708,1,658,2,2
3600,708,0,658,2,2
3601,708,0,658,2,2
3602,708,0,658,2,2
3603,708,0,658,2,2
3604,708,0,658,2,2
3605,709,1,659,2,2
3606,709,0,659,2,2
3607,709,0,659,2,2
3608,709,0,659,2,2
3609,709,0,659,2,2
3610,710,1,660,2,2
3611,710,0,660,2,2
3612,710,0,660,2,2
3613,710,0,660,2,2
3614,710,0,660,2,2
3615,711,1,661,2,2
3616,711,0,661,2,2
3617,711,0,661,2,2
3618,711,0,661,2,2
3619,711,0,661,2,2
3620,711,0,661,2,2
3621,712,1,662,2,2
3622,712,0,662,2,2
3623,712,0,662,2,2
3624,712,0,662,2,2
3625,712,0,662,2,2
3626,713,1,663,2,2
3627,713,0,663,2,2
3628,713,0,663,2,2
3629,713,0,663,2,2
3630,713,0,663,2,2
3631,713,0,663,2,2
3632,714,1,664,2,2
3633,714,0,664,2,2
3634,714,0,664,2,2
3635,714,0,664,2,2
3636,714,0,664,2,2
3637,715,1,665,2,2
3638,715,0,665,2,2
3639,715,0,665,2,2
3640,715,0,665,2,2
3641,715,0,665,2,2
3642,715,0,665,2,2
3643,716,1,666,2,2
3644,716,0,666,2,2
3645,716,0,666,2,2
3646,716,0,666,2,2
3647,716,0,666,2,2
3648,717,1,667,2,2
3649,717,0,667,2,2
3650,717,0,667,2,2
3651,717,0,667,2,2
3652,717,0,667,2,2
3653,718,1,668,2,2
3654,718,0,668,2,2
3655,718,0,668,2,2
3656,718,0,668,2,2
3657,718,0,668,2,2
3658,718,0,668,2,2
3659,719,1,669,2,2
3660,719,0,669,2,2
3661,719,0,669,2,2
3662,719,0,669,2,2
3663,719,0,669,2,2
3664,720,1,670,2,2
3665,720,0,670,2,2
3666,720,0,670,2,2
3667,720,0,670,2,2
3668,720,0,670,2,2
3669,721,1,671,2,2
3670,721,0,671,2,2
3671,721,0,671,2,2
3672,721,0,671,2,2
3673,721,0,671,2,2
3674,721,0,671,2,2
3675,722,1,672,2,2
3676,722,0,672,2,2
3677,722,0,672,2,2
3678,722,0,672,2,2
3679,722,0,672,2,2
3680,723,1,673,2,2
3681,723,0,673,2,2
3682,723,0,673,2,2
3683,723,0,673,2,2
3684,723,0,673,2,2
3685,724,1,674,2,2
3686,724,0,674,2,2
3687,724,0,674,2,2
3688,724,0,674,2,2
3689,724,0,674,2,2
3690,724,0,674,2,2
3691,725,1,675,2,2
3692,725,0,675,2,2
3693,725,0,675,2,2
3694,725,0,675,2,2
3695,725,0,675,2,2
3696,726,1,676,2,2
3697,726,0,676,2,2
3698,726,0,676,2,2
3699,726,0,676,2,2
3700,726,0,676,2,2
3701,726,0,676,2,2
3702,727,1,677,2,2
3703,727,0,677,2,2
3704,727,0,677,2,2
3705,727,0,677,2,2
3706,727,0,677,2,2
3707,728,1,678,2,2
3708,728,0,678,2,2
3709,728,0,678,2,2
3710,728,0,678,2,2
3711,728,0,678,2,2
3712,728,0,678,2,2
3713,729,1,679,2,2
3714,729,0,679,2,2
3715,729,0,679,2,2
3716,729,0,679,2,2
3717,729,0,679,2,2
3718,730,1,681,2,2
3719,730,0,681,2,2
3720,730,0,681,2,2
3721,730,0,681,2,2
3722,730,0,681,2,2
3723,730,0,681,2,2
3724,731,1,681,2,2
3725,731,0,681,2,2
3726,731,0,681,2,2
3727,731,0,681,2,2
3728,731,0,681,2,2
3729,732,1,683,2,2
3730,732,0,683,2,2
3731,732,0,683,2,2
3732,732,0,683,2,2
3733,732,0,683,2,2
3734,732,0,683,2,2
3735,733,1,684,2,2
3736,733,0,684,2,2
3737,733,0,684,2,2
3738,733,0,684,2,2
3739,733,0,684,2,2
3740,734,1,685,2,2
3741,734,0,685,2,2
3742,734,0,685,2,2
3743,734,0,685,2,2
3744,734,0,685,2,2
3745,734,0,685,2,2
3746,735,1,686,2,2
3747,735,0,686,2,2
3748,735,0,686,2,2
3749,735,0,686,2,2
3750,735,0,686,2,2
3751,736,1,687,2,2
3752,736,0,687,2,2
3753,736,0,687,2,2
3754,736,0,687,2,2
3755,736,0,687,2,2
3756,736,0,687,2,2
3757,737,1,688,2,2
3758,737,0,688,2,2
3759,737,0,688,2,2
3760,737,0,688,2,2
3761,737,0,688,2,2
3762,738,1,689,2,2
3763,738,0,689,2,2
3764,738,0,689,2,2
3765,738,0,689,2,2
3766,738,0,689,2,2
3767,738,0,689,2,2
3768,739,1,690,2,2
3769,739,0,690,2,2
3770,739,0,690,2,2
3771,739,0,690,2,2
3772,739,0,690,2,2
3773,740,1,691,2,2
3774,740,0,691,2,2
3775,740,0,691,2,2
3776,740,0,691,2,2
3777,740,0,691,2,2
3778,741,1,692,2,2
3779,741,0,692,2,2
3780,741,0,692,2,2
3781,741,0,692,2,2
3782,741,0,692,2,2
3783,742,1,693,2,2
3784,742,0,693,2,2
3785,742,0,693,2,2
3786,742,0,693,2,2
3787,742,0,693,2,2
3788,743,1,694,2,2
3789,743,0,694,2,2
3790,743,0,694,2,2
3791,743,0,694,2,2
3792,743,0,694,2,2
3793,744,1,695,2,2
3794,744,0,695,2,2
3795,744,0,695,2,2
3796,744,0,695,2,2
3797,744,0,695,2,2
3798,744,0,695,2,2
3799,745,1,696,2,2
3800,745,0,696,2,2
3801,745,0,696,2,2
3802,745,0,696,2,2
3803,745,0,696,2,2
3804,746,1,697,2,2
3805,746,0,697,2,2
3806,746,0,697,2,2
3807,746,0,697,2,2
3808,746,0,697,2,2
3809,747,1,698,2,2
3810,747,0,698,2,2
3811,747,0,698,2,2
3812,747,0,698,2,2
3813,747,0,698,2,2
3814,747,0,698,2,2
3815,748,1,699,2,2
3816,748,0,699,2,2
3817,748,0,699,2,2
3818,748,0,699,2,2
3819,748,0,699,2,2
3820,749,1,700,2,2
3821,749,0,700,2,2
3822,749,0,700,2,2
3823,749,0,700,2,2
3824,749,0,700,2,2
3825,749,0,700,2,2
3826,750,1,701,2,2
3827,750,0,701,2,2
3828,750,0,701,2,2
3829,750,0,701,2,2
3830,750,0,701,2,2
3831,751,1,702,2,2
3832,751,0,702,2,2
3833,751,0,702,2,2
3834,751,0,702,2,2
3835,751,0,702,2,2
3836,751,0,702,2,2
3837,752,1,703,2,2
3838,752,0,703,2,2
3839,752,0,703,2,2
3840,752,0,703,2,2
3841,752,0,703,2,2
3842,753,1,704,2,2
3843,753,0,704,2,2
3844,753,0,704,2,2
3845,753,0,704,2,2
3846,753,0,704,2,2
3847,753,0,704,2,2
3848,754,1,705,2,2
3849,754,0,705,2,2
3850,754,0,705,2,2
3851,754,0,705,2,2
3852,754,0,705,2,2
3853,754,0,705,2,2
3854,755,1,706,2,2
3855,755,0,706,2,2
3856,755,0,706,2,2
3857,755,0,706,2,2
3858,755,0,706,2,2
3859,756,1,707,2,2
3860,756,0,707,2,2
3861,756,0,707,2,2
3862,756,0,707,2,2
3863,756,0,707,2,2
3864,756,0,707,2,2
3865,757,1,708,2,2
3866,757,0,708,2,2
3867,757,0,708,2,2
3868,757,0,708,2,2
3869,757,0,708,2,2
3870,757,0,708,2,2
3871,758,1,709,2,2
3872,758,0,709,2,2
3873,758,0,709,2,2
3874,758,0,709,2,2
3875,758,0,709,2,2
3876,758,0,709,2,2
3877,759,1,710,2,2
3878,759,0,710,2,2
3879,759,0,710,2,2
3880,759,0,710,2,2
3881,759,0,710,2,2
3882,760,1,711,2,2
3883,760,0,711,2,2
3884,760,0,711,2,2
3885,760,0,711,2,2
3886,760,0,711,2,2
3887,760,0,711,2,2
3888,761,1,712,2,2
3889,761,0,712,2,2
3890,761,0,712,2,2
3891,761,0,712,2,2
3892,761,0,712,2,2
3893,761,0,712,2,2
3894,762,1,713,2,2
3895,762,0,713,2,2
3896,762,0,713,2,2
3897,762,0,713,2,2
3898,762,0,713,2,2
3899,763,1,714,2,2
3900,763,0,714,2,2
3901,763,0,714,2,2
3902,763,0,714,2,2
3903,763,0,714,2,2
3904,763,0,714,2,2
3905,764,1,715,2,2
3906,764,0,715,2,2
3907,764,0,715,2,2
3908,764,0,715,2,2
3909,764,0,715,2,2
3910,764,0,715,2,2
3911,765,1,717,2,2
3912,765,0,717,2,2
3913,765,0,717,2,2
3914,765,0,717,2,2
3915,765,0,717,2,2
3916,765,0,717,2,2
3917,766,1,718,2,2
3918,766,0,718,2,2
3919,766,0,718,2,2
3920,766,0,718,2,2
3921,766,0,718,2,2
3922,766,0,718,2,2
3923,767,1,719,2,2
3924,767,0,719,2,2
3925,767,0,719,2,2
3926,767,0,719,2,2
3927,767,0,719,2,2
3928,767,0,719,2,2
3929,768,1,720,2,2
3930,768,0,720,2,2
3931,768,0,720,2,2
3932,768,0,720,2,2
3933,768,0,720,2,2
3934,768,0,720,2,2
3935,769,1,721,2,2
3936,769,0,721,2,2
3937,769,0,721,2,2
3938,769,0,721,2,2
3939,769,0,721,2,2
3940,769,0,721,2,2
3941,770,1,722,2,2
3942,770,0,722,2,2
3943,770,0,722,2,2
3944,770,0,722,2,2
3945,770,0,722,2,2
3946,770,0,722,2,2
3947,771,1,723,2,2
3948,771,0,723,2,2
3949,771,0,723,2,2
3950,771,0,723,2,2
3951,771,0,723,2,2
3952,771,0,723,2,2
3953,772,1,724,2,2
3954,772,0,724,2,2
3955,772,0,724,2,2
3956,772,0,724,2,2
3957,772,0,724,2,2
3958,772,0,724,2,2
3959,773,1,726,2,2
3960,773,0,726,2,2
3961,773,0,726,2,2
3962,773,0,726,2,2
3963,773,0,726,2,2
3964,774,1,727,2,2
3965,774,0,727,2,2
3966,774,0,727,2,2
3967,774,0,727,2,2
3968,774,0,727,2,2
3969,774,0,727,2,2
3970,775,1,728,2,2
3971,775,0,728,2,2
3972,775,0,728,2,2
3973,775,0,728,2,2
3974,775,0,728,2,2
3975,775,0,728,2,2
3976,776,1,729,2,2
3977,776,0,729,2,2
3978,776,0,729,2,2
3979,776,0,729,2,2
3980,776,0,729,2,2
3981,776,0,729,2,2
3982,777,1,730,2,2
3983,777,0,730,2,2
3984,777,0,730,2,2
3985,777,0,730,2,2
3986,777,0,730,2,2
3987,777,0,730,2,2
3988,778,1,731,2,2
3989,778,0,731,2,2
3990,778,0,731,2,2
3991,778,0,731,2,2
3992,778,0,731,2,2
3993,778,0,731,2,2
3994,779,1,732,2,2
3995,779,0,732,2,2
3996,779,0,732,2,2
3997,779,0,732,2,2
3998,779,0,732,2,2
3999,779,0,732,2,2
4000,780,1,733,2,2
4001,780,0,733,2,2
4002,780,0,733,2,2
4003,780,0,733,2,2
4004,780,0,733,2,2
4005,780,0,733,2,2
4006,781,1,734,2,2
4007,781,0,734,2,2
4008,781,0,734,2,2
4009,781,0,734,2,2
4010,781,0,734,2,2
4011,781,0,734,2,2
4012,782,1,735,2,2
4013,782,0,735,2,2
4014,782,0,735,2,2
4015,782,0,735,2,2
4016,782,0,735,2,2
4017,782,0,735,2,2
4018,783,1,737,2,2
4019,783,0,737,2,2
4020,783,0,737,2,2
4021,783,0,737,2,2
4022,783,0,737,2,2
4023,783,0,737,2,2
4024,784,1,738,2,2
4025,784,0,738,2,2
4026,784,0,738,2,2
4027,784,0,738,2,2
4028,784,0,738,2,2
4029,784,0,738,2,2
4030,785,1,739,2,2
4031,785,0,739,2,2
4032,785,0,739,2,2
4033,785,0,739,2,2
4034,785,0,739,2,2
4035,785,0,739,2,2
4036,785,0,739,2,2
4037,786,1,740,2,2
4038,786,0,740,2,2
4039,786,0,740,2,2
4040,786,0,740,2,2
4041,786,0,740,2,2
4042,786,0,740,2,2
4043,786,0,740,2,2
4044,786,0,740,2,2
4045,787,1,741,2,2
4046,787,0,741,2,2
4047,787,0,741,2,2
4048,787,0,741,2,2
4049,787,0,741,2,2
4050,787,0,741,2,2
4051,787,0,741,2,2
4052,788,1,743,2,2
4053,788,0,743,2,2
4054,788,0,743,2,2
4055,788,0,743,2,2
4056,788,0,743,2,2
4057,788,0,743,2,2
4058,788,0,743,2,2
4059,789,1,744,2,2
4060,789,0,744,2,2
4061,789,0,744,2,2
4062,789,0,744,2,2
4063,789,0,744,2,2
4064,789,0,744,2,2
4065,789,0,744,2,2
4066,790,1,745,2,2
4067,790,0,745,2,2
4068,790,0,745,2,2
4069,790,0,745,2,2
4070,790,0,745,2,2
4071,790,0,745,2,2
4072,790,0,745,2,2
4073,791,1,747,2,2
4074,791,0,747,2,2
4075,791,0,747,2,2
4076,791,0,747,2,2
4077,791,0,747,2,2
4078,791,0,747,2,2
4079,791,0,747,2,2
4080,792,1,748,2,2
4081,792,0,748,2,2
4082,792,0,748,2,2
4083,792,0,748,2,2
4084,792,0,748,2,2
4085,792,0,748,2,2
4086,792,0,748,2,2
4087,793,1,749,2,2
4088,793,0,749,2,2
4089,793,0,749,2,2
4090,793,0,749,2,2
4091,793,0,749,2,2
4092,793,0,749,2,2
4093,794,1,751,2,2
4094,794,0,751,2,2
4095,794,0,751,2,2
4096,794,0,751,2,2
4097,794,0,751,2,2
4098,794,0,751,2,2
4099,794,0,751,2,2
4100,795,1,752,2,2
4101,795,0,752,2,2
4102,795,0,752,2,2
4103,795,0,752,2,2
4104,795,0,752,2,2
4105,795,0,752,2,2
4106,796,1,753,2,2
4107,796,0,753,2,2
4108,796,0,753,2,2
4109,796,0,753,2,2
4110,796,0,753,2,2
4111,796,0,753,2,2
4112,796,0,753,2,2
4113,797,1,754,2,2
4114,797,0,754,2,2
4115,797,0,754,2,2
4116,797,0,754,2,2
4117,797,0,754,2,2
4118,797,0,754,2,2
4119,798,1,756,2,2
4120,798,0,756,2,2
4121,798,0,756,2,2
4122,798,0,756,2,2
4123,798,0,756,2,2
4124,798,0,756,2,2
4125,799,1,757,2,2
4126,799,0,757,2,2
4127,799,0,757,2,2
4128,799,0,757,2,2
4129,799,0,757,2,2
4130,799,0,757,2,2
4131,799,0,757,2,2
4132,800,1,758,2,2
4133,800,0,758,2,2
4134,800,0,758,2,2
4135,800,0,758,2,2
4136,800,0,758,2,2
4137,800,0,758,2,2
4138,800,0,758,2,2
4139,801,1,759,2,2
4140,801,0,759,2,2
4141,801,0,759,2,2
4142,801,0,759,2,2
4143,801,0,759,2,2
4144,801,0,759,2,2
4145,802,1,760,2,2
4146,802,0,760,2,2
4147,802,0,760,2,2
4148,802,0,760,2,2
4149,802,0,760,2,2
4150,802,0,760,2,2
4151,802,0,760,2,2
4152,803,1,762,2,2
4153,803,0,762,2,2
4154,803,0,762,2,2
4155,803,0,762,2,2
4156,803,0,762,2,2
4157,803,0,762,2,2
4158,803,0,762,2,2
4159,804,1,763,2,2
4160,804,0,763,2,2
4161,804,0,763,2,2
4162,804,0,763,2,2
4163,804,0,763,2,2
4164,804,0,763,2,2
4165,805,1,764,2,2
4166,805,0,764,2,2
4167,805,0,764,2,2
4168,805,0,764,2,2
4169,805,0,764,2,2
4170,805,0,764,2,2
4171,805,0,764,2,2
4172,806,1,765,2,2
4173,806,0,765,2,2
4174,806,0,765,2,2
4175,806,0,765,2,2
4176,806,0,765,2,2
4177,806,0,765,2,2
4178,806,0,765,2,2
4179,807,1,767,2,2
4180,807,0,767,2,2
4181,807,0,767,2,2
4182,807,0,767,2,2
4183,807,0,767,2,2
4184,807,0,767,2,2
4185,808,1,768,2,2
4186,808,0,768,2,2
4187,808,0,768,2,2
4188,808,0,768,2,2
4189,808,0,768,2,2
4190,808,0,768,2,2
4191,808,0,768,2,2
4192,809,1,769,2,2
4193,809,0,769,2,2
4194,809,0,769,2,2
4195,809,0,769,2,2
4196,809,0,769,2,2
4197,809,0,769,2,2
4198,809,0,769,2,2
4199,810,1,770,2,2
4200,810,0,770,2,2
4201,810,0,770,2,2
4202,810,0,770,2,2
4203,810,0,770,2,2
4204,810,0,770,2,2
4205,811,1,772,2,2
4206,811,0,772,2,2
4207,811,0,772,2,2
4208,811,0,772,2,2
4209,811,0,772,2,2
4210,811,0,772,2,2
4211,811,0,772,2,2
4212,812,1,773,2,2
4213,812,0,773,2,2
4214,812,0,773,2,2
4215,812,0,773,2,2
4216,812,0,773,2,2
4217,812,0,773,2,2
4218,812,0,773,2,2
4219,813,1,774,2,2
4220,813,0,774,2,2
4221,813,0,774,2,2
4222,813,0,774,2,2
4223,813,0,774,2,2
4224,813,0,774,2,2
4225,814,1,775,2,2
4226,814,0,775,2,2
4227,814,0,775,2,2
4228,814,0,775,2,2
4229,814,0,775,2,2
4230,814,0,775,2,2
4231,814,0,775,2,2
4232,815,1,777,2,2
4233,815,0,777,2,2
4234,815,0,777,2,2
4235,815,0,777,2,2
4236,815,0,777,2,2
4237,815,0,777,2,2
4238,815,0,777,2,2
4239,816,1,778,2,2
4240,816,0,778,2,2
4241,816,0,778,2,2
4242,816,0,778,2,2
4243,816,0,778,2,2
4244,816,0,778,2,2
4245,816,0,778,2,2
4246,816,0,778,2,2
4247,817,1,779,2,2
4248,817,0,779,2,2
4249,817,0,779,2,2
4250,817,0,779,2,2
4251,817,0,779,2,2
4252,817,0,779,2,2
4253,817,0,779,2,2
4254,818,1,781,2,2
4255,818,0,781,2,2
4256,818,0,781,2,2
4257,818,0,781,2,2
4258,818,0,781,2,2
4259,818,0,781,2,2
4260,818,0,781,2,2
4261,819,1,782,2,2
4262,819,0,782,2,2
4263,819,0,782,2,2
4264,819,0,782,2,2
4265,819,0,782,2,2
4266,819,0,782,2,2
4267,819,0,782,2,2
4268,820,1,783,2,2
4269,820,0,783,2,2
4270,820,0,783,2,2
4271,820,0,783,2,2
4272,820,0,783,2,2
4273,820,0,783,2,2
4274,821,1,785,2,2
4275,821,0,785,2,2
4276,821,0,785,2,2
4277,821,0,785,2,2
4278,821,0,785,2,2
4279,821,0,785,2,2
4280,821,0,785,2,2
4281,822,1,786,2,2
4282,822,0,786,2,2
4283,822,0,786,2,2
4284,822,0,786,2,2
4285,822,0,786,2,2
4286,822,0,786,2,2
4287,823,1,787,2,2
4288,823,0,787,2,2
4289,823,0,787,2,2
4290,823,0,787,2,2
4291,823,0,787,2,2
4292,823,0,787,2,2
4293,823,0,787,2,2
4294,824,1,788,2,2
4295,824,0,788,2,2
4296,824,0,788,2,2
4297,824,0,788,2,2
4298,824,0,788,2,2
4299,824,0,788,2,2
4300,824,0,788,2,2
4301,825,1,789,2,2
4302,825,0,789,2,2
4303,825,0,789,2,2
4304,825,0,789,2,2
4305,825,0,789,2,2
4306,825,0,789,2,2
4307,826,1,791,2,2
4308,826,0,791,2,2
4309,826,0,791,2,2
4310,826,0,791,2,2
4311,826,0,791,2,2
4312,826,0,791,2,2
4313,826,0,791,2,2
4314,827,1,792,2,2
4315,827,0,792,2,2
4316,827,0,792,2,2
4317,827,0,792,2,2
4318,827,0,792,2,2
4319,827,0,792,2,2
4320,828,1,793,2,2
4321,828,0,793,2,2
4322,828,0,793,2,2
4323,828,0,793,2,2
4324,828,0,793,2,2
4325,828,0,793,2,2
4326,829,1,794,2,2
4327,829,0,794,2,2
4328,829,0,794,2,2
4329,829,0,794,2,2
4330,829,0,794,2,2
4331,829,0,794,2,2
4332,830,1,795,2,2
4333,830,0,795,2,2
4334,830,0,795,2,2
4335,830,0,795,2,2
4336,830,0,795,2,2
4337,830,0,795,2,2
4338,830,0,795,2,2
4339,831,1,797,2,2
4340,831,0,797,2,2
4341,831,0,797,2,2
4342,831,0,797,2,2
4343,831,0,797,2,2
4344,831,0,797,2,2
4345,832,1,798,2,2
4346,832,0,798,2,2
4347,832,0,798,2,2
4348,832,0,798,2,2
4349,832,0,798,2,2
4350,832,0,798,2,2
4351,833,1,799,2,2
4352,833,0,799,2,2
4353,833,0,799,2,2
4354,833,0,799,2,2
4355,833,0,799,2,2
4356,833,0,799,2,2
4357,833,0,799,2,2
4358,834,1,800,2,2
4359,834,0,800,2,2
4360,834,0,800,2,2
4361,834,0,800,2,2
4362,834,0,800,2,2
4363,834,0,800,2,2
4364,835,1,801,2,2
4365,835,0,801,2,2
4366,835,0,801,2,2
4367,835,0,801,2,2
4368,835,0,801,2,2
4369,835,0,801,2,2
4370,836,1,803,2,2
4371,836,0,803,2,2
4372,836,0,803,2,2
4373,836,0,803,2,2
4374,836,0,803,2,2
4375,836,0,803,2,2
4376,837,1,804,2,2
4377,837,0,804,2,2
4378,837,0,804,2,2
4379,837,0,804,2,2
4380,837,0,804,2,2
4381,837,0,804,2,2
4382,837,0,804,2,2
4383,838,1,805,2,2
4384,838,0,805,2,2
4385,838,0,805,2,2
4386,838,0,805,2,2
4387,838,0,805,2,2
4388,838,0,805,2,2
4389,839,1,806,2,2
4390,839,0,806,2,2
4391,839,0,806,2,2
4392,839,0,806,2,2
4393,839,0,806,2,2
4394,839,0,806,2,2
4395,840,1,807,2,2
4396,840,0,807,2,2
4397,840,0,807,2,2
4398,840,0,807,2,2
4399,840,0,807,2,2
4400,840,0,807,2,2
4401,841,1,808,2,2
4402,841,0,808,2,2
4403,841,0,808,2,2
4404,841,0,808,2,2
4405,841,0,808,2,2
4406,841,0,808,2,2
4407,842,1,810,2,2
4408,842,0,810,2,2
4409,842,0,810,2,2
4410,842,0,810,2,2
4411,842,0,810,2,2
4412,842,0,810,2,2
4413,843,1,811,2,2
4414,843,0,811,2,2
4415,843,0,811,2,2
4416,843,0,811,2,2
4417,843,0,811,2,2
4418,843,0,811,2,2
4419,844,1,812,2,2
4420,844,0,812,2,2
4421,844,0,812,2,2
4422,844,0,812,2,2
4423,844,0,812,2,2
4424,844,0,812,2,2
4425,845,1,813,2,2
4426,845,0,813,2,2
4427,845,0,813,2,2
4428,845,0,813,2,2
4429,845,0,813,2,2
4430,845,0,813,2,2
4431,845,0,813,2,2
4432,846,1,814,2,2
4433,846,0,814,2,2
4434,846,0,814,2,2
4435,846,0,814,2,2
4436,846,0,814,2,2
4437,846,0,814,2,2
4438,846,0,814,2,2
4439,847,1,815,2,2
4440,847,0,815,2,2
4441,847,0,815,2,2
4442,847,0,815,2,2
4443,847,0,815,2,2
4444,847,0,815,2,2
4445,848,1,817,2,2
4446,848,0,817,2,2
4447,848,0,817,2,2
4448,848,0,817,2,2
4449,848,0,817,2,2
4450,848,0,817,2,2
4451,848,0,817,2,2
4452,849,1,818,2,2
4453,849,0,818,2,2
4454,849,0,818,2,2
4455,849,0,818,2,2
4456,849,0,818,2,2
4457,849,0,818,2,2
4458,850,1,819,2,2
4459,850,0,819,2,2
4460,850,0,819,2,2
4461,850,0,819,2,2
4462,850,0,819,2,2
4463,850,0,819,2,2
4464,850,0,819,2,2
4465,851,1,820,2,2
4466,851,0,820,2,2
4467,851,0,820,2,2
4468,851,0,820,2,2
4469,851,0,820,2,2
4470,851,0,820,2,2
4471,852,1,822,2,2
4472,852,0,822,2,2
4473,852,0,822,2,2
4474,852,0,822,2,2
4475,852,0,822,2,2
4476,852,0,822,2,2
4477,852,0,822,2,2
4478,853,1,823,2,2
4479,853,0,823,2,2
4480,853,0,823,2,2
4481,853,0,823,2,2
4482,853,0,823,2,2
4483,853,0,823,2,2
4484,854,1,824,2,2
4485,854,0,824,2,2
4486,854,0,824,2,2
4487,854,0,824,2,2
4488,854,0,824,2,2
4489,854,0,824,2,2
4490,855,1,825,2,2
4491,855,0,825,2,2
4492,855,0,825,2,2
4493,855,0,825,2,2
4494,855,0,825,2,2
4495,855,0,825,2,2
4496,855,0,825,2,2
4497,856,1,826,2,2
4498,856,0,826,2,2
4499,856,0,826,2,2
4500,856,0,826,2,2
4501,856,0,826,2,2
4502,856,0,826,2,2
4503,857,1,828,2,2
4504,857,0,828,2,2
4505,857,0,828,2,2
4506,857,0,828,2,2
4507,857,0,828,2,2
4508,857,0,828,2,2
4509,858,1,829,2,2
4510,858,0,829,2,2
4511,858,0,829,2,2
4512,858,0,829,2,2
4513,858,0,829,2,2
4514,858,0,829,2,2
4515,859,1,830,2,2
4516,859,0,830,2,2
4517,859,0,830,2,2
4518,859,0,830,2,2
4519,859,0,830,2,2
4520,859,0,830,2,2
4521,860,1,831,2,2
4522,860,0,831,2,2
4523,860,0,831,2,2
4524,860,0,831,2,2
4525,860,0,831,2,2
4526,860,0,831,2,2
4527,861,1,832,2,2
4528,861,0,832,2,2
4529,861,0,832,2,2
4530,861,0,832,2,2
4531,861,0,832,2,2
4532,861,0,832,2,2
4533,862,1,833,2,2
4534,862,0,833,2,2
4535,862,0,833,2,2
4536,862,0,833,2,2
4537,862,0,833,2,2
4538,862,0,833,2,2
4539,863,1,834,2,2
4540,863,0,834,2,2
4541,863,0,834,2,2
4542,863,0,834,2,2
4543,863,0,834,2,2
4544,864,1,835,2,2
4545,864,0,835,2,2
4546,864,0,835,2,2
4547,864,0,835,2,2
4548,864,0,835,2,2
4549,864,0,835,2,2
4550,865,1,836,2,2
4551,865,0,836,2,2
4552,865,0,836,2,2
4553,865,0,836,2,2
4554,865,0,836,2,2
4555,865,0,836,2,2
4556,865,0,836,2,2
4557,866,1,837,2,2
4558,866,0,837,2,2
4559,866,0,837,2,2
4560,866,0,837,2,2
4561,866,0,837,2,2
4562,867,1,839,2,2
4563,867,0,839,2,2
4564,867,0,839,2,2
4565,867,0,839,2,2
4566,867,0,839,2,2
4567,867,0,839,2,2
4568,868,1,840,2,2
4569,868,0,840,2,2
4570,868,0,840,2,2
4571,868,0,840,2,2
4572,868,0,840,2,2
4573,868,0,840,2,2
4574,869,1,841,2,2
4575,869,0,841,2,2
4576,869,0,841,2,2
4577,869,0,841,2,2
4578,869,0,841,2,2
4579,869,0,841,2,2
4580,870,1,842,2,2
4581,870,0,842,2,2
4582,870,0,842,2,2
4583,870,0,842,2,2
4584,870,0,842,2,2
4585,871,1,843,2,2
4586,871,0,843,2,2
4587,871,0,843,2,2
4588,871,0,843,2,2
4589,871,0,843,2,2
4590,871,0,843,2,2
4591,872,1,844,2,2
4592,872,0,844,2,2
4593,872,0,844,2,2
4594,872,0,844,2,2
4595,872,0,844,2,2
4596,872,0,844,2,2
4597,873,1,845,2,2
4598,873,0,845,2,2
4599,873,0,845,2,2
4600,873,0,845,2,2
4601,873,0,845,2,2
4602,874,1,846,2,2
4603,874,0,846,2,2
4604,874,0,846,2,2
4605,874,0,846,2,2
4606,874,0,846,2,2
4607,874,0,846,2,2
4608,875,1,847,2,2
4609,875,0,847,2,2
4610,875,0,847,2,2
4611,875,0,847,2,2
4612,875,0,847,2,2
4613,876,1,848,2,2
4614,876,0,848,2,2
4615,876,0,848,2,2
4616,876,0,848,2,2
4617,876,0,848,2,2
4618,876,0,848,2,2
4619,876,0,848,2,2
4620,877,1,849,2,2
4621,877,0,849,2,2
4622,877,0,849,2,2
4623,877,0,849,2,2
4624,877,0,849,2,2
4625,877,0,849,2,2
4626,878,1,850,2,2
4627,878,0,850,2,2
4628,878,0,850,2,2
4629,878,0,850,2,2
4630,878,0,850,2,2
4631,878,0,850,2,2
4632,879,1,852,2,2
4633,879,0,852,2,2
4634,879,0,852,2,2
4635,879,0,852,2,2
4636,879,0,852,2,2
4637,879,0,852,2,2
4638,879,0,852,2,2
4639,880,1,853,2,2
4640,880,0,853,2,2
4641,880,0,853,2,2
4642,880,0,853,2,2
4643,880,0,853,2,2
4644,880,0,853,2,2
4645,881,1,854,2,2
4646,881,0,854,2,2
4647,881,0,854,2,2
4648,881,0,854,2,2
4649,881,0,854,2,2
4650,881,0,854,2,2
4651,882,1,855,2,2
4652,882,0,855,2,2
4653,882,0,855,2,2
4654,882,0,855,2,2
4655,882,0,855,2,2
4656,882,0,855,2,2
4657,883,1,856,2,2
4658,883,0,856,2,2
4659,883,0,856,2,2
4660,883,0,856,2,2
4661,883,0,856,2,2
4662,883,0,856,2,2
4663,883,0,856,2,2
4664,884,1,857,2,2
4665,884,0,857,2,2
4666,884,0,857,2,2
4667,884,0,857,2,2
4668,884,0,857,2,2
4669,884,0,857,2,2
4670,885,1,859,2,2
4671,885,0,859,2,2
4672,885,0,859,2,2
4673,885,0,859,2,2
4674,885,0,859,2,2
4675,885,0,859,2,2
4676,886,1,860,2,2
4677,886,0,860,2,2
4678,886,0,860,2,2
4679,886,0,860,2,2
4680,886,0,860,2,2
4681,886,0,860,2,2
4682,887,1,861,2,2
4683,887,0,861,2,2
4684,887,0,861,2,2
4685,887,0,861,2,2
4686,887,0,861,2,2
4687,887,0,861,2,2
4688,888,1,862,2,2
4689,888,0,862,2,2
4690,888,0,862,2,2
4691,888,0,862,2,2
4692,888,0,862,2,2
4693,889,1,863,2,2
4694,889,0,863,2,2
4695,889,0,863,2,2
4696,889,0,863,2,2
4697,889,0,863,2,2
4698,889,0,863,2,2
4699,890,1,864,2,2
4700,890,0,864,2,2
4701,890,0,864,2,2
4702,890,0,864,2,2
4703,890,0,864,2,2
4704,890,0,864,2,2
4705,891,1,865,2,2
4706,891,0,865,2,2
4707,891,0,865,2,2
4708,891,0,865,2,2
4709,891,0,865,2,2
4710,892,1,866,2,2
4711,892,0,866,2,2
4712,892,0,866,2,2
4713,892,0,866,2,2
4714,892,0,866,2,2
4715,892,0,866,2,2
4716,893,1,867,2,2
4717,893,0,867,2,2
4718,893,0,867,2,2
4719,893,0,867,2,2
4720,893,0,867,2,2
4721,893,0,867,2,2
4722,894,1,868,2,2
4723,894,0,868,2,2
4724,894,0,868,2,2
4725,894,0,868,2,2
4726,894,0,868,2,2
4727,894,0,868,2,2
4728,895,1,870,2,2
4729,895,0,870,2,2
4730,895,0,870,2,2
4731,895,0,870,2,2
4732,895,0,870,2,2
4733,896,1,871,2,2
4734,896,0,871,2,2
4735,896,0,871,2,2
4736,896,0,871,2,2
4737,896,0,871,2,2
4738,896,0,871,2,2
4739,897,1,872,2,2
4740,897,0,872,2,2
4741,897,0,872,2,2
4742,897,0,872,2,2
4743,897,0,872,2,2
4744,897,0,872,2,2
4745,898,1,873,2,2
4746,898,0,873,2,2
4747,898,0,873,2,2
4748,898,0,873,2,2
4749,898,0,873,2,2
4750,899,1,874,2,2
4751,899,0,874,2,2
4752,899,0,874,2,2
4753,899,0,874,2,2
4754,899,0,874,2,2
4755,899,0,874,2,2
4756,900,1,875,2,2
4757,900,0,875,2,2
4758,900,0,875,2,2
4759,900,0,875,2,2
4760,900,0,875,2,2
4761,900,0,875,2,2
4762,901,1,876,2,2
4763,901,0,876,2,2
4764,901,0,876,2,2
4765,901,0,876,2,2
4766,901,0,876,2,2
4767,901,0,876,2,2
4768,902,1,877,2,2
4769,902,0,877,2,2
4770,902,0,877,2,2
4771,902,0,877,2,2
4772,902,0,877,2,2
4773,903,1,878,2,2
4774,903,0,878,2,2
4775,903,0,878,2,2
4776,903,0,878,2,2
4777,903,0,878,2,2
4778,903,0,878,2,2
4779,904,1,879,2,2
4780,904,0,879,2,2
4781,904,0,879,2,2
4782,904,0,879,2,2
4783,904,0,879,2,2
4784,904,0,879,2,2
4785,905,1,880,2,2
4786,905,0,880,2,2
4787,905,0,880,2,2
4788,905,0,880,2,2
4789,905,0,880,2,2
4790,906,1,881,2,2
4791,906,0,881,2,2
4792,906,0,881,2,2
4793,906,0,881,2,2
4794,906,0,881,2,2
4795,906,0,881,2,2
4796,907,1,882,2,2
4797,907,0,882,2,2
4798,907,0,882,2,2
4799,907,0,882,2,2
4800,907,0,882,2,2
4801,907,0,882,2,2
4802,908,1,883,2,2
4803,908,0,883,2,2
4804,908,0,883,2,2
4805,908,0,883,2,2
4806,908,0,883,2,2
4807,908,0,883,2,2
4808,909,1,885,2,2
4809,909,0,885,2,2
4810,909,0,885,2,2
4811,909,0,885,2,2
4812,909,0,885,2,2
4813,909,0,885,2,2
4814,910,1,886,2,2
4815,910,0,886,2,2
4816,910,0,886,2,2
4817,910,0,886,2,2
4818,910,0,886,2,2
4819,910,0,886,2,2
4820,911,1,887,2,2
4821,911,0,887,2,2
4822,911,0,887,2,2
4823,911,0,887,2,2
4824,911,0,887,2,2
4825,912,1,888,2,2
4826,912,0,888,2,2
4827,912,0,888,2,2
4828,912,0,888,2,2
4829,912,0,888,2,2
4830,912,0,888,2,2
4831,913,1,889,2,2
4832,913,0,889,2,2
4833,913,0,889,2,2
4834,913,0,889,2,2
4835,913,0,889,2,2
4836,913,0,889,2,2
4837,914,1,890,2,2
4838,914,0,890,2,2
4839,914,0,890,2,2
4840,914,0,890,2,2
4841,914,0,890,2,2
4842,914,0,890,2,2
4843,915,1,891,2,2
4844,915,0,891,2,2
4845,915,0,891,2,2
4846,915,0,891,2,2
4847,915,0,891,2,2
4848,915,0,891,2,2
4849,916,1,892,2,2
4850,916,0,892,2,2
4851,916,0,892,2,2
4852,916,0,892,2,2
4853,916,0,892,2,2
4854,916,0,892,2,2
4855,917,1,893,2,2
4856,917,0,893,2,2
4857,917,0,893,2,2
4858,917,0,893,2,2
4859,917,0,893,2,2
4860,917,0,893,2,2
4861,918,1,894,2,2
4862,918,0,894,2,2
4863,918,0,894,2,2
4864,918,0,894,2,2
4865,918,0,894,2,2
4866,918,0,894,2,2
4867,919,1,896,2,2
4868,919,0,896,2,2
4869,919,0,896,2,2
4870,919,0,896,2,2
4871,919,0,896,2,2
4872,919,0,896,2,2
4873,920,1,897,2,2
4874,920,0,897,2,2
4875,920,0,897,2,2
4876,920,0,897,2,2
4877,920,0,897,2,2
4878,921,1,898,2,2
4879,921,0,898,2,2
4880,921,0,898,2,2
4881,921,0,898,2,2
4882,921,0,898,2,2
4883,921,0,898,2,2
4884,922,1,899,2,2
4885,922,0,899,2,2
4886,922,0,899,2,2
4887,922,0,899,2,2
4888,922,0,899,2,2
4889,922,0,899,2,2
4890,923,1,900,2,2
4891,923,0,900,2,2
4892,923,0,900,2,2
4893,923,0,900,2,2
4894,923,0,900,2,2
4895,923,0,900,2,2
4896,924,1,901,2,2
4897,924,0,901,2,2
4898,924,0,901,2,2
4899,924,0,901,2,2
4900,924,0,901,2,2
4901,924,0,901,2,2
4902,925,1,902,2,2
4903,925,0,902,2,2
4904,925,0,902,2,2
4905,925,0,902,2,2
4906,925,0,902,2,2
4907,925,0,902,2,2
4908,926,1,903,2,2
4909,926,0,903,2,2
4910,926,0,903,2,2
4911,926,0,903,2,2
4912,926,0,903,2,2
4913,926,0,903,2,2
4914,927,1,904,2,2
4915,927,0,904,2,2
4916,927,0,904,2,2
4917,927,0,904,2,2
4918,927,0,904,2,2
4919,927,0,904,2,2
4920,928,1,906,2,2
4921,928,0,906,2,2
4922,928,0,906,2,2
4923,928,0,906,2,2
4924,928,0,906,2,2
4925,928,0,906,2,2
4926,929,1,907,2,2
4927,929,0,907,2,2
4928,929,0,907,2,2
4929,929,0,907,2,2
4930,929,0,907,2,2
4931,929,0,907,2,2
4932,930,1,908,2,2
4933,930,0,908,2,2
4934,930,0,908,2,2
4935,930,0,908,2,2
4936,930,0,908,2,2
4937,930,0,908,2,2
4938,931,1,909,2,2
4939,931,0,909,2,2
4940,931,0,909,2,2
4941,931,0,909,2,2
4942,931,0,909,2,2
4943,931,0,909,2,2
4944,932,1,910,2,2
4945,932,0,910,2,2
4946,932,0,910,2,2
4947,932,0,910,2,2
4948,932,0,910,2,2
4949,932,0,910,2,2
4950,933,1,911,2,2
4951,933,0,911,2,2
4952,933,0,911,2,2
4953,933,0,911,2,2
4954,933,0,911,2,2
4955,933,0,911,2,2
4956,934,1,912,2,2
4957,934,0,912,2,2
4958,934,0,912,2,2
4959,934,0,912,2,2
4960,934,0,912,2,2
4961,934,0,912,2,2
4962,935,1,913,2,2
4963,935,0,913,2,2
4964,935,0,913,2,2
4965,935,0,913,2,2
4966,935,0,913,2,2
4967,935,0,913,2,2
4968,936,1,915,2,2
4969,936,0,915,2,2
4970,936,0,915,2,2
4971,936,0,915,2,2
4972,936,0,915,2,2
4973,936,0,915,2,2
4974,937,1,916,2,2
4975,937,0,916,2,2
4976,937,0,916,2,2
4977,937,0,916,2,2
4978,937,0,916,2,2
4979,937,0,916,2,2
4980,938,1,917,2,2
4981,938,0,917,2,2
4982,938,0,917,2,2
4983,938,0,917,2,2
4984,938,0,917,2,2
4985,938,0,917,2,2
4986,938,0,917,2,2
4987,939,1,918,2,2
4988,939,0,918,2,2
4989,939,0,918,2,2
4990,939,0,918,2,2
4991,939,0,918,2,2
4992,939,0,918,2,2
4993,940,1,919,2,2
4994,940,0,919,2,2
4995,940,0,919,2,2
4996,940,0,919,2,2
4997,940,0,919,2,2
4998,940,0,919,2,2
4999,941,1,920,2,2
5000,941,0,920,2,2
5001,941,0,920,2,2
5002,941,0,920,2,2
5003,941,0,920,2,2
5004,941,0,920,2,2
5005,941,0,920,2,2
5006,942,1,921,2,2
5007,942,0,921,2,2
5008,942,0,921,2,2
5009,942,0,921,2,2
5010,942,0,921,2,2
5011,942,0,921,2,2
5012,942,0,921,2,2
5013,943,1,923,2,2
5014,943,0,923,2,2
5015,943,0,923,2,2
5016,943,0,923,2,2
5017,943,0,923,2,2
5018,943,0,923,2,2
5019,944,1,924,2,2
5020,944,0,924,2,2
5021,944,0,924,2,2
5022,944,0,924,2,2
5023,944,0,924,2,2
5024,944,0,924,2,2
5025,944,0,924,2,2
5026,945,1,925,2,2
5027,945,0,925,2,2
5028,945,0,925,2,2
5029,945,0,925,2,2
5030,945,0,925,2,2
5031,945,0,925,2,2
5032,945,0,925,2,2
5033,946,1,927,2,2
5034,946,0,927,2,2
5035,946,0,927,2,2
5036,946,0,927,2,2
5037,946,0,927,2,2
5038,946,0,927,2,2
5039,946,0,927,2,2
5040,947,1,928,2,2
5041,947,0,928,2,2
5042,947,0,928,2,2
5043,947,0,928,2,2
5044,947,0,928,2,2
5045,947,0,928,2,2
5046,947,0,928,2,2
5047,948,1,929,2,2
5048,948,0,929,2,2
5049,948,0,929,2,2
5050,948,0,929,2,2
5051,948,0,929,2,2
5052,948,0,929,2,2
5053,949,1,930,2,2
5054,949,0,930,2,2
5055,949,0,930,2,2
5056,949,0,930,2,2
5057,949,0,930,2,2
5058,949,0,930,2,2
5059,949,0,930,2,2
5060,950,1,932,2,2
5061,950,0,932,2,2
5062,950,0,932,2,2
5063,950,0,932,2,2
5064,950,0,932,2,2
5065,950,0,932,2,2
5066,950,0,932,2,2
5067,951,1,933,2,2
5068,951,0,933,2,2
5069,951,0,933,2,2
5070,951,0,933,2,2
5071,951,0,933,2,2
5072,951,0,933,2,2
5073,952,1,934,2,2
5074,952,0,934,2,2
5075,952,0,934,2,2
5076,952,0,934,2,2
5077,952,0,934,2,2
5078,952,0,934,2,2
5079,952,0,934,2,2
5080,953,1,935,2,2
5081,953,0,935,2,2
5082,953,0,935,2,2
5083,953,0,935,2,2
5084,953,0,935,2,2
5085,953,0,935,2,2
5086,953,0,935,2,2
5087,954,1,937,2,2
5088,954,0,937,2,2
5089,954,0,937,2,2
5090,954,0,937,2,2
5091,954,0,937,2,2
5092,954,0,937,2,2
5093,955,1,938,2,2
5094,955,0,938,2,2
5095,955,0,938,2,2
5096,955,0,938,2,2
5097,955,0,938,2,2
5098,955,0,938,2,2
5099,956,1,939,2,2
5100,956,0,939,2,2
5101,956,0,939,2,2
5102,956,0,939,2,2
5103,956,0,939,2,2
5104,956,0,939,2,2
5105,956,0,939,2,2
5106,957,1,940,2,2
5107,957,0,940,2,2
5108,957,0,940,2,2
5109,957,0,940,2,2
5110,957,0,940,2,2
5111,957,0,940,2,2
5112,958,1,942,2,2
5113,958,0,942,2,2
5114,958,0,942,2,2
5115,958,0,942,2,2
5116,958,0,942,2,2
5117,958,0,942,2,2
5118,958,0,942,2,2
5119,959,1,943,2,2
5120,959,0,943,2,2
5121,959,0,943,2,2
5122,959,0,943,2,2
5123,959,0,943,2,2
5124,959,0,943,2,2
5125,960,1,944,2,2
5126,960,0,944,2,2
5127,960,0,944,2,2
5128,960,0,944,2,2
5129,960,0,944,2,2
5130,960,0,944,2,2
5131,960,0,944,2,2
5132,961,1,945,2,2
5133,961,0,945,2,2
5134,961,0,945,2,2
5135,961,0,945,2,2
5136,961,0,945,2,2
5137,961,0,945,2,2
5138,962,1,946,2,2
5139,962,0,946,2,2
5140,962,0,946,2,2
5141,962,0,946,2,2
5142,962,0,946,2,2
5143,962,0,946,2,2
5144,963,1,948,2,2
5145,963,0,948,2,2
5146,963,0,948,2,2
5147,963,0,948,2,2
5148,963,0,948,2,2
5149,963,0,948,2,2
5150,963,0,948,2,2
5151,964,1,949,2,2
5152,964,0,949,2,2
5153,964,0,949,2,2
5154,964,0,949,2,2
5155,964,0,949,2,2
5156,964,0,949,2,2
5157,965,1,950,2,2
5158,965,0,950,2,2
5159,965,0,950,2,2
5160,965,0,950,2,2
5161,965,0,950,2,2
5162,965,0,950,2,2
5163,965,0,950,2,2
5164,966,1,951,2,2
5165,966,0,951,2,2
5166,966,0,951,2,2
5167,966,0,951,2,2
5168,966,0,951,2,2
5169,966,0,951,2,2
5170,967,1,952,2,2
5171,967,0,952,2,2
5172,967,0,952,2,2
5173,967,0,952,2,2
5174,967,0,952,2,2
5175,967,0,952,2,2
5176,968,1,954,2,2
5177,968,0,954,2,2
5178,968,0,954,2,2
5179,968,0,954,2,2
5180,968,0,954,2,2
5181,968,0,954,2,2
5182,968,0,954,2,2
5183,969,1,955,2,2
5184,969,0,955,2,2
5185,969,0,955,2,2
5186,969,0,955,2,2
5187,969,0,955,2,2
5188,969,0,955,2,2
5189,970,1,956,2,2
5190,970,0,956,2,2
5191,970,0,956,2,2
5192,970,0,956,2,2
5193,970,0,956,2,2
5194,970,0,956,2,2
5195,970,0,956,2,2
5196,971,1,957,2,2
5197,971,0,957,2,2
5198,971,0,957,2,2
5199,971,0,957,2,2
5200,971,0,957,2,2
5201,971,0,957,2,2
5202,971,0,957,2,2
5203,972,1,958,2,2
5204,972,0,958,2,2
5205,972,0,958,2,2
5206,972,0,958,2,2
5207,972,0,958,2,2
5208,972,0,958,2,2
5209,972,0,958,2,2
5210,973,1,960,2,2
5211,973,0,960,2,2
5212,973,0,960,2,2
5213,973,0,960,2,2
5214,973,0,960,2,2
5215,973,0,960,2,2
5216,973,0,960,2,2
5217,974,1,961,2,2
5218,974,0,961,2,2
5219,974,0,961,2,2
5220,974,0,961,2,2
5221,974,0,961,2,2
5222,974,0,961,2,2
5223,974,0,961,2,2
5224,975,1,962,2,2
5225,975,0,962,2,2
5226,975,0,962,2,2
5227,975,0,962,2,2
5228,975,0,962,2,2
5229,975,0,962,2,2
5230,975,0,962,2,2
5231,976,1,964,2,2
5232,976,0,964,2,2
5233,976,0,964,2,2
5234,976,0,964,2,2
5235,976,0,964,2,2
5236,976,0,964,2,2
5237,976,0,964,2,2
5238,977,1,965,2,2
5239,977,0,965,2,2
5240,977,0,965,2,2
5241,977,0,965,2,2
5242,977,0,965,2,2
5243,977,0,965,2,2
5244,978,1,966,2,2
5245,978,0,966,2,2
5246,978,0,966,2,2
5247,978,0,966,2,2
5248,978,0,966,2,2
5249,978,0,966,2,2
5250,978,0,966,2,2
5251,979,1,967,2,2
5252,979,0,967,2,2
5253,979,0,967,2,2
5254,979,0,967,2,2
5255,979,0,967,2,2
5256,979,0,967,2,2
5257,979,0,967,2,2
5258,980,1,969,2,2
5259,980,0,969,2,2
5260,980,0,969,2,2
5261,980,0,969,2,2
5262,980,0,969,2,2
5263,980,0,969,2,2
5264,981,1,970,2,2
5265,981,0,970,2,2
5266,981,0,970,2,2
5267,981,0,970,2,2
5268,981,0,970,2,2
5269,981,0,970,2,2
5270,982,1,971,2,2
5271,982,0,971,2,2
5272,982,0,971,2,2
5273,982,0,971,2,2
5274,982,0,971,2,2
5275,982,0,971,2,2
5276,982,0,971,2,2
5277,983,1,972,2,2
5278,983,0,972,2,2
5279,983,0,972,2,2
5280,983,0,972,2,2
5281,983,0,972,2,2
5282,983,0,972,2,2
5283,984,1,974,2,2
5284,984,0,974,2,2
5285,984,0,974,2,2
5286,984,0,974,2,2
5287,984,0,974,2,2
5288,984,0,974,2,2
5289,984,0,974,2,2
5290,985,1,975,2,2
5291,985,0,975,2,2
5292,985,0,975,2,2
5293,985,0,975,2,2
5294,985,0,975,2,2
5295,985,0,975,2,2
5296,986,1,976,2,2
5297,986,0,976,2,2
5298,986,0,976,2,2
5299,986,0,976,2,2
5300,986,0,976,2,2
5301,986,0,976,2,2
5302,986,0,976,2,2
5303,987,1,977,2,2
5304,987,0,977,2,2
5305,987,0,977,2,2
5306,987,0,977,2,2
5307,987,0,977,2,2
5308,987,0,977,2,2
5309,988,1,978,2,2
5310,988,0,978,2,2
5311,988,0,978,2,2
5312,988,0,978,2,2
5313,988,0,978,2,2
5314,988,0,978,2,2
5315,989,1,980,2,2
5316,989,0,980,2,2
5317,989,0,980,2,2
5318,989,0,980,2,2
5319,989,0,980,2,2
5320,989,0,980,2,2
5321,989,0,980,2,2
5322,990,1,981,2,2
5323,990,0,981,2,2
5324,990,0,981,2,2
5325,990,0,981,2,2
5326,990,0,981,2,2
5327,990,0,981,2,2
5328,991,1,982,2,2
5329,991,0,982,2,2
5330,991,0,982,2,2
5331,991,0,982,2,2
5332,991,0,982,2,2
5333,991,0,982,2,2
5334,992,1,983,2,2
5335,992,0,983,2,2
5336,992,0,983,2,2
5337,992,0,983,2,2
5338,992,0,983,2,2
5339,992,0,983,2,2
5340,993,1,984,2,2
5341,993,0,984,2,2
5342,993,0,984,2,2
5343,993,0,984,2,2
5344,993,0,984,2,2
5345,993,0,984,2,2
5346,993,0,984,2,2
5347,994,1,984,2,2
5348,994,0,984,2,2
5349,994,0,984,2,2
5350,994,0,984,2,2
5351,994,0,984,2,2
5352,994,0,984,2,2
5353,995,1,984,2,2
5354,995,0,984,2,2
5355,995,0,984,2,2
5356,995,0,984,2,2
5357,995,0,984,2,2
5358,995,0,984,2,2
5359,996,1,984,2,2
5360,996,0,984,2,2
5361,996,0,984,2,2
5362,996,0,984,2,2
5363,996,0,984,2,2
5364,996,0,984,2,2
5365,997,1,984,2,2
5366,997,0,984,2,2
5367,997,0,984,2,2
5368,997,0,984,2,2
5369,997,0,984,2,2
5370,997,0,984,2,2
5371,998,1,984,2,2
5372,998,0,984,2,2
5373,998,0,984,2,2
5374,998,0,984,2,2
5375,998,0,984,2,2
5376,998,0,984,2,2
5377,999,1,984,2,2
5378,999,0,984,2,2
5379,999,0,984,2,2
5380,999,0,984,2,2
5381,999,0,984,2,2
5382,999,0,984,2,2
5383,1000,1,984,2,2
5384,1000,0,984,2,2
5385,1000,0,984,2,2
5386,1000,0,984,2,2
5387,1000,0,984,2,2
5388,1000,0,984,2,2
5389,1001,1,984,2,2
5390,1001,0,984,2,2
5391,1001,0,984,2,2
5392,1001,0,984,2,2
5393,1001,0,984,2,2
5394,1001,0,984,2,2
5395,1002,1,984,2,2
5396,1002,0,984,2,2
5397,1002,0,984,2,2
5398,1002,0,984,2,2
5399,1002,0,984,2,2
5400,1002,0,984,2,2
5401,1002,0,984,2,2
5402,1003,1,984,2,2
5403,1003,0,984,2,2
5404,1003,0,984,2,2
5405,1003,0,984,2,2
5406,1003,0,984,2,2
5407,1004,1,984,2,2
5408,1004,0,984,2,2
5409,1004,0,984,2,2
5410,1004,0,984,2,2
5411,1004,0,984,2,2
5412,1004,0,984,2,2
5413,1005,1,984,2,2
5414,1005,0,984,2,2
5415,1005,0,984,2,2
5416,1005,0,984,2,2
5417,1005,0,984,2,2
5418,1005,0,984,2,2
5419,1006,1,984,2,2
5420,1006,0,984,2,2
5421,1006,0,984,2,2
5422,1006,0,984,2,2
5423,1006,0,984,2,2
5424,1006,0,984,2,2
5425,1007,1,984,2,2
5426,1007,0,984,2,2
5427,1007,0,984,2,2
5428,1007,0,984,2,2
5429,1007,0,984,2,2
5430,1008,1,984,2,2
5431,1008,0,984,2,2
5432,1008,0,984,2,2
5433,1008,0,984,2,2
5434,1008,0,984,2,2
5435,1008,0,984,2,2
5436,1009,1,984,2,2
5437,1009,0,984,2,2
5438,1009,0,984,2,2
5439,1009,0,984,2,2
5440,1009,0,984,2,2
5441,1009,0,984,2,2
5442,1010,1,984,2,2
5443,1010,0,984,2,2
5444,1010,0,984,2,2
5445,1010,0,984,2,2
5446,1010,0,984,2,2
5447,1011,1,984,2,2
5448,1011,0,984,2,2
5449,1011,0,984,2,2
5450,1011,0,984,2,2
5451,1011,0,984,2,2
5452,1011,0,984,2,2
5453,1012,1,984,2,2
5454,1012,0,984,2,2
5455,1012,0,984,2,2
5456,1012,0,984,2,2
5457,1012,0,984,2,2
5458,1013,1,984,2,2
5459,1013,0,984,2,2
5460,1013,0,984,2,2
5461,1013,0,984,2,2
5462,1013,0,984,2,2
5463,1013,0,984,2,2
5464,1014,1,984,2,2
5465,1014,0,984,2,2
5466,1014,0,984,2,2
5467,1014,0,984,2,2
5468,1014,0,984,2,2
5469,1014,0,984,2,2
5470,1015,1,984,2,2
5471,1015,0,984,2,2
5472,1015,0,984,2,2
5473,1015,0,984,2,2
5474,1015,0,984,2,2
5475,1015,0,984,2,2
5476,1016,1,984,2,2
5477,1016,0,984,2,2
5478,1016,0,984,2,2
5479,1016,0,984,2,2
5480,1016,0,984,2,2
5481,1017,1,984,2,2
5482,1017,0,984,2,2
5483,1017,0,984,2,2
5484,1017,0,984,2,2
5485,1017,0,984,2,2
5486,1017,0,984,2,2
5487,1018,1,984,2,2
5488,1018,0,984,2,2
5489,1018,0,984,2,2
5490,1018,0,984,2,2
5491,1018,0,984,2,2
5492,1019,1,984,2,2
5493,1019,0,984,2,2
5494,1019,0,984,2,2
5495,1019,0,984,2,2
5496,1019,0,984,2,2
5497,1020,1,984,2,2
5498,1020,0,984,2,2
5499,1020,0,984,2,2
5500,1020,0,984,2,2
5501,1020,0,984,2,2
5502,1020,0,984,2,2
5503,1021,1,984,2,2
5504,1021,0,984,2,2
5505,1021,0,984,2,2
5506,1021,0,984,2,2
5507,1021,0,984,2,2
5508,1022,1,984,2,2
5509,1022,0,984,2,2
5510,1022,0,984,2,2
5511,1022,0,984,2,2
5512,1022,0,984,2,2
5513,1023,1,984,2,2
5514,1023,0,984,2,2
5515,1023,0,984,2,2
5516,1023,0,984,2,2
5517,1023,0,984,2,2
5518,1024,1,984,2,2
5519,1024,0,984,2,2
5520,1024,0,984,2,2
5521,1024,0,984,2,2
5522,1024,0,984,2,2
5523,1024,0,984,2,2
5524,1025,1,984,2,2
5525,1025,0,984,2,2
5526,1025,0,984,2,2
5527,1025,0,984,2,2
5528,1025,0,984,2,2
5529,1026,1,984,2,2
5530,1026,0,984,2,2
5531,1026,0,984,2,2
5532,1026,0,984,2,2
5533,1026,0,984,2,2
5534,1027,1,984,2,2
5535,1027,0,984,2,2
5536,1027,0,984,2,2
5537,1027,0,984,2,2
5538,1027,0,984,2,2
5539,1028,1,984,2,2
5540,1028,0,984,2,2
5541,1028,0,984,2,2
5542,1028,0,984,2,2
5543,1028,0,984,2,2
5544,1029,1,984,2,2
5545,1029,0,984,2,2
5546,1029,0,984,2,2
5547,1029,0,984,2,2
5548,1029,0,984,2,2
5549,1030,1,984,2,2
5550,1030,0,984,2,2
5551,1030,0,984,2,2
5552,1030,0,984,2,2
5553,1030,0,984,2,2
5554,1031,1,984,2,2
5555,1031,0,984,2,2
5556,1031,0,984,2,2
5557,1031,0,984,2,2
5558,1031,0,984,2,2
5559,1032,1,984,2,2
5560,1032,0,984,2,2
5561,1032,0,984,2,2
5562,1032,0,984,2,2
5563,1032,0,984,2,2
5564,1033,1,984,2,2
5565,1033,0,984,2,2
5566,1033,0,984,2,2
5567,1033,0,984,2,2
5568,1033,0,984,2,2
5569,1034,1,984,2,2
5570,1034,0,984,2,2
5571,1034,0,984,2,2
5572,1034,0,984,2,2
5573,1034,0,984,2,2
5574,1035,1,984,2,2
5575,1035,0,984,2,2
5576,1035,0,984,2,2
5577,1035,0,984,2,2
5578,1035,0,984,2,2
5579,1036,1,984,2,2
5580,1036,0,984,2,2
5581,1036,0,984,2,2
5582,1036,0,984,2,2
5583,1036,0,984,2,2
5584,1037,1,984,2,2
5585,1037,0,984,2,2
5586,1037,0,984,2,2
5587,1037,0,984,2,2
5588,1037,0,984,2,2
5589,1038,1,984,2,2
5590,1038,0,984,2,2
5591,1038,0,984,2,2
5592,1038,0,984,2,2
5593,1038,0,984,2,2
5594,1039,1,984,2,2
5595,1039,0,984,2,2
5596,1039,0,984,2,2
5597,1039,0,984,2,2
5598,1039,0,984,2,2
5599,1040,1,984,2,2
5600,1040,0,984,2,2
5601,1040,0,984,2,2
5602,1040,0,984,2,2
5603,1040,0,984,2,2
5604,1041,1,984,2,2
5605,1041,0,984,2,2
5606,1041,0,984,2,2
5607,1041,0,984,2,2
5608,1041,0,984,2,2
5609,1042,1,984,2,2
5610,1042,0,984,2,2
5611,1042,0,984,2,2
5612,1042,0,984,2,2
5613,1042,0,984,2,2
5614,1043,1,984,2,2
5615,1043,0,984,2,2
5616,1043,0,984,2,2
5617,1043,0,984,2,2
5618,1043,0,984,2,2
5619,1044,1,984,2,2
5620,1044,0,984,2,2
5621,1044,0,984,2,2
5622,1044,0,984,2,2
5623,1044,0,984,2,2
5624,1045,1,984,2,2
5625,1045,0,984,2,2
5626,1045,0,984,2,2
5627,1045,0,984,2,2
5628,1045,0,984,2,2
5629,1046,1,984,2,2
5630,1046,0,984,2,2
5631,1046,0,984,2,2
5632,1046,0,984,2,2
5633,1046,0,984,2,2
5634,1047,1,984,2,2
5635,1047,0,984,2,2
5636,1047,0,984,2,2
5637,1047,0,984,2,2
5638,1047,0,984,2,2
5639,1048,1,984,2,2
5640,1048,0,984,2,2
5641,1048,0,984,2,2
5642,1048,0,984,2,2
5643,1048,0,984,2,2
5644,1049,1,984,2,2
5645,1049,0,984,2,2
5646,1049,0,984,2,2
5647,1049,0,984,2,2
5648,1049,0,984,2,2
5649,1050,1,984,2,2
5650,1050,0,984,2,2
5651,1050,0,984,2,2
5652,1050,0,984,2,2
5653,1051,1,984,2,2
5654,1051,0,984,2,2
5655,1051,0,984,2,2
5656,1051,0,984,2,2
5657,1051,0,984,2,2
5658,1052,1,984,2,2
5659,1052,0,984,2,2
5660,1052,0,984,2,2
5661,1052,0,984,2,2
5662,1053,1,984,2,2
5663,1053,0,984,2,2
5664,1053,0,984,2,2
5665,1053,0,984,2,2
5666,1053,0,984,2,2
5667,1054,1,984,2,2
5668,1054,0,984,2,2
5669,1054,0,984,2,2
5670,1054,0,984,2,2
5671,1055,1,984,2,2
5672,1055,0,984,2,2
5673,1055,0,984,2,2
5674,1055,0,984,2,2
5675,1055,0,984,2,2
5676,1056,1,984,2,2
5677,1056,0,984,2,2
5678,1056,0,984,2,2
5679,1056,0,984,2,2
5680,1057,1,984,2,2
5681,1057,0,984,2,2
5682,1057,0,984,2,2
5683,1057,0,984,2,2
5684,1057,0,984,2,2
5685,1058,1,984,2,2
5686,1058,0,984,2,2
5687,1058,0,984,2,2
5688,1058,0,984,2,2
5689,1059,1,984,2,2
5690,1059,0,984,2,2
5691,1059,0,984,2,2
5692,1059,0,984,2,2
5693,1059,0,984,2,2
5694,1060,1,984,2,2
5695,1060,0,984,2,2
5696,1060,0,984,2,2
5697,1060,0,984,2,2
5698,1060,0,984,2,2
5699,1061,1,984,2,2
5700,1061,0,984,2,2
5701,1061,0,984,2,2
5702,1061,0,984,2,2
5703,1061,0,984,2,2
5704,1062,1,984,2,2
5705,1062,0,984,2,2
5706,1062,0,984,2,2
5707,1062,0,984,2,2
5708,1062,0,984,2,2
5709,1063,1,984,2,2
5710,1063,0,984,2,2
5711,1063,0,984,2,2
5712,1063,0,984,2,2
5713,1063,0,984,2,2
5714,1064,1,984,2,2
5715,1064,0,984,2,2
5716,1064,0,984,2,2
5717,1064,0,984,2,2
5718,1064,0,984,2,2
5719,1065,1,984,2,2
5720,1065,0,984,2,2
5721,1065,0,984,2,2
5722,1065,0,984,2,2
5723,1065,0,984,2,2
5724,1066,1,984,2,2
5725,1066,0,984,2,2
5726,1066,0,984,2,2
5727,1066,0,984,2,2
5728,1066,0,984,2,2
5729,1067,1,984,2,2
5730,1067,0,984,2,2
5731,1067,0,984,2,2
5732,1067,0,984,2,2
5733,1067,0,984,2,2
5734,1068,1,984,2,2
5735,1068,0,984,2,2
5736,1068,0,984,2,2
5737,1068,0,984,2,2
5738,1068,0,984,2,2
5739,1069,1,984,2,2
5740,1069,0,984,2,2
5741,1069,0,984,2,2
5742,1069,0,984,2,2
5743,1069,0,984,2,2
5744,1070,1,984,2,2
5745,1070,0,984,2,2
5746,1070,0,984,2,2
5747,1070,0,984,2,2
5748,1070,0,984,2,2
5749,1071,1,984,2,2
5750,1071,0,984,2,2
5751,1071,0,984,2,2
5752,1071,0,984,2,2
5753,1071,0,984,2,2
5754,1071,0,984,2,2
5755,1072,1,984,2,2
5756,1072,0,984,2,2
5757,1072,0,984,2,2
5758,1072,0,984,2,2
5759,1072,0,984,2,2
5760,1073,1,984,2,2
5761,1073,0,984,2,2
5762,1073,0,984,2,2
5763,1073,0,984,2,2
5764,1073,0,984,2,2
5765,1074,1,984,2,2
5766,1074,0,984,2,2
5767,1074,0,984,2,2
5768,1074,0,984,2,2
5769,1074,0,984,2,2
5770,1074,0,984,2,2
5771,1075,1,984,2,2
5772,1075,0,984,2,2
5773,1075,0,984,2,2
5774,1075,0,984,2,2
5775,1075,0,984,2,2
5776,1076,1,984,2,2
5777,1076,0,984,2,2
5778,1076,0,984,2,2
5779,1076,0,984,2,2
5780,1076,0,984,2,2
5781,1077,1,984,2,2
5782,1077,0,984,2,2
5783,1077,0,984,2,2
5784,1077,0,984,2,2
5785,1077,0,984,2,2
5786,1077,0,984,2,2
5787,1078,1,984,2,2
5788,1078,0,984,2,2
5789,1078,0,984,2,2
5790,1078,0,984,2,2
5791,1078,0,984,2,2
5792,1079,1,984,2,2
5793,1079,0,984,2,2
5794,1079,0,984,2,2
5795,1079,0,984,2,2
5796,1079,0,984,2,2
5797,1079,0,984,2,2
5798,1080,1,984,2,2
5799,1080,0,984,2,2
5800,1080,0,984,2,2
5801,1080,0,984,2,2
5802,1080,0,984,2,2
5803,1081,1,984,2,2
5804,1081,0,984,2,2
5805,1081,0,984,2,2
5806,1081,0,984,2,2
5807,1081,0,984,2,2
5808,1081,0,984,2,2
5809,1082,1,984,2,2
5810,1082,0,984,2,2
5811,1082,0,984,2,2
5812,1082,0,984,2,2
5813,1082,0,984,2,2
5814,1082,0,984,2,2
5815,1083,1,984,2,2
5816,1083,0,984,2,2
5817,1083,0,984,2,2
5818,1083,0,984,2,2
5819,1083,0,984,2,2
5820,1083,0,984,2,2
5821,1083,0,984,2,2
5822,1084,1,984,2,2
5823,1084,0,984,2,2
5824,1084,0,984,2,2
5825,1084,0,984,2,2
5826,1084,0,984,2,2
5827,1084,0,984,2,2
5828,1085,1,984,2,2
5829,1085,0,984,2,2
5830,1085,0,984,2,2
5831,1085,0,984,2,2
5832,1085,0,984,2,2
5833,1085,0,984,2,2
5834,1086,1,984,2,2
5835,1086,0,984,2,2
5836,1086,0,984,2,2
5837,1086,0,984,2,2
5838,1086,0,984,2,2
5839,1086,0,984,2,2
5840,1086,0,984,2,2
5841,1087,1,984,2,2
5842,1087,0,984,2,2
5843,1087,0,984,2,2
5844,1087,0,984,2,2
5845,1087,0,984,2,2
5846,1087,0,984,2,2
5847,1088,1,984,2,2
5848,1088,0,984,2,2
5849,1088,0,984,2,2
5850,1088,0,984,2,2
5851,1088,0,984,2,2
5852,1088,0,984,2,2
5853,1089,1,984,2,2
5854,1089,0,984,2,2
5855,1089,0,984,2,2
5856,1089,0,984,2,2
5857,1089,0,984,2,2
5858,1089,0,984,2,2
5859,1090,1,984,2,2
5860,1090,0,984,2,2
5861,1090,0,984,2,2
5862,1090,0,984,2,2
5863,1090,0,984,2,2
5864,1090,0,984,2,2
5865,1091,1,984,2,2
5866,1091,0,984,2,2
5867,1091,0,984,2,2
5868,1091,0,984,2,2
5869,1091,0,984,2,2
5870,1091,0,984,2,2
5871,1092,1,984,2,2
5872,1092,0,984,2,2
5873,1092,0,984,2,2
5874,1092,0,984,2,2
5875,1092,0,984,2,2
5876,1092,0,984,2,2
5877,1093,1,984,2,2
5878,1093,0,984,2,2
5879,1093,0,984,2,2
5880,1093,0,984,2,2
5881,1093,0,984,2,2
5882,1093,0,984,2,2
5883,1094,1,984,2,2
5884,1094,0,984,2,2
5885,1094,0,984,2,2
5886,1094,0,984,2,2
5887,1094,0,984,2,2
5888,1094,0,984,2,2
5889,1094,0,984,2,2
5890,1095,1,984,2,2
5891,1095,0,984,2,2
5892,1095,0,984,2,2
5893,1095,0,984,2,2
5894,1095,0,984,2,2
5895,1095,0,984,2,2
5896,1096,1,984,2,2
5897,1096,0,984,2,2
5898,1096,0,984,2,2
5899,1096,0,984,2,2
5900,1096,0,984,2,2
5901,1096,0,984,2,2
5902,1096,0,984,2,2
5903,1097,1,984,2,2
5904,1097,0,984,2,2
5905,1097,0,984,2,2
5906,1097,0,984,2,2
5907,1097,0,984,2,2
5908,1097,0,984,2,2
5909,1098,1,984,2,2
5910,1098,0,984,2,2
5911,1098,0,984,2,2
5912,1098,0,984,2,2
5913,1098,0,984,2,2
5914,1098,0,984,2,2
5915,1099,1,984,2,2
5916,1099,0,984,2,2
5917,1099,0,984,2,2
5918,1099,0,984,2,2
5919,1099,0,984,2,2
5920,1099,0,984,2,2
5921,1099,0,984,2,2
5922,1100,1,984,2,2
5923,1100,0,984,2,2
5924,1100,0,984,2,2
5925,1100,0,984,2,2
5926,1100,0,984,2,2
5927,1100,0,984,2,2
5928,1101,1,984,2,2
5929,1101,0,984,2,2
5930,1101,0,984,2,2
5931,1101,0,984,2,2
5932,1101,0,984,2,2
5933,1101,0,984,2,2
5934,1101,0,984,2,2
5935,1102,1,984,2,2
5936,1102,0,984,2,2
5937,1102,0,984,2,2
5938,1102,0,984,2,2
5939,1102,0,984,2,2
5940,1102,0,984,2,2
5941,1103,1,984,2,2
5942,1103,0,984,2,2
5943,1103,0,984,2,2
5944,1103,0,984,2,2
5945,1103,0,984,2,2
5946,1103,0,984,2,2
5947,1103,0,984,2,2
5948,1104,1,984,2,2
5949,1104,0,984,2,2
5950,1104,0,984,2,2
5951,1104,0,984,2,2
5952,1104,0,984,2,2
5953,1104,0,984,2,2
5954,1105,1,984,2,2
5955,1105,0,984,2,2
5956,1105,0,984,2,2
5957,1105,0,984,2,2
5958,1105,0,984,2,2
5959,1105,0,984,2,2
5960,1105,0,984,2,2
5961,1106,1,984,2,2
5962,1106,0,984,2,2
5963,1106,0,984,2,2
5964,1106,0,984,2,2
5965,1106,0,984,2,2
5966,1106,0,984,2,2
5967,1107,1,984,2,2
5968,1107,0,984,2,2
5969,1107,0,984,2,2
5970,1107,0,984,2,2
5971,1107,0,984,2,2
5972,1107,0,984,2,2
5973,1108,1,984,2,2
5974,1108,0,984,2,2
5975,1108,0,984,2,2
5976,1108,0,984,2,2
5977,1108,0,984,2,2
5978,1108,0,984,2,2
5979,1108,0,984,2,2
5980,1109,1,984,2,2
5981,1109,0,984,2,2
5982,1109,0,984,2,2
5983,1109,0,984,2,2
5984,1109,0,984,2,2
5985,1109,0,984,2,2
5986,1110,1,984,2,2
5987,1110,0,984,2,2
5988,1110,0,984,2,2
5989,1110,0,984,2,2
5990,1110,0,984,2,2
5991,1110,0,984,2,2
5992,1110,0,984,2,2
5993,1111,1,984,2,2
5994,1111,0,984,2,2
5995,1111,0,984,2,2
5996,1111,0,984,2,2
5997,1111,0,984,2,2
5998,1111,0,984,2,2
5999,1112,1,984,2,2
6000,1112,0,984,2,2
6001,1112,0,984,2,2
6002,1112,0,984,2,2
6003,1112,0,984,2,2
6004,1112,0,984,2,2
6005,1112,0,984,2,2
6006,1113,1,984,2,2
6007,1113,0,984,2,2
6008,1113,0,984,2,2
6009,1113,0,984,2,2
6010,1113,0,984,2,2
6011,1113,0,984,2,2
6012,1114,1,984,2,2
6013,1114,0,984,2,2
6014,1114,0,984,2,2
6015,1114,0,984,2,2
6016,1114,0,984,2,2
6017,1114,0,984,2,2
6018,1114,0,984,2,2
6019,1115,1,984,2,2
6020,1115,0,984,2,2
6021,1115,0,984,2,2
6022,1115,0,984,2,2
6023,1115,0,984,2,2
6024,1115,0,984,2,2
6025,1116,1,984,2,2
6026,1116,0,984,2,2
6027,1116,0,984,2,2
6028,1116,0,984,2,2
6029,1116,0,984,2,2
6030,1116,0,984,2,2
6031,1117,1,984,2,2
6032,1117,0,984,2,2
6033,1117,0,984,2,2
6034,1117,0,984,2,2
6035,1117,0,984,2,2
6036,1117,0,984,2,2
6037,1117,0,984,2,2
6038,1118,1,984,2,2
6039,1118,0,984,2,2
6040,1118,0,984,2,2
6041,1118,0,984,2,2
6042,1118,0,984,2,2
6043,1118,0,984,2,2
6044,1119,1,984,2,2
6045,1119,0,984,2,2
6046,1119,0,984,2,2
6047,1119,0,984,2,2
6048,1119,0,984,2,2
6049,1119,0,984,2,2
6050,1119,0,984,2,2
6051,1120,1,984,2,2
6052,1120,0,984,2,2
6053,1120,0,984,2,2
6054,1120,0,984,2,2
6055,1120,0,984,2,2
6056,1120,0,984,2,2
6057,1120,0,984,2,2
6058,1121,1,984,2,2
6059,1121,0,984,2,2
6060,1121,0,984,2,2
6061,1121,0,984,2,2
6062,1121,0,984,2,2
6063,1121,0,984,2,2
6064,1121,0,984,2,2
6065,1122,1,984,2,2
6066,1122,0,984,2,2
6067,1122,0,984,2,2
6068,1122,0,984,2,2
6069,1122,0,984,2,2
6070,1122,0,984,2,2
6071,1122,0,984,2,2
6072,1123,1,984,2,2
6073,1123,0,984,2,2
6074,1123,0,984,2,2
6075,1123,0,984,2,2
6076,1123,0,984,2,2
6077,1123,0,984,2,2
6078,1123,0,984,2,2
6079,1124,1,984,2,2
6080,1124,0,984,2,2
6081,1124,0,984,2,2
6082,1124,0,984,2,2
6083,1124,0,984,2,2
6084,1124,0,984,2,2
6085,1125,1,984,2,2
6086,1125,0,984,2,2
6087,1125,0,984,2,2
6088,1125,0,984,2,2
6089,1125,0,984,2,2
6090,1125,0,984,2,2
6091,1125,0,984,2,2
6092,1126,1,984,2,2
6093,1126,0,984,2,2
6094,1126,0,984,2,2
6095,1126,0,984,2,2
6096,1126,0,984,2,2
6097,1126,0,984,2,2
6098,1126,0,984,2,2
6099,1127,1,984,2,2
6100,1127,0,984,2,2
6101,1127,0,984,2,2
6102,1127,0,984,2,2
6103,1127,0,984,2,2
6104,1127,0,984,2,2
6105,1128,1,984,2,2
6106,1128,0,984,2,2
6107,1128,0,984,2,2
6108,1128,0,984,2,2
6109,1128,0,984,2,2
6110,1128,0,984,2,2
6111,1128,0,984,2,2
6112,1129,1,984,2,2
6113,1129,0,984,2,2
6114,1129,0,984,2,2
6115,1129,0,984,2,2
6116,1129,0,984,2,2
6117,1129,0,984,2,2
6118,1129,0,984,2,2
6119,1130,1,984,2,2
6120,1130,0,984,2,2
6121,1130,0,984,2,2
6122,1130,0,984,2,2
6123,1130,0,984,2,2
6124,1130,0,984,2,2
6125,1131,1,984,2,2
6126,1131,0,984,2,2
6127,1131,0,984,2,2
6128,1131,0,984,2,2
6129,1131,0,984,2,2
6130,1131,0,984,2,2
6131,1131,0,984,2,2
6132,1132,1,984,2,2
6133,1132,0,984,2,2
6134,1132,0,984,2,2
6135,1132,0,984,2,2
6136,1132,0,984,2,2
6137,1132,0,984,2,2
6138,1133,1,984,2,2
6139,1133,0,984,2,2
6140,1133,0,984,2,2
6141,1133,0,984,2,2
6142,1133,0,984,2,2
6143,1133,0,984,2,2
6144,1133,0,984,2,2
6145,1134,1,984,2,2
6146,1134,0,984,2,2
6147,1134,0,984,2,2
6148,1134,0,984,2,2
6149,1134,0,984,2,2
6150,1134,0,984,2,2
6151,1135,1,984,2,2
6152,1135,0,984,2,2
6153,1135,0,984,2,2
6154,1135,0,984,2,2
6155,1135,0,984,2,2
6156,1135,0,984,2,2
6157,1135,0,984,2,2
6158,1136,1,984,2,2
6159,1136,0,984,2,2
6160,1136,0,984,2,2
6161,1136,0,984,2,2
6162,1136,0,984,2,2
6163,1136,0,984,2,2
6164,1137,1,984,2,2
6165,1137,0,984,2,2
6166,1137,0,984,2,2
6167,1137,0,984,2,2
6168,1137,0,984,2,2
6169,1137,0,984,2,2
6170,1137,0,984,2,2
6171,1138,1,984,2,2
6172,1138,0,984,2,2
6173,1138,0,984,2,2
6174,1138,0,984,2,2
6175,1138,0,984,2,2
6176,1138,0,984,2,2
6177,1139,1,984,2,2
6178,1139,0,984,2,2
6179,1139,0,984,2,2
6180,1139,0,984,2,2
6181,1139,0,984,2,2
6182,1139,0,984,2,2
6183,1139,0,984,2,2
6184,1140,1,984,2,2
6185,1140,0,984,2,2
6186,1140,0,984,2,2
6187,1140,0,984,2,2
6188,1140,0,984,2,2
6189,1140,0,984,2,2
6190,1141,1,984,2,2
6191,1141,0,984,2,2
6192,1141,0,984,2,2
6193,1141,0,984,2,2
6194,1141,0,984,2,2
6195,1141,0,984,2,2
6196,1141,0,984,2,2
6197,1142,1,984,2,2
6198,1142,0,984,2,2
6199,1142,0,984,2,2
6200,1142,0,984,2,2
6201,1142,0,984,2,2
6202,1142,0,984,2,2
6203,1143,1,984,2,2
6204,1143,0,984,2,2
6205,1143,0,984,2,2
6206,1143,0,984,2,2
6207,1143,0,984,2,2
6208,1143,0,984,2,2
6209,1143,0,984,2,2
6210,1144,1,984,2,2
6211,1144,0,984,2,2
6212,1144,0,984,2,2
6213,1144,0,984,2,2
6214,1144,0,984,2,2
6215,1144,0,984,2,2
6216,1144,0,984,2,2
6217,1145,1,984,2,2
6218,1145,0,984,2,2
6219,1145,0,984,2,2
6220,1145,0,984,2,2
6221,1145,0,984,2,2
6222,1145,0,984,2,2
6223,1145,0,984,2,2
6224,1146,1,984,2,2
6225,1146,0,984,2,2
6226,1146,0,984,2,2
6227,1146,0,984,2,2
6228,1146,0,984,2,2
6229,1146,0,984,2,2
6230,1146,0,984,2,2
6231,1147,1,984,2,2
6232,1147,0,984,2,2
6233,1147,0,984,2,2
6234,1147,0,984,2,2
6235,1147,0,984,2,2
6236,1147,0,984,2,2
6237,1147,0,984,2,2
6238,1148,1,984,2,2
6239,1148,0,984,2,2
6240,1148,0,984,2,2
6241,1148,0,984,2,2
6242,1148,0,984,2,2
6243,1148,0,984,2,2
6244,1148,0,984,2,2
6245,1149,1,984,2,2
6246,1149,0,984,2,2
6247,1149,0,984,2,2
6248,1149,0,984,2,2
6249,1149,0,984,2,2
6250,1149,0,984,2,2
6251,1149,0,984,2,2
6252,1149,0,984,2,2
6253,1150,1,984,2,2
6254,1150,0,984,2,2
6255,1150,0,984,2,2
6256,1150,0,984,2,2
6257,1150,0,984,2,2
6258,1150,0,984,2,2
6259,1151,1,984,2,2
6260,1151,0,984,2,2
6261,1151,0,984,2,2
6262,1151,0,984,2,2
6263,1151,0,984,2,2
6264,1151,0,984,2,2
6265,1151,0,984,2,2
6266,1152,1,984,2,2
6267,1152,0,984,2,2
6268,1152,0,984,2,2
6269,1152,0,984,2,2
6270,1152,0,984,2,2
6271,1152,0,984,2,2
6272,1152,0,984,2,2
6273,1153,1,984,2,2
6274,1153,0,984,2,2
6275,1153,0,984,2,2
6276,1153,0,984,2,2
6277,1153,0,984,2,2
6278,1153,0,984,2,2
6279,1154,1,984,2,2
6280,1154,0,984,2,2
6281,1154,0,984,2,2
6282,1154,0,984,2,2
6283,1154,0,984,2,2
6284,1154,0,984,2,2
6285,1154,0,984,2,2
6286,1155,1,984,2,2
6287,1155,0,984,2,2
6288,1155,0,984,2,2
6289,1155,0,984,2,2
6290,1155,0,984,2,2
6291,1155,0,984,2,2
6292,1155,0,984,2,2
6293,1156,1,984,2,2
6294,1156,0,984,2,2
6295,1156,0,984,2,2
6296,1156,0,984,2,2
6297,1156,0,984,2,2
6298,1156,0,984,2,2
6299,1156,0,984,2,2
6300,1156,0,984,2,2
6301,1157,1,984,2,2
6302,1157,0,984,2,2
6303,1157,0,984,2,2
6304,1157,0,984,2,2
6305,1157,0,984,2,2
6306,1157,0,984,2,2
6307,1157,0,984,2,2
6308,1158,1,984,2,2
6309,1158,0,984,2,2
6310,1158,0,984,2,2
6311,1158,0,984,2,2
6312,1158,0,984,2,2
6313,1158,0,984,2,2
6314,1158,0,984,2,2
6315,1159,1,984,2,2
6316,1159,0,984,2,2
6317,1159,0,984,2,2
6318,1159,0,984,2,2
6319,1159,0,984,2,2
6320,1159,0,984,2,2
6321,1159,0,984,2,2
6322,1159,0,984,2,2
6323,1160,1,984,2,2
6324,1160,0,984,2,2
6325,1160,0,984,2,2
6326,1160,0,984,2,2
6327,1160,0,984,2,2
6328,1160,0,984,2,2
6329,1160,0,984,2,2
6330,1161,1,984,2,2
6331,1161,0,984,2,2
6332,1161,0,984,2,2
6333,1161,0,984,2,2
6334,1161,0,984,2,2
6335,1161,0,984,2,2
6336,1161,0,984,2,2
6337,1162,1,984,2,2
6338,1162,0,984,2,2
6339,1162,0,984,2,2
6340,1162,0,984,2,2
6341,1162,0,984,2,2
6342,1162,0,984,2,2
6343,1163,1,984,2,2
6344,1163,0,984,2,2
6345,1163,0,984,2,2
6346,1163,0,984,2,2
6347,1163,0,984,2,2
6348,1163,0,984,2,2
6349,1163,0,984,2,2
6350,1164,1,984,2,2
6351,1164,0,984,2,2
6352,1164,0,984,2,2
6353,1164,0,984,2,2
6354,1164,0,984,2,2
6355,1164,0,984,2,2
6356,1164,0,984,2,2
6357,1165,1,984,2,2
6358,1165,0,984,2,2
6359,1165,0,984,2,2
6360,1165,0,984,2,2
6361,1165,0,984,2,2
6362,1165,0,984,2,2
6363,1166,1,984,2,2
6364,1166,0,984,2,2
6365,1166,0,984,2,2
6366,1166,0,984,2,2
6367,1166,0,984,2,2
6368,1166,0,984,2,2
6369,1167,1,984,2,2
6370,1167,0,984,2,2
6371,1167,0,984,2,2
6372,1167,0,984,2,2
6373,1167,0,984,2,2
6374,1167,0,984,2,2
6375,1167,0,984,2,2
6376,1168,1,984,2,2
6377,1168,0,984,2,2
6378,1168,0,984,2,2
6379,1168,0,984,2,2
6380,1168,0,984,2,2
6381,1168,0,984,2,2
6382,1169,1,984,2,2
6383,1169,0,984,2,2
6384,1169,0,984,2,2
6385,1169,0,984,2,2
6386,1169,0,984,2,2
6387,1169,0,984,2,2
6388,1170,1,984,2,2
6389,1170,0,984,2,2
6390,1170,0,984,2,2
6391,1170,0,984,2,2
6392,1170,0,984,2,2
6393,1170,0,984,2,2
6394,1171,1,984,2,2
6395,1171,0,984,2,2
6396,1171,0,984,2,2
6397,1171,0,984,2,2
6398,1171,0,984,2,2
6399,1171,0,984,2,2
6400,1172,1,984,2,2
6401,1172,0,984,2,2
6402,1172,0,984,2,2
6403,1172,0,984,2,2
6404,1172,0,984,2,2
6405,1172,0,984,2,2
6406,1173,1,984,2,2
6407,1173,0,984,2,2
6408,1173,0,984,2,2
6409,1173,0,984,2,2
6410,1173,0,984,2,2
6411,1173,0,984,2,2
6412,1174,1,984,2,2
6413,1174,0,984,2,2
6414,1174,0,984,2,2
6415,1174,0,984,2,2
6416,1174,0,984,2,2
6417,1174,0,984,2,2
6418,1175,1,984,2,2
6419,1175,0,984,2,2
6420,1175,0,984,2,2
6421,1175,0,984,2,2
6422,1175,0,984,2,2
6423,1176,1,984,2,2
6424,1176,0,984,2,2
6425,1176,0,984,2,2
6426,1176,0,984,2,2
6427,1176,0,984,2,2
6428,1176,0,984,2,2
6429,1177,1,984,2,2
6430,1177,0,984,2,2
6431,1177,0,984,2,2
6432,1177,0,984,2,2
6433,1177,0,984,2,2
6434,1177,0,984,2,2
6435,1178,1,984,2,2
6436,1178,0,984,2,2
6437,1178,0,984,2,2
6438,1178,0,984,2,2
6439,1178,0,984,2,2
6440,1179,1,984,2,2
6441,1179,0,984,2,2
6442,1179,0,984,2,2
6443,1179,0,984,2,2
6444,1179,0,984,2,2
6445,1179,0,984,2,2
6446,1180,1,984,2,2
6447,1180,0,984,2,2
6448,1180,0,984,2,2
6449,1180,0,984,2,2
6450,1180,0,984,2,2
6451,1181,1,984,2,2
6452,1181,0,984,2,2
6453,1181,0,984,2,2
6454,1181,0,984,2,2
6455,1181,0,984,2,2
6456,1181,0,984,2,2
6457,1182,1,984,2,2
6458,1182,0,984,2,2
6459,1182,0,984,2,2
6460,1182,0,984,2,2
6461,1182,0,984,2,2
6462,1183,1,984,2,2
6463,1183,0,984,2,2
6464,1183,0,984,2,2
6465,1183,0,984,2,2
6466,1183,0,984,2,2
6467,1183,0,984,2,2
6468,1184,1,984,2,2
6469,1184,0,984,2,2
6470,1184,0,984,2,2
6471,1184,0,984,2,2
6472,1184,0,984,2,2
6473,1185,1,984,2,2
6474,1185,0,984,2,2
6475,1185,0,984,2,2
6476,1185,0,984,2,2
6477,1185,0,984,2,2
6478,1186,1,984,2,2
6479,1186,0,984,2,2
6480,1186,0,984,2,2
6481,1186,0,984,2,2
6482,1186,0,984,2,2
6483,1186,0,984,2,2
6484,1187,1,984,2,2
6485,1187,0,984,2,2
6486,1187,0,984,2,2
6487,1187,0,984,2,2
6488,1187,0,984,2,2
6489,1188,1,984,2,2
6490,1188,0,984,2,2
6491,1188,0,984,2,2
6492,1188,0,984,2,2
6493,1188,0,984,2,2
6494,1189,1,984,2,2
6495,1189,0,984,2,2
6496,1189,0,984,2,2
6497,1189,0,984,2,2
6498,1189,0,984,2,2
6499,1190,1,984,2,2
6500,1190,0,984,2,2
6501,1190,0,984,2,2
6502,1190,0,984,2,2
6503,1190,0,984,2,2
6504,1191,1,984,2,2
6505,1191,0,984,2,2
6506,1191,0,984,2,2
6507,1191,0,984,2,2
6508,1191,0,984,2,2
6509,1192,1,984,2,2
6510,1192,0,984,2,2
6511,1192,0,984,2,2
6512,1192,0,984,2,2
6513,1192,0,984,2,2
6514,1192,0,984,2,2
6515,1193,1,984,2,2
6516,1193,0,984,2,2
6517,1193,0,984,2,2
6518,1193,0,984,2,2
6519,1193,0,984,2,2
6520,1194,1,984,2,2
6521,1194,0,984,2,2
6522,1194,0,984,2,2
6523,1194,0,984,2,2
6524,1194,0,984,2,2
6525,1195,1,984,2,2
6526,1195,0,984,2,2
6527,1195,0,984,2,2
6528,1195,0,984,2,2
6529,1195,0,984,2,2
6530,1196,1,984,2,2
6531,1196,0,984,2,2
6532,1196,0,984,2,2
6533,1196,0,984,2,2
6534,1196,0,984,2,2
6535,1197,1,984,2,2
6536,1197,0,984,2,2
6537,1197,0,984,2,2
6538,1197,0,984,2,2
6539,1197,0,984,2,2
6540,1198,1,984,2,2
6541,1198,0,984,2,2
6542,1198,0,984,2,2
6543,1198,0,984,2,2
6544,1198,0,984,2,2
6545,1199,1,984,2,2
6546,1199,0,984,2,2
6547,1199,0,984,2,2
6548,1199,0,984,2,2
6549,1199,0,984,2,2
6550,1200,1,984,2,2
6551,1200,0,984,2,2
6552,1200,0,984,2,2
6553,1200,0,984,2,2
6554,1200,0,984,2,2
6555,1201,1,984,2,2
6556,1201,0,984,2,2
6557,1201,0,984,2,2
6558,1201,0,984,2,2
6559,1201,0,984,2,2
6560,1202,1,984,2,2
6561,1202,0,984,2,2
6562,1202,0,984,2,2
6563,1202,0,984,2,2
6564,1203,1,984,2,2
6565,1203,0,984,2,2
6566,1203,0,984,2,2
6567,1203,0,984,2,2
6568,1203,0,984,2,2
6569,1204,1,984,2,2
6570,1204,0,984,2,2
6571,1204,0,984,2,2
6572,1204,0,984,2,2
6573,1204,0,984,2,2
6574,1205,1,984,2,2
6575,1205,0,984,2,2
6576,1205,0,984,2,2
6577,1205,0,984,2,2
6578,1205,0,984,2,2
6579,1206,1,984,2,2
6580,1206,0,984,2,2
6581,1206,0,984,2,2
6582,1206,0,984,2,2
6583,1206,0,984,2,2
6584,1207,1,984,2,2
6585,1207,0,984,2,2
6586,1207,0,984,2,2
6587,1207,0,984,2,2
6588,1207,0,984,2,2
6589,1208,1,984,2,2
6590,1208,0,984,2,2
6591,1208,0,984,2,2
6592,1208,0,984,2,2
6593,1208,0,984,2,2
6594,1209,1,984,2,2
6595,1209,0,984,2,2
6596,1209,0,984,2,2
6597,1209,0,984,2,2
6598,1209,0,984,2,2
6599,1210,1,984,2,2
6600,1210,0,984,2,2
6601,1210,0,984,2,2
6602,1210,0,984,2,2
6603,1210,0,984,2,2
6604,1211,1,984,2,2
6605,1211,0,984,2,2
6606,1211,0,984,2,2
6607,1211,0,984,2,2
6608,1211,0,984,2,2
6609,1212,1,984,2,2
6610,1212,0,984,2,2
6611,1212,0,984,2,2
6612,1212,0,984,2,2
6613,1212,0,984,2,2
6614,1213,1,984,2,2
6615,1213,0,984,2,2
6616,1213,0,984,2,2
6617,1213,0,984,2,2
6618,1213,0,984,2,2
6619,1214,1,984,2,2
6620,1214,0,984,2,2
6621,1214,0,984,2,2
6622,1214,0,984,2,2
6623,1214,0,984,2,2
6624,1215,1,984,2,2
6625,1215,0,984,2,2
6626,1215,0,984,2,2
6627,1215,0,984,2,2
6628,1215,0,984,2,2
6629,1216,1,984,2,2
6630,1216,0,984,2,2
6631,1216,0,984,2,2
6632,1216,0,984,2,2
6633,1216,0,984,2,2
6634,1217,1,984,2,2
6635,1217,0,984,2,2
6636,1217,0,984,2,2
6637,1217,0,984,2,2
6638,1217,0,984,2,2
6639,1218,1,984,2,2
6640,1218,0,984,2,2
6641,1218,0,984,2,2
6642,1218,0,984,2,2
6643,1218,0,984,2,2
6644,1219,1,984,2,2
6645,1219,0,984,2,2
6646,1219,0,984,2,2
6647,1219,0,984,2,2
6648,1219,0,984,2,2
6649,1220,1,984,2,2
6650,1220,0,984,2,2
6651,1220,0,984,2,2
6652,1220,0,984,2,2
6653,1220,0,984,2,2
6654,1221,1,984,2,2
6655,1221,0,984,2,2
6656,1221,0,984,2,2
6657,1221,0,984,2,2
6658,1221,0,984,2,2
6659,1222,1,984,2,2
6660,1222,0,984,2,2
6661,1222,0,984,2,2
6662,1222,0,984,2,2
6663,1222,0,984,2,2
6664,1223,1,984,2,2
6665,1223,0,984,2,2
6666,1223,0,984,2,2
6667,1223,0,984,2,2
6668,1223,0,984,2,2
6669,1224,1,984,2,2
6670,1224,0,984,2,2
6671,1224,0,984,2,2
6672,1224,0,984,2,2
6673,1224,0,984,2,2
6674,1225,1,984,2,2
6675,1225,0,984,2,2
6676,1225,0,984,2,2
6677,1225,0,984,2,2
6678,1225,0,984,2,2
6679,1226,1,984,2,2
6680,1226,0,984,2,2
6681,1226,0,984,2,2
6682,1226,0,984,2,2
6683,1226,0,984,2,2
6684,1227,1,984,2,2
6685,1227,0,984,2,2
6686,1227,0,984,2,2
6687,1227,0,984,2,2
6688,1227,0,984,2,2
6689,1228,1,984,2,2
6690,1228,0,984,2,2
6691,1228,0,984,2,2
6692,1228,0,984,2,2
6693,1228,0,984,2,2
6694,1229,1,984,2,2
6695,1229,0,984,2,2
6696,1229,0,984,2,2
6697,1229,0,984,2,2
6698,1229,0,984,2,2
6699,1230,1,984,2,2
6700,1230,0,984,2,2
6701,1230,0,984,2,2
6702,1230,0,984,2,2
6703,1230,0,984,2,2
6704,1230,0,984,2,2
6705,1231,1,984,2,2
6706,1231,0,984,2,2
6707,1231,0,984,2,2
6708,1231,0,984,2,2
6709,1231,0,984,2,2
6710,1232,1,984,2,2
6711,1232,0,984,2,2
6712,1232,0,984,2,2
6713,1232,0,984,2,2
6714,1232,0,984,2,2
6715,1233,1,984,2,2
6716,1233,0,984,2,2
6717,1233,0,984,2,2
6718,1233,0,984,2,2
6719,1233,0,984,2,2
6720,1233,0,984,2,2
6721,1234,1,984,2,2
6722,1234,0,984,2,2
6723,1234,0,984,2,2
6724,1234,0,984,2,2
6725,1234,0,984,2,2
6726,1235,1,984,2,2
6727,1235,0,984,2,2
6728,1235,0,984,2,2
6729,1235,0,984,2,2
6730,1235,0,984,2,2
6731,1236,1,984,2,2
6732,1236,0,984,2,2
6733,1236,0,984,2,2
6734,1236,0,984,2,2
6735,1236,0,984,2,2
6736,1236,0,984,2,2
6737,1237,1,984,2,2
6738,1237,0,984,2,2
6739,1237,0,984,2,2
6740,1237,0,984,2,2
6741,1237,0,984,2,2
6742,1238,1,984,2,2
6743,1238,0,984,2,2
6744,1238,0,984,2,2
6745,1238,0,984,2,2
6746,1238,0,984,2,2
6747,1238,0,984,2,2
6748,1239,1,984,2,2
6749,1239,0,984,2,2
6750,1239,0,984,2,2
6751,1239,0,984,2,2
6752,1239,0,984,2,2
6753,1239,0,984,2,2
6754,1240,1,984,2,2
6755,1240,0,984,2,2
6756,1240,0,984,2,2
6757,1240,0,984,2,2
6758,1240,0,984,2,2
6759,1241,1,984,2,2
6760,1241,0,984,2,2
6761,1241,0,984,2,2
6762,1241,0,984,2,2
6763,1241,0,984,2,2
6764,1241,0,984,2,2
6765,1242,1,984,2,2
6766,1242,0,984,2,2
6767,1242,0,984,2,2
6768,1242,0,984,2,2
6769,1242,0,984,2,2
6770,1242,0,984,2,2
6771,1243,1,984,2,2
6772,1243,0,984,2,2
6773,1243,0,984,2,2
6774,1243,0,984,2,2
6775,1243,0,984,2,2
6776,1243,0,984,2,2
6777,1244,1,984,2,2
6778,1244,0,984,2,2
6779,1244,0,984,2,2
6780,1244,0,984,2,2
6781,1244,0,984,2,2
6782,1244,0,984,2,2
6783,1244,0,984,2,2
6784,1245,1,984,2,2
6785,1245,0,984,2,2
6786,1245,0,984,2,2
6787,1245,0,984,2,2
6788,1245,0,984,2,2
6789,1245,0,984,2,2
6790,1246,1,984,2,2
6791,1246,0,984,2,2
6792,1246,0,984,2,2
6793,1246,0,984,2,2
6794,1246,0,984,2,2
6795,1246,0,984,2,2
6796,1247,1,984,2,2
6797,1247,0,984,2,2
6798,1247,0,984,2,2
6799,1247,0,984,2,2
6800,1247,0,984,2,2
6801,1247,0,984,2,2
6802,1248,1,984,2,2
6803,1248,0,984,2,2
6804,1248,0,984,2,2
6805,1248,0,984,2,2
6806,1248,0,984,2,2
6807,1248,0,984,2,2
6808,1249,1,984,2,2
6809,1249,0,984,2,2
6810,1249,0,984,2,2
6811,1249,0,984,2,2
6812,1249,0,984,2,2
6813,1249,0,984,2,2
6814,1249,0,984,2,2
6815,1250,1,984,2,2
6816,1250,0,984,2,2
6817,1250,0,984,2,2
6818,1250,0,984,2,2
6819,1250,0,984,2,2
6820,1250,0,984,2,2
6821,1251,1,984,2,2
6822,1251,0,984,2,2
6823,1251,0,984,2,2
6824,1251,0,984,2,2
6825,1251,0,984,2,2
6826,1251,0,984,2,2
6827,1252,1,984,2,2
6828,1252,0,984,2,2
6829,1252,0,984,2,2
6830,1252,0,984,2,2
6831,1252,0,984,2,2
6832,1252,0,984,2,2
6833,1253,1,984,2,2
6834,1253,0,984,2,2
6835,1253,0,984,2,2
6836,1253,0,984,2,2
6837,1253,0,984,2,2
6838,1253,0,984,2,2
6839,1254,1,984,2,2
6840,1254,0,984,2,2
6841,1254,0,984,2,2
6842,1254,0,984,2,2
6843,1254,0,984,2,2
6844,1254,0,984,2,2
6845,1254,0,984,2,2
6846,1255,1,984,2,2
6847,1255,0,984,2,2
6848,1255,0,984,2,2
6849,1255,0,984,2,2
6850,1255,0,984,2,2
6851,1255,0,984,2,2
6852,1256,1,984,2,2
6853,1256,0,984,2,2
6854,1256,0,984,2,2
6855,1256,0,984,2,2
6856,1256,0,984,2,2
6857,1256,0,984,2,2
6858,1256,0,984,2,2
6859,1257,1,984,2,2
6860,1257,0,984,2,2
6861,1257,0,984,2,2
6862,1257,0,984,2,2
6863,1257,0,984,2,2
6864,1257,0,984,2,2
6865,1257,0,984,2,2
6866,1258,1,984,2,2
6867,1258,0,984,2,2
6868,1258,0,984,2,2
6869,1258,0,984,2,2
6870,1258,0,984,2,2
6871,1258,0,984,2,2
6872,1258,0,984,2,2
6873,1258,0,984,2,2
6874,1259,1,984,2,2
6875,1259,0,984,2,2
6876,1259,0,984,2,2
6877,1259,0,984,2,2
6878,1259,0,984,2,2
6879,1259,0,984,2,2
6880,1259,0,984,2,2
6881,1260,1,984,2,2
6882,1260,0,984,2,2
6883,1260,0,984,2,2
6884,1260,0,984,2,2
6885,1260,0,984,2,2
6886,1260,0,984,2,2
6887,1260,0,984,2,2
6888,1261,1,984,2,2
6889,1261,0,984,2,2
6890,1261,0,984,2,2
6891,1261,0,984,2,2
6892,1261,0,984,2,2
6893,1261,0,984,2,2
6894,1261,0,984,2,2
6895,1262,1,984,2,2
6896,1262,0,984,2,2
6897,1262,0,984,2,2
6898,1262,0,984,2,2
6899,1262,0,984,2,2
6900,1262,0,984,2,2
6901,1262,0,984,2,2
6902,1263,1,984,2,2
6903,1263,0,984,2,2
6904,1263,0,984,2,2
6905,1263,0,984,2,2
6906,1263,0,984,2,2
6907,1263,0,984,2,2
6908,1264,1,984,2,2
6909,1264,0,984,2,2
6910,1264,0,984,2,2
6911,1264,0,984,2,2
6912,1264,0,984,2,2
6913,1264,0,984,2,2
6914,1264,0,984,2,2
6915,1265,1,984,2,2
6916,1265,0,984,2,2
6917,1265,0,984,2,2
6918,1265,0,984,2,2
6919,1265,0,984,2,2
6920,1265,0,984,2,2
6921,1265,0,984,2,2
6922,1266,1,984,2,2
6923,1266,0,984,2,2
6924,1266,0,984,2,2
6925,1266,0,984,2,2
6926,1266,0,984,2,2
6927,1266,0,984,2,2
6928,1266,0,984,2,2
6929,1267,1,984,2,2
6930,1267,0,984,2,2
6931,1267,0,984,2,2
6932,1267,0,984,2,2
6933,1267,0,984,2,2
6934,1267,0,984,2,2
6935,1267,0,984,2,2
6936,1268,1,984,2,2
6937,1268,0,984,2,2
6938,1268,0,984,2,2
6939,1268,0,984,2,2
6940,1268,0,984,2,2
6941,1268,0,984,2,2
6942,1269,1,984,2,2
6943,1269,0,984,2,2
6944,1269,0,984,2,2
6945,1269,0,984,2,2
6946,1269,0,984,2,2
6947,1269,0,984,2,2
6948,1269,0,984,2,2
6949,1270,1,984,2,2
6950,1270,0,984,2,2
6951,1270,0,984,2,2
6952,1270,0,984,2,2
6953,1270,0,984,2,2
6954,1270,0,984,2,2
6955,1271,1,984,2,2
6956,1271,0,984,2,2
6957,1271,0,984,2,2
6958,1271,0,984,2,2
6959,1271,0,984,2,2
6960,1271,0,984,2,2
6961,1272,1,984,2,2
6962,1272,0,984,2,2
6963,1272,0,984,2,2
6964,1272,0,984,2,2
6965,1272,0,984,2,2
6966,1272,0,984,2,2
6967,1273,1,984,2,2
6968,1273,0,984,2,2
6969,1273,0,984,2,2
6970,1273,0,984,2,2
6971,1273,0,984,2,2
6972,1273,0,984,2,2
6973,1273,0,984,2,2
6974,1274,1,984,2,2
6975,1274,0,984,2,2
6976,1274,0,984,2,2
6977,1274,0,984,2,2
6978,1274,0,984,2,2
6979,1275,1,984,2,2
6980,1275,0,984,2,2
6981,1275,0,984,2,2
6982,1275,0,984,2,2
6983,1275,0,984,2,2
6984,1275,0,984,2,2
6985,1275,0,984,2,2
6986,1276,1,984,2,2
6987,1276,0,984,2,2
6988,1276,0,984,2,2
6989,1276,0,984,2,2
6990,1276,0,984,2,2
6991,1276,0,984,2,2
6992,1277,1,984,2,2
6993,1277,0,984,2,2
6994,1277,0,984,2,2
6995,1277,0,984,2,2
6996,1277,0,984,2,2
6997,1277,0,984,2,2
6998,1278,1,984,2,2
6999,1278,0,984,2,2
7000,1278,0,984,2,2
7001,1278,0,984,2,2
7002,1278,0,984,2,2
7003,1279,1,984,2,2
7004,1279,0,984,2,2
7005,1279,0,984,2,2
7006,1279,0,984,2,2
7007,1279,0,984,2,2
7008,1279,0,984,2,2
7009,1280,1,984,2,2
7010,1280,0,984,2,2
7011,1280,0,984,2,2
7012,1280,0,984,2,2
7013,1280,0,984,2,2
7014,1280,0,984,2,2
7015,1281,1,984,2,2
7016,1281,0,984,2,2
7017,1281,0,984,2,2
7018,1281,0,984,2,2
7019,1281,0,984,2,2
7020,1281,0,984,2,2
7021,1282,1,984,2,2
7022,1282,0,984,2,2
7023,1282,0,984,2,2
7024,1282,0,984,2,2
7025,1282,0,984,2,2
7026,1283,1,984,2,2
7027,1283,0,984,2,2
7028,1283,0,984,2,2
7029,1283,0,984,2,2
7030,1283,0,984,2,2
7031,1283,0,984,2,2
7032,1284,1,984,2,2
7033,1284,0,984,2,2
7034,1284,0,984,2,2
7035,1284,0,984,2,2
7036,1284,0,984,2,2
7037,1284,0,984,2,2
7038,1285,1,984,2,2
7039,1285,0,984,2,2
7040,1285,0,984,2,2
7041,1285,0,984,2,2
7042,1285,0,984,2,2
7043,1286,1,984,2,2
7044,1286,0,984,2,2
7045,1286,0,984,2,2
7046,1286,0,984,2,2
7047,1286,0,984,2,2
7048,1286,0,984,2,2
7049,1287,1,984,2,2
7050,1287,0,984,2,2
7051,1287,0,984,2,2
7052,1287,0,984,2,2
7053,1287,0,984,2,2
7054,1288,1,984,2,2
7055,1288,0,984,2,2
7056,1288,0,984,2,2
7057,1288,0,984,2,2
7058,1288,0,984,2,2
7059,1288,0,984,2,2
7060,1289,1,984,2,2
7061,1289,0,984,2,2
7062,1289,0,984,2,2
7063,1289,0,984,2,2
7064,1289,0,984,2,2
7065,1290,1,984,2,2
7066,1290,0,984,2,2
7067,1290,0,984,2,2
7068,1290,0,984,2,2
7069,1290,0,984,2,2
7070,1291,1,984,2,2
7071,1291,0,984,2,2
7072,1291,0,984,2,2
7073,1291,0,984,2,2
7074,1291,0,984,2,2
7075,1291,0,984,2,2
7076,1292,1,984,2,2
7077,1292,0,984,2,2
7078,1292,0,984,2,2
7079,1292,0,984,2,2
7080,1292,0,984,2,2
7081,1293,1,984,2,2
7082,1293,0,984,2,2
7083,1293,0,984,2,2
7084,1293,0,984,2,2
7085,1293,0,984,2,2
7086,1294,1,984,2,2
7087,1294,0,984,2,2
7088,1294,0,984,2,2
7089,1294,0,984,2,2
7090,1294,0,984,2,2
7091,1295,1,984,2,2
7092,1295,0,984,2,2
7093,1295,0,984,2,2
7094,1295,0,984,2,2
7095,1295,0,984,2,2
7096,1295,0,984,2,2
7097,1296,1,984,2,2
7098,1296,0,984,2,2
7099,1296,0,984,2,2
7100,1296,0,984,2,2
7101,1296,0,984,2,2
7102,1297,1,984,2,2
7103,1297,0,984,2,2
7104,1297,0,984,2,2
7105,1297,0,984,2,2
7106,1297,0,984,2,2
7107,1298,1,984,2,2
7108,1298,0,984,2,2
7109,1298,0,984,2,2
7110,1298,0,984,2,2
7111,1298,0,984,2,2
7112,1299,1,984,2,2
7113,1299,0,984,2,2
7114,1299,0,984,2,2
7115,1299,0,984,2,2
7116,1299,0,984,2,2
7117,1300,1,984,2,2
7118,1300,0,984,2,2
7119,1300,0,984,2,2
7120,1300,0,984,2,2
7121,1300,0,984,2,2
7122,1301,1,984,2,2
7123,1301,0,984,2,2
7124,1301,0,984,2,2
7125,1301,0,984,2,2
7126,1301,0,984,2,2
7127,1302,1,984,2,2
7128,1302,0,984,2,2
7129,1302,0,984,2,2
7130,1302,0,984,2,2
7131,1302,0,984,2,2
7132,1303,1,984,2,2
7133,1303,0,984,2,2
7134,1303,0,984,2,2
7135,1303,0,984,2,2
7136,1303,0,984,2,2
7137,1304,1,984,2,2
7138,1304,0,984,2,2
7139,1304,0,984,2,2
7140,1304,0,984,2,2
7141,1304,0,984,2,2
7142,1305,1,984,2,2
7143,1305,0,984,2,2
7144,1305,0,984,2,2
7145,1305,0,984,2,2
7146,1305,0,984,2,2
7147,1306,1,984,2,2
7148,1306,0,984,2,2
7149,1306,0,984,2,2
7150,1306,0,984,2,2
7151,1306,0,984,2,2
7152,1307,1,984,2,2
7153,1307,0,984,2,2
7154,1307,0,984,2,2
7155,1307,0,984,2,2
7156,1307,0,984,2,2
7157,1308,1,984,2,2
7158,1308,0,984,2,2
7159,1308,0,984,2,2
7160,1308,0,984,2,2
7161,1308,0,984,2,2
7162,1309,1,984,2,2
7163,1309,0,984,2,2
7164,1309,0,984,2,2
7165,1309,0,984,2,2
7166,1309,0,984,2,2
7167,1310,1,984,2,2
7168,1310,0,984,2,2
7169,1310,0,984,2,2
7170,1310,0,984,2,2
7171,1310,0,984,2,2
7172,1311,1,984,2,2
7173,1311,0,984,2,2
7174,1311,0,984,2,2
7175,1311,0,984,2,2
7176,1311,0,984,2,2
7177,1312,1,984,2,2
7178,1312,0,984,2,2
7179,1312,0,984,2,2
7180,1312,0,984,2,2
7181,1312,0,984,2,2
7182,1313,1,984,2,2
7183,1313,0,984,2,2
7184,1313,0,984,2,2
7185,1313,0,984,2,2
7186,1313,0,984,2,2
7187,1314,1,984,2,2
7188,1314,0,984,2,2
7189,1314,0,984,2,2
7190,1314,0,984,2,2
7191,1314,0,984,2,2
7192,1315,1,984,2,2
7193,1315,0,984,2,2
7194,1315,0,984,2,2
7195,1315,0,984,2,2
7196,1315,0,984,2,2
7197,1316,1,984,2,2
7198,1316,0,984,2,2
7199,1316,0,984,2,2
7200,1316,0,984,2,2
7201,1316,0,984,2,2
7202,1317,1,984,2,2
7203,1317,0,984,2,2
7204,1317,0,984,2,2
7205,1317,0,984,2,2
7206,1317,0,984,2,2
7207,1318,1,984,2,2
7208,1318,0,984,2,2
7209,1318,0,984,2,2
7210,1318,0,984,2,2
7211,1318,0,984,2,2
7212,1319,1,984,2,2
7213,1319,0,984,2,2
7214,1319,0,984,2,2
7215,1319,0,984,2,2
7216,1319,0,984,2,2
7217,1320,1,984,2,2
7218,1320,0,984,2,2
7219,1320,0,984,2,2
7220,1320,0,984,2,2
7221,1320,0,984,2,2
7222,1321,1,984,2,2
7223,1321,0,984,2,2
7224,1321,0,984,2,2
7225,1321,0,984,2,2
7226,1321,0,984,2,2
7227,1322,1,984,2,2
7228,1322,0,984,2,2
7229,1322,0,984,2,2
7230,1322,0,984,2,2
7231,1322,0,984,2,2
7232,1323,1,984,2,2
7233,1323,0,984,2,2
7234,1323,0,984,2,2
7235,1323,0,984,2,2
7236,1323,0,984,2,2
7237,1324,1,984,2,2
7238,1324,0,984,2,2
7239,1324,0,984,2,2
7240,1324,0,984,2,2
7241,1324,0,984,2,2
7242,1325,1,984,2,2
7243,1325,0,984,2,2
7244,1325,0,984,2,2
7245,1325,0,984,2,2
7246,1325,0,984,2,2
7247,1326,1,984,2,2
7248,1326,0,984,2,2
7249,1326,0,984,2,2
7250,1326,0,984,2,2
7251,1326,0,984,2,2
7252,1327,1,984,2,2
7253,1327,0,984,2,2
7254,1327,0,984,2,2
7255,1327,0,984,2,2
7256,1327,0,984,2,2
7257,1328,1,984,2,2
7258,1328,0,984,2,2
7259,1328,0,984,2,2
7260,1328,0,984,2,2
7261,1328,0,984,2,2
7262,1329,1,984,2,2
7263,1329,0,984,2,2
7264,1329,0,984,2,2
7265,1329,0,984,2,2
7266,1329,0,984,2,2
7267,1330,1,984,2,2
7268,1330,0,984,2,2
7269,1330,0,984,2,2
7270,1330,0,984,2,2
7271,1330,0,984,2,2
7272,1331,1,984,2,2
7273,1331,0,984,2,2
7274,1331,0,984,2,2
7275,1331,0,984,2,2
7276,1331,0,984,2,2
7277,1332,1,984,2,2
7278,1332,0,984,2,2
7279,1332,0,984,2,2
7280,1332,0,984,2,2
7281,1332,0,984,2,2
7282,1332,0,984,2,2
7283,1333,1,984,2,2
7284,1333,0,984,2,2
7285,1333,0,984,2,2
7286,1333,0,984,2,2
7287,1333,0,984,2,2
7288,1334,1,984,2,2
7289,1334,0,984,2,2
7290,1334,0,984,2,2
7291,1334,0,984,2,2
7292,1334,0,984,2,2
7293,1335,1,984,2,2
7294,1335,0,984,2,2
7295,1335,0,984,2,2
7296,1335,0,984,2,2
7297,1335,0,984,2,2
7298,1335,0,984,2,2
7299,1336,1,984,2,2
7300,1336,0,984,2,2
7301,1336,0,984,2,2
7302,1336,0,984,2,2
7303,1336,0,984,2,2
7304,1337,1,984,2,2
7305,1337,0,984,2,2
7306,1337,0,984,2,2
7307,1337,0,984,2,2
7308,1337,0,984,2,2
7309,1338,1,984,2,2
7310,1338,0,984,2,2
7311,1338,0,984,2,2
7312,1338,0,984,2,2
7313,1338,0,984,2,2
7314,1338,0,984,2,2
7315,1339,1,984,2,2
7316,1339,0,984,2,2
7317,1339,0,984,2,2
7318,1339,0,984,2,2
7319,1339,0,984,2,2
7320,1339,0,984,2,2
7321,1340,1,984,2,2
7322,1340,0,984,2,2
7323,1340,0,984,2,2
7324,1340,0,984,2,2
7325,1340,0,984,2,2
7326,1341,1,984,2,2
7327,1341,0,984,2,2
7328,1341,0,984,2,2
7329,1341,0,984,2,2
7330,1341,0,984,2,2
7331,1341,0,984,2,2
7332,1342,1,984,2,2
7333,1342,0,984,2,2
7334,1342,0,984,2,2
7335,1342,0,984,2,2
7336,1342,0,984,2,2
7337,1343,1,984,2,2
7338,1343,0,984,2,2
7339,1343,0,984,2,2
7340,1343,0,984,2,2
7341,1343,0,984,2,2
7342,1343,0,984,2,2
7343,1344,1,984,2,2
7344,1344,0,984,2,2
7345,1344,0,984,2,2
7346,1344,0,984,2,2
7347,1344,0,984,2,2
7348,1344,0,984,2,2
7349,1345,1,984,2,2
7350,1345,0,984,2,2
7351,1345,0,984,2,2
7352,1345,0,984,2,2
7353,1345,0,984,2,2
7354,1345,0,984,2,2
7355,1346,1,984,2,2
7356,1346,0,984,2,2
7357,1346,0,984,2,2
7358,1346,0,984,2,2
7359,1346,0,984,2,2
7360,1346,0,984,2,2
7361,1347,1,984,2,2
7362,1347,0,984,2,2
7363,1347,0,984,2,2
7364,1347,0,984,2,2
7365,1347,0,984,2,2
7366,1347,0,984,2,2
7367,1348,1,984,2,2
7368,1348,0,984,2,2
7369,1348,0,984,2,2
7370,1348,0,984,2,2
7371,1348,0,984,2,2
7372,1348,0,984,2,2
7373,1349,1,984,2,2
7374,1349,0,984,2,2
7375,1349,0,984,2,2
7376,1349,0,984,2,2
7377,1349,0,984,2,2
7378,1349,0,984,2,2
7379,1350,1,984,2,2
7380,1350,0,984,2,2
7381,1350,0,984,2,2
7382,1350,0,984,2,2
7383,1350,0,984,2,2
7384,1350,0,984,2,2
7385,1350,0,984,2,2
7386,1351,1,984,2,2
7387,1351,0,984,2,2
7388,1351,0,984,2,2
7389,1351,0,984,2,2
7390,1351,0,984,2,2
7391,1351,0,984,2,2
7392,1352,1,984,2,2
7393,1352,0,984,2,2
7394,1352,0,984,2,2
7395,1352,0,984,2,2
7396,1352,0,984,2,2
7397,1352,0,984,2,2
7398,1353,1,984,2,2
7399,1353,0,984,2,2
7400,1353,0,984,2,2
7401,1353,0,984,2,2
7402,1353,0,984,2,2
7403,1353,0,984,2,2
7404,1353,0,984,2,2
7405,1354,1,984,2,2
7406,1354,0,984,2,2
7407,1354,0,984,2,2
7408,1354,0,984,2,2
7409,1354,0,984,2,2
7410,1354,0,984,2,2
7411,1355,1,984,2,2
7412,1355,0,984,2,2
7413,1355,0,984,2,2
7414,1355,0,984,2,2
7415,1355,0,984,2,2
7416,1355,0,984,2,2
7417,1356,1,984,2,2
7418,1356,0,984,2,2
7419,1356,0,984,2,2
7420,1356,0,984,2,2
7421,1356,0,984,2,2
7422,1356,0,984,2,2
7423,1356,0,984,2,2
7424,1357,1,984,2,2
7425,1357,0,984,2,2
7426,1357,0,984,2,2
7427,1357,0,984,2,2
7428,1357,0,984,2,2
7429,1357,0,984,2,2
7430,1358,1,984,2,2
7431,1358,0,984,2,2
7432,1358,0,984,2,2
7433,1358,0,984,2,2
7434,1358,0,984,2,2
7435,1358,0,984,2,2
7436,1359,1,984,2,2
7437,1359,0,984,2,2
7438,1359,0,984,2,2
7439,1359,0,984,2,2
7440,1359,0,984,2,2
7441,1359,0,984,2,2
7442,1359,0,984,2,2
7443,1360,1,984,2,2
7444,1360,0,984,2,2
7445,1360,0,984,2,2
7446,1360,0,984,2,2
7447,1360,0,984,2,2
7448,1360,0,984,2,2
7449,1361,1,984,2,2
7450,1361,0,984,2,2
7451,1361,0,984,2,2
7452,1361,0,984,2,2
7453,1361,0,984,2,2
7454,1361,0,984,2,2
7455,1361,0,984,2,2
7456,1362,1,984,2,2
7457,1362,0,984,2,2
7458,1362,0,984,2,2
7459,1362,0,984,2,2
7460,1362,0,984,2,2
7461,1362,0,984,2,2
7462,1363,1,984,2,2
7463,1363,0,984,2,2
7464,1363,0,984,2,2
7465,1363,0,984,2,2
7466,1363,0,984,2,2
7467,1363,0,984,2,2
7468,1363,0,984,2,2
7469,1364,1,984,2,2
7470,1364,0,984,2,2
7471,1364,0,984,2,2
7472,1364,0,984,2,2
7473,1364,0,984,2,2
7474,1364,0,984,2,2
7475,1365,1,984,2,2
7476,1365,0,984,2,2
7477,1365,0,984,2,2
7478,1365,0,984,2,2
7479,1365,0,984,2,2
7480,1365,0,984,2,2
7481,1365,0,984,2,2
7482,1366,1,984,2,2
7483,1366,0,984,2,2
7484,1366,0,984,2,2
7485,1366,0,984,2,2
7486,1366,0,984,2,2
7487,1366,0,984,2,2
7488,1367,1,984,2,2
7489,1367,0,984,2,2
7490,1367,0,984,2,2
7491,1367,0,984,2,2
7492,1367,0,984,2,2
7493,1367,0,984,2,2
7494,1367,0,984,2,2
7495,1368,1,984,2,2
7496,1368,0,984,2,2
7497,1368,0,984,2,2
7498,1368,0,984,2,2
7499,1368,0,984,2,2
7500,1368,0,984,2,2
7501,1369,1,984,2,2
7502,1369,0,984,2,2
7503,1369,0,984,2,2
7504,1369,0,984,2,2
7505,1369,0,984,2,2
7506,1369,0,984,2,2
7507,1369,0,984,2,2
7508,1370,1,984,2,2
7509,1370,0,984,2,2
7510,1370,0,984,2,2
7511,1370,0,984,2,2
7512,1370,0,984,2,2
7513,1370,0,984,2,2
7514,1371,1,984,2,2
7515,1371,0,984,2,2
7516,1371,0,984,2,2
7517,1371,0,984,2,2
7518,1371,0,984,2,2
7519,1371,0,984,2,2
7520,1371,0,984,2,2
7521,1372,1,984,2,2
7522,1372,0,984,2,2
7523,1372,0,984,2,2
7524,1372,0,984,2,2
7525,1372,0,984,2,2
7526,1372,0,984,2,2
7527,1373,1,984,2,2
7528,1373,0,984,2,2
7529,1373,0,984,2,2
7530,1373,0,984,2,2
7531,1373,0,984,2,2
7532,1373,0,984,2,2
7533,1373,0,984,2,2
7534,1374,1,984,2,2
7535,1374,0,984,2,2
7536,1374,0,984,2,2
7537,1374,0,984,2,2
7538,1374,0,984,2,2
7539,1374,0,984,2,2
7540,1374,0,984,2,2
7541,1375,1,984,2,2
7542,1375,0,984,2,2
7543,1375,0,984,2,2
7544,1375,0,984,2,2
7545,1375,0,984,2,2
7546,1375,0,984,2,2
7547,1376,1,984,2,2
7548,1376,0,984,2,2
7549,1376,0,984,2,2
7550,1376,0,984,2,2
7551,1376,0,984,2,2
7552,1376,0,984,2,2
7553,1376,0,984,2,2
7554,1377,1,984,2,2
7555,1377,0,984,2,2
7556,1377,0,984,2,2
7557,1377,0,984,2,2
7558,1377,0,984,2,2
7559,1377,0,984,2,2
7560,1378,1,984,2,2
7561,1378,0,984,2,2
7562,1378,0,984,2,2
7563,1378,0,984,2,2
7564,1378,0,984,2,2
7565,1378,0,984,2,2
7566,1379,1,984,2,2
7567,1379,0,984,2,2
7568,1379,0,984,2,2
7569,1379,0,984,2,2
7570,1379,0,984,2,2
7571,1379,0,984,2,2
7572,1379,0,984,2,2
7573,1380,1,984,2,2
7574,1380,0,984,2,2
7575,1380,0,984,2,2
7576,1380,0,984,2,2
7577,1380,0,984,2,2
7578,1380,0,984,2,2
7579,1381,1,984,2,2
7580,1381,0,984,2,2
7581,1381,0,984,2,2
7582,1381,0,984,2,2
7583,1381,0,984,2,2
7584,1381,0,984,2,2
7585,1382,1,984,2,2
7586,1382,0,984,2,2
7587,1382,0,984,2,2
7588,1382,0,984,2,2
7589,1382,0,984,2,2
7590,1382,0,984,2,2
7591,1382,0,984,2,2
7592,1383,1,984,2,2
7593,1383,0,984,2,2
7594,1383,0,984,2,2
7595,1383,0,984,2,2
7596,1383,0,984,2,2
7597,1383,0,984,2,2
7598,1384,1,984,2,2
7599,1384,0,984,2,2
7600,1384,0,984,2,2
7601,1384,0,984,2,2
7602,1384,0,984,2,2
7603,1384,0,984,2,2
7604,1385,1,984,2,2
7605,1385,0,984,2,2
7606,1385,0,984,2,2
7607,1385,0,984,2,2
7608,1385,0,984,2,2
7609,1385,0,984,2,2
7610,1386,1,984,2,2
7611,1386,0,984,2,2
7612,1386,0,984,2,2
7613,1386,0,984,2,2
7614,1386,0,984,2,2
7615,1386,0,984,2,2
7616,1387,1,984,2,2
7617,1387,0,984,2,2
7618,1387,0,984,2,2
7619,1387,0,984,2,2
7620,1387,0,984,2,2
7621,1388,1,984,2,2
7622,1388,0,984,2,2
7623,1388,0,984,2,2
7624,1388,0,984,2,2
7625,1388,0,984,2,2
7626,1388,0,984,2,2
7627,1388,0,984,2,2
7628,1389,1,984,2,2
7629,1389,0,984,2,2
7630,1389,0,984,2,2
7631,1389,0,984,2,2
7632,1389,0,984,2,2
7633,1390,1,984,2,2
7634,1390,0,984,2,2
7635,1390,0,984,2,2
7636,1390,0,984,2,2
7637,1390,0,984,2,2
7638,1390,0,984,2,2
7639,1391,1,984,2,2
7640,1391,0,984,2,2
7641,1391,0,984,2,2
7642,1391,0,984,2,2
7643,1391,0,984,2,2
7644,1391,0,984,2,2
7645,1392,1,984,2,2
7646,1392,0,984,2,2
7647,1392,0,984,2,2
7648,1392,0,984,2,2
7649,1392,0,984,2,2
7650,1392,0,984,2,2
7651,1393,1,984,2,2
7652,1393,0,984,2,2
7653,1393,0,984,2,2
7654,1393,0,984,2,2
7655,1393,0,984,2,2
7656,1394,1,984,2,2
7657,1394,0,984,2,2
7658,1394,0,984,2,2
7659,1394,0,984,2,2
7660,1394,0,984,2,2
7661,1394,0,984,2,2
7662,1395,1,984,2,2
7663,1395,0,984,2,2
7664,1395,0,984,2,2
7665,1395,0,984,2,2
7666,1395,0,984,2,2
7667,1395,0,984,2,2
7668,1396,1,984,2,2
7669,1396,0,984,2,2
7670,1396,0,984,2,2
7671,1396,0,984,2,2
7672,1396,0,984,2,2
7673,1397,1,984,2,2
7674,1397,0,984,2,2
7675,1397,0,984,2,2
7676,1397,0,984,2,2
7677,1397,0,984,2,2
7678,1397,0,984,2,2
7679,1398,1,984,2,2
7680,1398,0,984,2,2
7681,1398,0,984,2,2
7682,1398,0,984,2,2
7683,1398,0,984,2,2
7684,1399,1,984,2,2
7685,1399,0,984,2,2
7686,1399,0,984,2,2
7687,1399,0,984,2,2
7688,1399,0,984,2,2
7689,1400,1,984,2,2
7690,1400,0,984,2,2
7691,1400,0,984,2,2
7692,1400,0,984,2,2
7693,1400,0,984,2,2
7694,1400,0,984,2,2
7695,1401,1,984,2,2
7696,1401,0,984,2,2
7697,1401,0,984,2,2
7698,1401,0,984,2,2
7699,1401,0,984,2,2
7700,1402,1,984,2,2
7701,1402,0,984,2,2
7702,1402,0,984,2,2
7703,1402,0,984,2,2
7704,1402,0,984,2,2
7705,1402,0,984,2,2
7706,1403,1,984,2,2
7707,1403,0,984,2,2
7708,1403,0,984,2,2
7709,1403,0,984,2,2
7710,1403,0,984,2,2
7711,1404,1,984,2,2
7712,1404,0,984,2,2
7713,1404,0,984,2,2
7714,1404,0,984,2,2
7715,1404,0,984,2,2
7716,1405,1,984,2,2
7717,1405,0,984,2,2
7718,1405,0,984,2,2
7719,1405,0,984,2,2
7720,1405,0,984,2,2
7721,1406,1,984,2,2
7722,1406,0,984,2,2
7723,1406,0,984,2,2
7724,1406,0,984,2,2
7725,1406,0,984,2,2
7726,1406,0,984,2,2
7727,1407,1,984,2,2
7728,1407,0,984,2,2
7729,1407,0,984,2,2
7730,1407,0,984,2,2
7731,1407,0,984,2,2
7732,1408,1,984,2,2
7733,1408,0,984,2,2
7734,1408,0,984,2,2
7735,1408,0,984,2,2
7736,1408,0,984,2,2
7737,1409,1,984,2,2
7738,1409,0,984,2,2
7739,1409,0,984,2,2
7740,1409,0,984,2,2
7741,1409,0,984,2,2
7742,1410,1,984,2,2
7743,1410,0,984,2,2
7744,1410,0,984,2,2
7745,1410,0,984,2,2
7746,1410,0,984,2,2
7747,1411,1,984,2,2
7748,1411,0,984,2,2
7749,1411,0,984,2,2
7750,1411,0,984,2,2
7751,1411,0,984,2,2
7752,1412,1,984,2,2
7753,1412,0,984,2,2
7754,1412,0,984,2,2
7755,1412,0,984,2,2
7756,1412,0,984,2,2
7757,1413,1,984,2,2
7758,1413,0,984,2,2
7759,1413,0,984,2,2
7760,1413,0,984,2,2
7761,1413,0,984,2,2
7762,1414,1,984,2,2
7763,1414,0,984,2,2
7764,1414,0,984,2,2
7765,1414,0,984,2,2
7766,1414,0,984,2,2
7767,1415,1,984,2,2
7768,1415,0,984,2,2
7769,1415,0,984,2,2
7770,1415,0,984,2,2
7771,1415,0,984,2,2
7772,1416,1,984,2,2
7773,1416,0,984,2,2
7774,1416,0,984,2,2
7775,1416,0,984,2,2
7776,1416,0,984,2,2
7777,1417,1,984,2,2
7778,1417,0,984,2,2
7779,1417,0,984,2,2
7780,1417,0,984,2,2
7781,1417,0,984,2,2
7782,1418,1,984,2,2
7783,1418,0,984,2,2
7784,1418,0,984,2,2
7785,1418,0,984,2,2
7786,1418,0,984,2,2
7787,1419,1,984,2,2
7788,1419,0,984,2,2
7789,1419,0,984,2,2
7790,1419,0,984,2,2
7791,1419,0,984,2,2
7792,1420,1,984,2,2
7793,1420,0,984,2,2
7794,1420,0,984,2,2
7795,1420,0,984,2,2
7796,1420,0,984,2,2
7797,1421,1,984,2,2
7798,1421,0,984,2,2
7799,1421,0,984,2,2
7800,1421,0,984,2,2
7801,1421,0,984,2,2
7802,1422,1,984,2,2
7803,1422,0,984,2,2
7804,1422,0,984,2,2
7805,1422,0,984,2,2
7806,1422,0,984,2,2
7807,1423,1,984,2,2
7808,1423,0,984,2,2
7809,1423,0,984,2,2
7810,1423,0,984,2,2
7811,1423,0,984,2,2
7812,1424,1,984,2,2
7813,1424,0,984,2,2
7814,1424,0,984,2,2
7815,1424,0,984,2,2
7816,1424,0,984,2,2
7817,1425,1,984,2,2
7818,1425,0,984,2,2
7819,1425,0,984,2,2
7820,1425,0,984,2,2
7821,1425,0,984,2,2
7822,1426,1,984,2,2
7823,1426,0,984,2,2
7824,1426,0,984,2,2
7825,1426,0,984,2,2
7826,1426,0,984,2,2
7827,1427,1,984,2,2
7828,1427,0,984,2,2
7829,1427,0,984,2,2
7830,1427,0,984,2,2
7831,1427,0,984,2,2
7832,1428,1,984,2,2
7833,1428,0,984,2,2
7834,1428,0,984,2,2
7835,1428,0,984,2,2
7836,1428,0,984,2,2
7837,1429,1,984,2,2
7838,1429,0,984,2,2
7839,1429,0,984,2,2
7840,1429,0,984,2,2
7841,1429,0,984,2,2
7842,1430,1,984,2,2
7843,1430,0,984,2,2
7844,1430,0,984,2,2
7845,1430,0,984,2,2
7846,1430,0,984,2,2
7847,1431,1,984,2,2
7848,1431,0,984,2,2
7849,1431,0,984,2,2
7850,1431,0,984,2,2
7851,1431,0,984,2,2
7852,1432,1,984,2,2
7853,1432,0,984,2,2
7854,1432,0,984,2,2
7855,1432,0,984,2,2
7856,1432,0,984,2,2
7857,1433,1,984,2,2
7858,1433,0,984,2,2
7859,1433,0,984,2,2
7860,1433,0,984,2,2
7861,1433,0,984,2,2
7862,1434,1,984,2,2
7863,1434,0,984,2,2
7864,1434,0,984,2,2
7865,1434,0,984,2,2
7866,1434,0,984,2,2
7867,1435,1,984,2,2
7868,1435,0,984,2,2
7869,1435,0,984,2,2
7870,1435,0,984,2,2
7871,1435,0,984,2,2
7872,1436,1,984,2,2
7873,1436,0,984,2,2
7874,1436,0,984,2,2
7875,1436,0,984,2,2
7876,1436,0,984,2,2
7877,1437,1,984,2,2
7878,1437,0,984,2,2
7879,1437,0,984,2,2
7880,1437,0,984,2,2
7881,1437,0,984,2,2
7882,1438,1,984,2,2
7883,1438,0,984,2,2
7884,1438,0,984,2,2
7885,1438,0,984,2,2
7886,1438,0,984,2,2
7887,1439,1,984,2,2
7888,1439,0,984,2,2
7889,1439,0,984,2,2
7890,1439,0,984,2,2
7891,1439,0,984,2,2
7892,1440,1,984,2,2
7893,1440,0,984,2,2
7894,1440,0,984,2,2
7895,1440,0,984,2,2
7896,1440,0,984,2,2
7897,1441,1,984,2,2
7898,1441,0,984,2,2
7899,1441,0,984,2,2
7900,1441,0,984,2,2
7901,1441,0,984,2,2
7902,1442,1,984,2,2
7903,1442,0,984,2,2
7904,1442,0,984,2,2
7905,1442,0,984,2,2
7906,1442,0,984,2,2
7907,1443,1,984,2,2
7908,1443,0,984,2,2
7909,1443,0,984,2,2
7910,1443,0,984,2,2
7911,1443,0,984,2,2
7912,1444,1,984,2,2
7913,1444,0,984,2,2
7914,1444,0,984,2,2
7915,1444,0,984,2,2
7916,1444,0,984,2,2
7917,1445,1,984,2,2
7918,1445,0,984,2,2
7919,1445,0,984,2,2
7920,1445,0,984,2,2
7921,1445,0,984,2,2
7922,1446,1,984,2,2
7923,1446,0,984,2,2
7924,1446,0,984,2,2
7925,1446,0,984,2,2
7926,1446,0,984,2,2
7927,1446,0,984,2,2
7928,1447,1,984,2,2
7929,1447,0,984,2,2
7930,1447,0,984,2,2
7931,1447,0,984,2,2
7932,1447,0,984,2,2
7933,1448,1,984,2,2
7934,1448,0,984,2,2
7935,1448,0,984,2,2
7936,1448,0,984,2,2
7937,1448,0,984,2,2
7938,1449,1,984,2,2
7939,1449,0,984,2,2
7940,1449,0,984,2,2
7941,1449,0,984,2,2
7942,1449,0,984,2,2
7943,1449,0,984,2,2
7944,1450,1,984,2,2
7945,1450,0,984,2,2
7946,1450,0,984,2,2
7947,1450,0,984,2,2
7948,1450,0,984,2,2
7949,1451,1,984,2,2
7950,1451,0,984,2,2
7951,1451,0,984,2,2
7952,1451,0,984,2,2
7953,1451,0,984,2,2
7954,1452,1,984,2,2
7955,1452,0,984,2,2
7956,1452,0,984,2,2
7957,1452,0,984,2,2
7958,1452,0,984,2,2
7959,1452,0,984,2,2
7960,1453,1,984,2,2
7961,1453,0,984,2,2
7962,1453,0,984,2,2
7963,1453,0,984,2,2
7964,1453,0,984,2,2
7965,1454,1,984,2,2
7966,1454,0,984,2,2
7967,1454,0,984,2,2
7968,1454,0,984,2,2
7969,1454,0,984,2,2
7970,1454,0,984,2,2
7971,1455,1,984,2,2
7972,1455,0,984,2,2
7973,1455,0,984,2,2
7974,1455,0,984,2,2
7975,1455,0,984,2,2
7976,1455,0,984,2,2
7977,1456,1,984,2,2
7978,1456,0,984,2,2
7979,1456,0,984,2,2
7980,1456,0,984,2,2
7981,1456,0,984,2,2
7982,1457,1,984,2,2
7983,1457,0,984,2,2
7984,1457,0,984,2,2
7985,1457,0,984,2,2
7986,1457,0,984,2,2
7987,1457,0,984,2,2
7988,1458,1,984,2,2
7989,1458,0,984,2,2
7990,1458,0,984,2,2
7991,1458,0,984,2,2
7992,1458,0,984,2,2
7993,1458,0,984,2,2
7994,1459,1,984,2,2
7995,1459,0,984,2,2
7996,1459,0,984,2,2
7997,1459,0,984,2,2
7998,1459,0,984,2,2
7999,1459,0,984,2,2
8000,1460,1,984,2,2
8001,1460,0,984,2,2
8002,1460,0,984,2,2
8003,1460,0,984,2,2
8004,1460,0,984,2,2
8005,1460,0,984,2,2
8006,1461,1,984,2,2
8007,1461,0,984,2,2
8008,1461,0,984,2,2
8009,1461,0,984,2,2
8010,1461,0,984,2,2
8011,1461,0,984,2,2
8012,1462,1,984,2,2
8013,1462,0,984,2,2
8014,1462,0,984,2,2
8015,1462,0,984,2,2
8016,1462,0,984,2,2
8017,1462,0,984,2,2
8018,1463,1,984,2,2
8019,1463,0,984,2,2
8020,1463,0,984,2,2
8021,1463,0,984,2,2
8022,1463,0,984,2,2
8023,1463,0,984,2,2
8024,1464,1,984,2,2
8025,1464,0,984,2,2
8026,1464,0,984,2,2
8027,1464,0,984,2,2
8028,1464,0,984,2,2
8029,1464,0,984,2,2
8030,1464,0,984,2,2
8031,1465,1,984,2,2
8032,1465,0,984,2,2
8033,1465,0,984,2,2
8034,1465,0,984,2,2
8035,1465,0,984,2,2
8036,1465,0,984,2,2
8037,1466,1,984,2,2
8038,1466,0,984,2,2
8039,1466,0,984,2,2
8040,1466,0,984,2,2
8041,1466,0,984,2,2
8042,1466,0,984,2,2
8043,1467,1,984,2,2
8044,1467,0,984,2,2
8045,1467,0,984,2,2
8046,1467,0,984,2,2
8047,1467,0,984,2,2
8048,1467,0,984,2,2
8049,1468,1,984,2,2
8050,1468,0,984,2,2
8051,1468,0,984,2,2
8052,1468,0,984,2,2
8053,1468,0,984,2,2
8054,1468,0,984,2,2
8055,1468,0,984,2,2
8056,1469,1,984,2,2
8057,1469,0,984,2,2
8058,1469,0,984,2,2
8059,1469,0,984,2,2
8060,1469,0,984,2,2
8061,1469,0,984,2,2
8062,1470,1,984,2,2
8063,1470,0,984,2,2
8064,1470,0,984,2,2
8065,1470,0,984,2,2
8066,1470,0,984,2,2
8067,1470,0,984,2,2
8068,1471,1,984,2,2
8069,1471,0,984,2,2
8070,1471,0,984,2,2
8071,1471,0,984,2,2
8072,1471,0,984,2,2
8073,1471,0,984,2,2
8074,1471,0,984,2,2
8075,1472,1,984,2,2
8076,1472,0,984,2,2
8077,1472,0,984,2,2
8078,1472,0,984,2,2
8079,1472,0,984,2,2
8080,1472,0,984,2,2
8081,1473,1,984,2,2
8082,1473,0,984,2,2
8083,1473,0,984,2,2
8084,1473,0,984,2,2
8085,1473,0,984,2,2
8086,1473,0,984,2,2
8087,1474,1,984,2,2
8088,1474,0,984,2,2
8089,1474,0,984,2,2
8090,1474,0,984,2,2
8091,1474,0,984,2,2
8092,1474,0,984,2,2
8093,1474,0,984,2,2
8094,1475,1,984,2,2
8095,1475,0,984,2,2
8096,1475,0,984,2,2
8097,1475,0,984,2,2
8098,1475,0,984,2,2
8099,1475,0,984,2,2
8100,1476,1,984,2,2
8101,1476,0,984,2,2
8102,1476,0,984,2,2
8103,1476,0,984,2,2
8104,1476,0,984,2,2
8105,1476,0,984,2,2
8106,1476,0,984,2,2
8107,1477,1,984,2,2
8108,1477,0,984,2,2
8109,1477,0,984,2,2
8110,1477,0,984,2,2
8111,1477,0,984,2,2
8112,1477,0,984,2,2
8113,1478,1,984,2,2
8114,1478,0,984,2,2
8115,1478,0,984,2,2
8116,1478,0,984,2,2
8117,1478,0,984,2,2
8118,1478,0,984,2,2
8119,1478,0,984,2,2
8120,1479,1,984,2,2
8121,1479,0,984,2,2
8122,1479,0,984,2,2
8123,1479,0,984,2,2
8124,1479,0,984,2,2
8125,1479,0,984,2,2
8126,1480,1,984,2,2
8127,1480,0,984,2,2
8128,1480,0,984,2,2
8129,1480,0,984,2,2
8130,1480,0,984,2,2
8131,1480,0,984,2,2
8132,1480,0,984,2,2
8133,1481,1,984,2,2
8134,1481,0,984,2,2
8135,1481,0,984,2,2
8136,1481,0,984,2,2
8137,1481,0,984,2,2
8138,1481,0,984,2,2
8139,1482,1,984,2,2
8140,1482,0,984,2,2
8141,1482,0,984,2,2
8142,1482,0,984,2,2
8143,1482,0,984,2,2
8144,1482,0,984,2,2
8145,1482,0,984,2,2
8146,1483,1,984,2,2
8147,1483,0,984,2,2
8148,1483,0,984,2,2
8149,1483,0,984,2,2
8150,1483,0,984,2,2
8151,1483,0,984,2,2
8152,1484,1,984,2,2
8153,1484,0,984,2,2
8154,1484,0,984,2,2
8155,1484,0,984,2,2
8156,1484,0,984,2,2
8157,1484,0,984,2,2
8158,1484,0,984,2,2
8159,1485,1,984,2,2
8160,1485,0,984,2,2
8161,1485,0,984,2,2
8162,1485,0,984,2,2
8163,1485,0,984,2,2
8164,1485,0,984,2,2
8165,1486,1,984,2,2
8166,1486,0,984,2,2
8167,1486,0,984,2,2
8168,1486,0,984,2,2
8169,1486,0,984,2,2
8170,1486,0,984,2,2
8171,1486,0,984,2,2
8172,1487,1,984,2,2
8173,1487,0,984,2,2
8174,1487,0,984,2,2
8175,1487,0,984,2,2
8176,1487,0,984,2,2
8177,1487,0,984,2,2
8178,1488,1,984,2,2
8179,1488,0,984,2,2
8180,1488,0,984,2,2
8181,1488,0,984,2,2
8182,1488,0,984,2,2
8183,1488,0,984,2,2
8184,1488,0,984,2,2
8185,1489,1,984,2,2
8186,1489,0,984,2,2
8187,1489,0,984,2,2
8188,1489,0,984,2,2
8189,1489,0,984,2,2
8190,1489,0,984,2,2
8191,1490,1,984,2,2
8192,1490,0,984,2,2
8193,1490,0,984,2,2
8194,1490,0,984,2,2
8195,1490,0,984,2,2
8196,1490,0,984,2,2
8197,1490,0,984,2,2
8198,1491,1,984,2,2
8199,1491,0,984,2,2
8200,1491,0,984,2,2
8201,1491,0,984,2,2
8202,1491,0,984,2,2
8203,1491,0,984,2,2
8204,1492,1,984,2,2
8205,1492,0,984,2,2
8206,1492,0,984,2,2
8207,1492,0,984,2,2
8208,1492,0,984,2,2
8209,1492,0,984,2,2
8210,1492,0,984,2,2
8211,1493,1,984,2,2
8212,1493,0,984,2,2
8213,1493,0,984,2,2
8214,1493,0,984,2,2
8215,1493,0,984,2,2
8216,1493,0,984,2,2
8217,1494,1,984,2,2
8218,1494,0,984,2,2
8219,1494,0,984,2,2
8220,1494,0,984,2,2
8221,1494,0,984,2,2
8222,1494,0,984,2,2
8223,1495,1,984,2,2
8224,1495,0,984,2,2
8225,1495,0,984,2,2
8226,1495,0,984,2,2
8227,1495,0,984,2,2
8228,1495,0,984,2,2
8229,1495,0,984,2,2
8230,1496,1,984,2,2
8231,1496,0,984,2,2
8232,1496,0,984,2,2
8233,1496,0,984,2,2
8234,1496,0,984,2,2
8235,1496,0,984,2,2
8236,1497,1,984,2,2
8237,1497,0,984,2,2
8238,1497,0,984,2,2
8239,1497,0,984,2,2
8240,1497,0,984,2,2
8241,1497,0,984,2,2
8242,1498,1,984,2,2
8243,1498,0,984,2,2
8244,1498,0,984,2,2
8245,1498,0,984,2,2
8246,1498,0,984,2,2
8247,1498,0,984,2,2
8248,1499,1,984,2,2
8249,1499,0,984,2,2
8250,1499,0,984,2,2
8251,1499,0,984,2,2
8252,1499,0,984,2,2
8253,1499,0,984,2,2
8254,1500,1,984,2,2
8255,1500,0,984,2,2
8256,1500,0,984,2,2
8257,1500,0,984,2,2
8258,1500,0,984,2,2
8259,1500,0,984,2,2
8260,1501,1,984,2,2
8261,1501,0,984,2,2
8262,1501,0,984,2,2
8263,1501,0,984,2,2
8264,1501,0,984,2,2
8265,1501,0,984,2,2
8266,1502,1,984,2,2
8267,1502,0,984,2,2
8268,1502,0,984,2,2
8269,1502,0,984,2,2
8270,1502,0,984,2,2
8271,1502,0,984,2,2
8272,1503,1,984,2,2
8273,1503,0,984,2,2
8274,1503,0,984,2,2
8275,1503,0,984,2,2
8276,1503,0,984,2,2
8277,1503,0,984,2,2
8278,1504,1,984,2,2
8279,1504,0,984,2,2
8280,1504,0,984,2,2
8281,1504,0,984,2,2
8282,1504,0,984,2,2
8283,1504,0,984,2,2
8284,1505,1,984,2,2
8285,1505,0,984,2,2
8286,1505,0,984,2,2
8287,1505,0,984,2,2
8288,1505,0,984,2,2
8289,1505,0,984,2,2
8290,1506,1,984,2,2
8291,1506,0,984,2,2
8292,1506,0,984,2,2
8293,1506,0,984,2,2
8294,1506,0,984,2,2
8295,1506,0,984,2,2
8296,1507,1,984,2,2
8297,1507,0,984,2,2
8298,1507,0,984,2,2
8299,1507,0,984,2,2
8300,1507,0,984,2,2
8301,1508,1,984,2,2
8302,1508,0,984,2,2
8303,1508,0,984,2,2
8304,1508,0,984,2,2
8305,1508,0,984,2,2
8306,1508,0,984,2,2
8307,1509,1,984,2,2
8308,1509,0,984,2,2
8309,1509,0,984,2,2
8310,1509,0,984,2,2
8311,1509,0,984,2,2
8312,1510,1,984,2,2
8313,1510,0,984,2,2
8314,1510,0,984,2,2
8315,1510,0,984,2,2
8316,1510,0,984,2,2
8317,1510,0,984,2,2
8318,1511,1,984,2,2
8319,1511,0,984,2,2
8320,1511,0,984,2,2
8321,1511,0,984,2,2
8322,1511,0,984,2,2
8323,1512,1,984,2,2
8324,1512,0,984,2,2
8325,1512,0,984,2,2
8326,1512,0,984,2,2
8327,1512,0,984,2,2
8328,1512,0,984,2,2
8329,1513,1,984,2,2
8330,1513,0,984,2,2
8331,1513,0,984,2,2
8332,1513,0,984,2,2
8333,1513,0,984,2,2
8334,1514,1,984,2,2
8335,1514,0,984,2,2
8336,1514,0,984,2,2
8337,1514,0,984,2,2
8338,1514,0,984,2,2
8339,1514,0,984,2,2
8340,1515,1,984,2,2
8341,1515,0,984,2,2
8342,1515,0,984,2,2
8343,1515,0,984,2,2
8344,1515,0,984,2,2
8345,1516,1,984,2,2
8346,1516,0,984,2,2
8347,1516,0,984,2,2
8348,1516,0,984,2,2
8349,1516,0,984,2,2
8350,1516,0,984,2,2
8351,1517,1,984,2,2
8352,1517,0,984,2,2
8353,1517,0,984,2,2
8354,1517,0,984,2,2
8355,1517,0,984,2,2
8356,1518,1,984,2,2
8357,1518,0,984,2,2
8358,1518,0,984,2,2
8359,1518,0,984,2,2
8360,1518,0,984,2,2
8361,1519,1,984,2,2
8362,1519,0,984,2,2
8363,1519,0,984,2,2
8364,1519,0,984,2,2
8365,1519,0,984,2,2
8366,1520,1,984,2,2
8367,1520,0,984,2,2
8368,1520,0,984,2,2
8369,1520,0,984,2,2
8370,1520,0,984,2,2
8371,1520,0,984,2,2
8372,1521,1,984,2,2
8373,1521,0,984,2,2
8374,1521,0,984,2,2
8375,1521,0,984,2,2
8376,1521,0,984,2,2
8377,1522,1,984,2,2
8378,1522,0,984,2,2
8379,1522,0,984,2,2
8380,1522,0,984,2,2
8381,1522,0,984,2,2
8382,1523,1,984,2,2
8383,1523,0,984,2,2
8384,1523,0,984,2,2
8385,1523,0,984,2,2
8386,1523,0,984,2,2
8387,1524,1,984,2,2
8388,1524,0,984,2,2
8389,1524,0,984,2,2
8390,1524,0,984,2,2
8391,1524,0,984,2,2
8392,1525,1,984,2,2
8393,1525,0,984,2,2
8394,1525,0,984,2,2
8395,1525,0,984,2,2
8396,1525,0,984,2,2
8397,1526,1,984,2,2
8398,1526,0,984,2,2
8399,1526,0,984,2,2
8400,1526,0,984,2,2
8401,1526,0,984,2,2
8402,1527,1,984,2,2
8403,1527,0,984,2,2
8404,1527,0,984,2,2
8405,1527,0,984,2,2
8406,1527,0,984,2,2
8407,1528,1,984,2,2
8408,1528,0,984,2,2
8409,1528,0,984,2,2
8410,1528,0,984,2,2
8411,1528,0,984,2,2
8412,1529,1,984,2,2
8413,1529,0,984,2,2
8414,1529,0,984,2,2
8415,1529,0,984,2,2
8416,1529,0,984,2,2
8417,1530,1,984,2,2
8418,1530,0,984,2,2
8419,1530,0,984,2,2
8420,1530,0,984,2,2
8421,1530,0,984,2,2
8422,1531,1,984,2,2
8423,1531,0,984,2,2
8424,1531,0,984,2,2
8425,1531,0,984,2,2
8426,1531,0,984,2,2
8427,1532,1,984,2,2
8428,1532,0,984,2,2
8429,1532,0,984,2,2
8430,1532,0,984,2,2
8431,1532,0,984,2,2
8432,1533,1,984,2,2
8433,1533,0,984,2,2
8434,1533,0,984,2,2
8435,1533,0,984,2,2
8436,1533,0,984,2,2
8437,1534,1,984,2,2
8438,1534,0,984,2,2
8439,1534,0,984,2,2
8440,1534,0,984,2,2
8441,1534,0,984,2,2
8442,1535,1,984,2,2
8443,1535,0,984,2,2
8444,1535,0,984,2,2
8445,1535,0,984,2,2
8446,1535,0,984,2,2
8447,1536,1,984,2,2
8448,1536,0,984,2,2
8449,1536,0,984,2,2
8450,1536,0,984,2,2
8451,1536,0,984,2,2
8452,1537,1,984,2,2
8453,1537,0,984,2,2
8454,1537,0,984,2,2
8455,1537,0,984,2,2
8456,1537,0,984,2,2
8457,1538,1,984,2,2
8458,1538,0,984,2,2
8459,1538,0,984,2,2
8460,1538,0,984,2,2
8461,1538,0,984,2,2
8462,1539,1,984,2,2
8463,1539,0,984,2,2
8464,1539,0,984,2,2
8465,1539,0,984,2,2
8466,1539,0,984,2,2
8467,1540,1,984,2,2
8468,1540,0,984,2,2
8469,1540,0,984,2,2
8470,1540,0,984,2,2
8471,1540,0,984,2,2
8472,1541,1,984,2,2
8473,1541,0,984,2,2
8474,1541,0,984,2,2
8475,1541,0,984,2,2
8476,1541,0,984,2,2
8477,1542,1,984,2,2
8478,1542,0,984,2,2
8479,1542,0,984,2,2
8480,1542,0,984,2,2
8481,1542,0,984,2,2
8482,1543,1,984,2,2
8483,1543,0,984,2,2
8484,1543,0,984,2,2
8485,1543,0,984,2,2
8486,1543,0,984,2,2
8487,1544,1,984,2,2
8488,1544,0,984,2,2
8489,1544,0,984,2,2
8490,1544,0,984,2,2
8491,1544,0,984,2,2
8492,1545,1,984,2,2
8493,1545,0,984,2,2
8494,1545,0,984,2,2
8495,1545,0,984,2,2
8496,1545,0,984,2,2
8497,1546,1,984,2,2
8498,1546,0,984,2,2
8499,1546,0,984,2,2
8500,1546,0,984,2,2
8501,1546,0,984,2,2
8502,1547,1,984,2,2
8503,1547,0,984,2,2
8504,1547,0,984,2,2
8505,1547,0,984,2,2
8506,1547,0,984,2,2
8507,1548,1,984,2,2
8508,1548,0,984,2,2
8509,1548,0,984,2,2
8510,1548,0,984,2,2
8511,1548,0,984,2,2
8512,1549,1,984,2,2
8513,1549,0,984,2,2
8514,1549,0,984,2,2
8515,1549,0,984,2,2
8516,1549,0,984,2,2
8517,1550,1,984,2,2
8518,1550,0,984,2,2
8519,1550,0,984,2,2
8520,1550,0,984,2,2
8521,1550,0,984,2,2
8522,1551,1,984,2,2
8523,1551,0,984,2,2
8524,1551,0,984,2,2
8525,1551,0,984,2,2
8526,1551,0,984,2,2
8527,1552,1,984,2,2
8528,1552,0,984,2,2
8529,1552,0,984,2,2
8530,1552,0,984,2,2
8531,1552,0,984,2,2
8532,1553,1,984,2,2
8533,1553,0,984,2,2
8534,1553,0,984,2,2
8535,1553,0,984,2,2
8536,1553,0,984,2,2
8537,1554,1,984,2,2
8538,1554,0,984,2,2
8539,1554,0,984,2,2
8540,1554,0,984,2,2
8541,1554,0,984,2,2
8542,1555,1,984,2,2
8543,1555,0,984,2,2
8544,1555,0,984,2,2
8545,1555,0,984,2,2
8546,1555,0,984,2,2
8547,1556,1,984,2,2
8548,1556,0,984,2,2
8549,1556,0,984,2,2
8550,1556,0,984,2,2
8551,1556,0,984,2,2
8552,1557,1,984,2,2
8553,1557,0,984,2,2
8554,1557,0,984,2,2
8555,1557,0,984,2,2
8556,1557,0,984,2,2
8557,1558,1,984,2,2
8558,1558,0,984,2,2
8559,1558,0,984,2,2
8560,1558,0,984,2,2
8561,1558,0,984,2,2
8562,1559,1,984,2,2
8563,1559,0,984,2,2
8564,1559,0,984,2,2
8565,1559,0,984,2,2
8566,1559,0,984,2,2
8567,1559,0,984,2,2
8568,1560,1,984,2,2
8569,1560,0,984,2,2
8570,1560,0,984,2,2
8571,1560,0,984,2,2
8572,1560,0,984,2,2
8573,1561,1,984,2,2
8574,1561,0,984,2,2
8575,1561,0,984,2,2
8576,1561,0,984,2,2
8577,1561,0,984,2,2
8578,1562,1,984,2,2
8579,1562,0,984,2,2
8580,1562,0,984,2,2
8581,1562,0,984,2,2
8582,1562,0,984,2,2
8583,1562,0,984,2,2
8584,1563,1,984,2,2
8585,1563,0,984,2,2
8586,1563,0,984,2,2
8587,1563,0,984,2,2
8588,1563,0,984,2,2
8589,1564,1,984,2,2
8590,1564,0,984,2,2
8591,1564,0,984,2,2
8592,1564,0,984,2,2
8593,1564,0,984,2,2
8594,1565,1,984,2,2
8595,1565,0,984,2,2
8596,1565,0,984,2,2
8597,1565,0,984,2,2
8598,1565,0,984,2,2
8599,1565,0,984,2,2
8600,1566,1,984,2,2
8601,1566,0,984,2,2
8602,1566,0,984,2,2
8603,1566,0,984,2,2
8604,1566,0,984,2,2
8605,1566,0,984,2,2
8606,1567,1,984,2,2
8607,1567,0,984,2,2
8608,1567,0,984,2,2
8609,1567,0,984,2,2
8610,1567,0,984,2,2
8611,1568,1,984,2,2
8612,1568,0,984,2,2
8613,1568,0,984,2,2
8614,1568,0,984,2,2
8615,1568,0,984,2,2
8616,1568,0,984,2,2
8617,1569,1,984,2,2
8618,1569,0,984,2,2
8619,1569,0,984,2,2
8620,1569,0,984,2,2
8621,1569,0,984,2,2
8622,1570,1,984,2,2
8623,1570,0,984,2,2
8624,1570,0,984,2,2
8625,1570,0,984,2,2
8626,1570,0,984,2,2
8627,1570,0,984,2,2
8628,1571,1,984,2,2
8629,1571,0,984,2,2
8630,1571,0,984,2,2
8631,1571,0,984,2,2
8632,1571,0,984,2,2
8633,1571,0,984,2,2
8634,1571,0,984,2,2
8635,1572,1,984,2,2
8636,1572,0,984,2,2
8637,1572,0,984,2,2
8638,1572,0,984,2,2
8639,1572,0,984,2,2
8640,1572,0,984,2,2
8641,1573,1,984,2,2
8642,1573,0,984,2,2
8643,1573,0,984,2,2
8644,1573,0,984,2,2
8645,1573,0,984,2,2
8646,1573,0,984,2,2
8647,1574,1,984,2,2
8648,1574,0,984,2,2
8649,1574,0,984,2,2
8650,1574,0,984,2,2
8651,1574,0,984,2,2
8652,1574,0,984,2,2
8653,1574,0,984,2,2
8654,1575,1,984,2,2
8655,1575,0,984,2,2
8656,1575,0,984,2,2
8657,1575,0,984,2,2
8658,1575,0,984,2,2
8659,1575,0,984,2,2
8660,1576,1,984,2,2
8661,1576,0,984,2,2
8662,1576,0,984,2,2
8663,1576,0,984,2,2
8664,1576,0,984,2,2
8665,1576,0,984,2,2
8666,1577,1,984,2,2
8667,1577,0,984,2,2
8668,1577,0,984,2,2
8669,1577,0,984,2,2
8670,1577,0,984,2,2
8671,1577,0,984,2,2
8672,1578,1,984,2,2
8673,1578,0,984,2,2
8674,1578,0,984,2,2
8675,1578,0,984,2,2
8676,1578,0,984,2,2
8677,1578,0,984,2,2
8678,1579,1,984,2,2
8679,1579,0,984,2,2
8680,1579,0,984,2,2
8681,1579,0,984,2,2
8682,1579,0,984,2,2
8683,1579,0,984,2,2
8684,1580,1,984,2,2
8685,1580,0,984,2,2
8686,1580,0,984,2,2
8687,1580,0,984,2,2
8688,1580,0,984,2,2
8689,1580,0,984,2,2
8690,1580,0,984,2,2
8691,1581,1,984,2,2
8692,1581,0,984,2,2
8693,1581,0,984,2,2
8694,1581,0,984,2,2
8695,1581,0,984,2,2
8696,1581,0,984,2,2
8697,1582,1,984,2,2
8698,1582,0,984,2,2
8699,1582,0,984,2,2
8700,1582,0,984,2,2
8701,1582,0,984,2,2
8702,1582,0,984,2,2
8703,1583,1,984,2,2
8704,1583,0,984,2,2
8705,1583,0,984,2,2
8706,1583,0,984,2,2
8707,1583,0,984,2,2
8708,1583,0,984,2,2
8709,1583,0,984,2,2
8710,1584,1,984,2,2
8711,1584,0,984,2,2
8712,1584,0,984,2,2
8713,1584,0,984,2,2
8714,1584,0,984,2,2
8715,1584,0,984,2,2
8716,1585,1,984,2,2
8717,1585,0,984,2,2
8718,1585,0,984,2,2
8719,1585,0,984,2,2
8720,1585,0,984,2,2
8721,1585,0,984,2,2
8722,1586,1,984,2,2
8723,1586,0,984,2,2
8724,1586,0,984,2,2
8725,1586,0,984,2,2
8726,1586,0,984,2,2
8727,1586,0,984,2,2
8728,1586,0,984,2,2
8729,1587,1,984,2,2
8730,1587,0,984,2,2
8731,1587,0,984,2,2
8732,1587,0,984,2,2
8733,1587,0,984,2,2
8734,1587,0,984,2,2
8735,1588,1,984,2,2
8736,1588,0,984,2,2
8737,1588,0,984,2,2
8738,1588,0,984,2,2
8739,1588,0,984,2,2
8740,1588,0,984,2,2
8741,1588,0,984,2,2
8742,1589,1,984,2,2
8743,1589,0,984,2,2
8744,1589,0,984,2,2
8745,1589,0,984,2,2
8746,1589,0,984,2,2
8747,1589,0,984,2,2
8748,1590,1,984,2,2
8749,1590,0,984,2,2
8750,1590,0,984,2,2
8751,1590,0,984,2,2
8752,1590,0,984,2,2
8753,1590,0,984,2,2
8754,1590,0,984,2,2
8755,1591,1,984,2,2
8756,1591,0,984,2,2
8757,1591,0,984,2,2
8758,1591,0,984,2,2
8759,1591,0,984,2,2
8760,1591,0,984,2,2
8761,1592,1,984,2,2
8762,1592,0,984,2,2
8763,1592,0,984,2,2
8764,1592,0,984,2,2
8765,1592,0,984,2,2
8766,1592,0,984,2,2
8767,1592,0,984,2,2
8768,1593,1,984,2,2
8769,1593,0,984,2,2
8770,1593,0,984,2,2
8771,1593,0,984,2,2
8772,1593,0,984,2,2
8773,1593,0,984,2,2
8774,1593,0,984,2,2
8775,1594,1,984,2,2
8776,1594,0,984,2,2
8777,1594,0,984,2,2
8778,1594,0,984,2,2
8779,1594,0,984,2,2
8780,1594,0,984,2,2
8781,1595,1,984,2,2
8782,1595,0,984,2,2
8783,1595,0,984,2,2
8784,1595,0,984,2,2
8785,1595,0,984,2,2
8786,1595,0,984,2,2
8787,1595,0,984,2,2
8788,1596,1,984,2,2
8789,1596,0,984,2,2
8790,1596,0,984,2,2
8791,1596,0,984,2,2
8792,1596,0,984,2,2
8793,1596,0,984,2,2
8794,1596,0,984,2,2
8795,1597,1,984,2,2
8796,1597,0,984,2,2
8797,1597,0,984,2,2
8798,1597,0,984,2,2
8799,1597,0,984,2,2
8800,1597,0,984,2,2
8801,1597,0,984,2,2
8802,1598,1,984,2,2
8803,1598,0,984,2,2
8804,1598,0,984,2,2
8805,1598,0,984,2,2
8806,1598,0,984,2,2
8807,1598,0,984,2,2
8808,1598,0,984,2,2
8809,1599,1,984,2,2
8810,1599,0,984,2,2
8811,1599,0,984,2,2
8812,1599,0,984,2,2
8813,1599,0,984,2,2
8814,1599,0,984,2,2
8815,1599,0,984,2,2
8816,1600,1,984,2,2
8817,1600,0,984,2,2
8818,1600,0,984,2,2
8819,1600,0,984,2,2
8820,1600,0,984,2,2
8821,1600,0,984,2,2
8822,1600,0,984,2,2
8823,1601,1,984,2,2
8824,1601,0,984,2,2
8825,1601,0,984,2,2
8826,1601,0,984,2,2
8827,1601,0,984,2,2
8828,1601,0,984,2,2
8829,1602,1,984,2,2
8830,1602,0,984,2,2
8831,1602,0,984,2,2
8832,1602,0,984,2,2
8833,1602,0,984,2,2
8834,1602,0,984,2,2
8835,1602,0,984,2,2
8836,1603,1,984,2,2
8837,1603,0,984,2,2
8838,1603,0,984,2,2
8839,1603,0,984,2,2
8840,1603,0,984,2,2
8841,1603,0,984,2,2
8842,1604,1,984,2,2
8843,1604,0,984,2,2
8844,1604,0,984,2,2
8845,1604,0,984,2,2
8846,1604,0,984,2,2
8847,1604,0,984,2,2
8848,1605,1,984,2,2
8849,1605,0,984,2,2
8850,1605,0,984,2,2
8851,1605,0,984,2,2
8852,1605,0,984,2,2
8853,1605,0,984,2,2
8854,1606,1,984,2,2
8855,1606,0,984,2,2
8856,1606,0,984,2,2
8857,1606,0,984,2,2
8858,1606,0,984,2,2
8859,1606,0,984,2,2
8860,1607,1,984,2,2
8861,1607,0,984,2,2
8862,1607,0,984,2,2
8863,1607,0,984,2,2
8864,1607,0,984,2,2
8865,1607,0,984,2,2
8866,1608,1,984,2,2
8867,1608,0,984,2,2
8868,1608,0,984,2,2
8869,1608,0,984,2,2
8870,1608,0,984,2,2
8871,1608,0,984,2,2
8872,1608,0,984,2,2
8873,1609,1,984,2,2
8874,1609,0,984,2,2
8875,1609,0,984,2,2
8876,1609,0,984,2,2
8877,1609,0,984,2,2
8878,1609,0,984,2,2
8879,1610,1,984,2,2
8880,1610,0,984,2,2
8881,1610,0,984,2,2
8882,1610,0,984,2,2
8883,1610,0,984,2,2
8884,1611,1,984,2,2
8885,1611,0,984,2,2
8886,1611,0,984,2,2
8887,1611,0,984,2,2
8888,1611,0,984,2,2
8889,1611,0,984,2,2
8890,1612,1,984,2,2
8891,1612,0,984,2,2
8892,1612,0,984,2,2
8893,1612,0,984,2,2
8894,1612,0,984,2,2
8895,1612,0,984,2,2
8896,1613,1,984,2,2
8897,1613,0,984,2,2
8898,1613,0,984,2,2
8899,1613,0,984,2,2
8900,1613,0,984,2,2
8901,1614,1,984,2,2
8902,1614,0,984,2,2
8903,1614,0,984,2,2
8904,1614,0,984,2,2
8905,1614,0,984,2,2
8906,1614,0,984,2,2
8907,1615,1,984,2,2
8908,1615,0,984,2,2
8909,1615,0,984,2,2
8910,1615,0,984,2,2
8911,1615,0,984,2,2
8912,1615,0,984,2,2
8913,1616,1,984,2,2
8914,1616,0,984,2,2
8915,1616,0,984,2,2
8916,1616,0,984,2,2
8917,1616,0,984,2,2
8918,1617,1,984,2,2
8919,1617,0,984,2,2
8920,1617,0,984,2,2
8921,1617,0,984,2,2
8922,1617,0,984,2,2
8923,1618,1,984,2,2
8924,1618,0,984,2,2
8925,1618,0,984,2,2
8926,1618,0,984,2,2
8927,1618,0,984,2,2
8928,1618,0,984,2,2
8929,1619,1,984,2,2
8930,1619,0,984,2,2
8931,1619,0,984,2,2
8932,1619,0,984,2,2
8933,1619,0,984,2,2
8934,1620,1,984,2,2
8935,1620,0,984,2,2
8936,1620,0,984,2,2
8937,1620,0,984,2,2
8938,1620,0,984,2,2
8939,1621,1,984,2,2
8940,1621,0,984,2,2
8941,1621,0,984,2,2
8942,1621,0,984,2,2
8943,1621,0,984,2,2
8944,1621,0,984,2,2
8945,1622,1,984,2,2
8946,1622,0,984,2,2
8947,1622,0,984,2,2
8948,1622,0,984,2,2
8949,1622,0,984,2,2
8950,1623,1,984,2,2
8951,1623,0,984,2,2
8952,1623,0,984,2,2
8953,1623,0,984,2,2
8954,1623,0,984,2,2
8955,1624,1,984,2,2
8956,1624,0,984,2,2
8957,1624,0,984,2,2
8958,1624,0,984,2,2
8959,1624,0,984,2,2
8960,1624,0,984,2,2
8961,1625,1,984,2,2
8962,1625,0,984,2,2
8963,1625,0,984,2,2
8964,1625,0,984,2,2
8965,1625,0,984,2,2
8966,1626,1,984,2,2
8967,1626,0,984,2,2
8968,1626,0,984,2,2
8969,1626,0,984,2,2
8970,1626,0,984,2,2
8971,1627,1,984,2,2
8972,1627,0,984,2,2
8973,1627,0,984,2,2
8974,1627,0,984,2,2
8975,1627,0,984,2,2
8976,1628,1,984,2,2
8977,1628,0,984,2,2
8978,1628,0,984,2,2
8979,1628,0,984,2,2
8980,1628,0,984,2,2
8981,1629,1,984,2,2
8982,1629,0,984,2,2
8983,1629,0,984,2,2
8984,1629,0,984,2,2
8985,1629,0,984,2,2
8986,1630,1,984,2,2
8987,1630,0,984,2,2
8988,1630,0,984,2,2
8989,1630,0,984,2,2
8990,1630,0,984,2,2
8991,1631,1,984,2,2
8992,1631,0,984,2,2
8993,1631,0,984,2,2
8994,1631,0,984,2,2
8995,1631,0,984,2,2
8996,1632,1,984,2,2
8997,1632,0,984,2,2
8998,1632,0,984,2,2
8999,1632,0,984,2,2
9000,1632,0,984,2,2
9001,1633,1,984,2,2
9002,1633,0,984,2,2
9003,1633,0,984,2,2
9004,1633,0,984,2,2
9005,1633,0,984,2,2
9006,1634,1,984,2,2
9007,1634,0,984,2,2
9008,1634,0,984,2,2
9009,1634,0,984,2,2
9010,1634,0,984,2,2
9011,1635,1,984,2,2
9012,1635,0,984,2,2
9013,1635,0,984,2,2
9014,1635,0,984,2,2
9015,1635,0,984,2,2
9016,1636,1,984,2,2
9017,1636,0,984,2,2
9018,1636,0,984,2,2
9019,1636,0,984,2,2
9020,1636,0,984,2,2
9021,1637,1,984,2,2
9022,1637,0,984,2,2
9023,1637,0,984,2,2
9024,1637,0,984,2,2
9025,1637,0,984,2,2
9026,1638,1,984,2,2
9027,1638,0,984,2,2
9028,1638,0,984,2,2
9029,1638,0,984,2,2
9030,1638,0,984,2,2
9031,1639,1,984,2,2
9032,1639,0,984,2,2
9033,1639,0,984,2,2
9034,1639,0,984,2,2
9035,1639,0,984,2,2
9036,1640,1,984,2,2
9037,1640,0,984,2,2
9038,1640,0,984,2,2
9039,1640,0,984,2,2
9040,1640,0,984,2,2
9041,1641,1,984,2,2
9042,1641,0,984,2,2
9043,1641,0,984,2,2
9044,1641,0,984,2,2
9045,1641,0,984,2,2
9046,1642,1,984,2,2
9047,1642,0,984,2,2
9048,1642,0,984,2,2
9049,1642,0,984,2,2
9050,1642,0,984,2,2
9051,1643,1,984,2,2
9052,1643,0,984,2,2
9053,1643,0,984,2,2
9054,1643,0,984,2,2
9055,1643,0,984,2,2
9056,1644,1,984,2,2
9057,1644,0,984,2,2
9058,1644,0,984,2,2
9059,1644,0,984,2,2
9060,1644,0,984,2,2
9061,1645,1,984,2,2
9062,1645,0,984,2,2
9063,1645,0,984,2,2
9064,1645,0,984,2,2
9065,1645,0,984,2,2
9066,1646,1,984,2,2
9067,1646,0,984,2,2
9068,1646,0,984,2,2
9069,1646,0,984,2,2
9070,1646,0,984,2,2
9071,1647,1,984,2,2
9072,1647,0,984,2,2
9073,1647,0,984,2,2
9074,1647,0,984,2,2
9075,1647,0,984,2,2
9076,1648,1,984,2,2
9077,1648,0,984,2,2
9078,1648,0,984,2,2
9079,1648,0,984,2,2
9080,1648,0,984,2,2
9081,1649,1,984,2,2
9082,1649,0,984,2,2
9083,1649,0,984,2,2
9084,1649,0,984,2,2
9085,1649,0,984,2,2
9086,1650,1,984,2,2
9087,1650,0,984,2,2
9088,1650,0,984,2,2
9089,1650,0,984,2,2
9090,1650,0,984,2,2
9091,1651,1,984,2,2
9092,1651,0,984,2,2
9093,1651,0,984,2,2
9094,1651,0,984,2,2
9095,1651,0,984,2,2
9096,1652,1,984,2,2
9097,1652,0,984,2,2
9098,1652,0,984,2,2
9099,1652,0,984,2,2
9100,1652,0,984,2,2
9101,1653,1,984,2,2
9102,1653,0,984,2,2
9103,1653,0,984,2,2
9104,1653,0,984,2,2
9105,1653,0,984,2,2
9106,1654,1,984,2,2
9107,1654,0,984,2,2
9108,1654,0,984,2,2
9109,1654,0,984,2,2
9110,1654,0,984,2,2
9111,1655,1,984,2,2
9112,1655,0,984,2,2
9113,1655,0,984,2,2
9114,1655,0,984,2,2
9115,1655,0,984,2,2
9116,1656,1,984,2,2
9117,1656,0,984,2,2
9118,1656,0,984,2,2
9119,1656,0,984,2,2
9120,1656,0,984,2,2
9121,1657,1,984,2,2
9122,1657,0,984,2,2
9123,1657,0,984,2,2
9124,1657,0,984,2,2
9125,1657,0,984,2,2
9126,1658,1,984,2,2
9127,1658,0,984,2,2
9128,1658,0,984,2,2
9129,1658,0,984,2,2
9130,1658,0,984,2,2
9131,1659,1,984,2,2
9132,1659,0,984,2,2
9133,1659,0,984,2,2
9134,1659,0,984,2,2
9135,1659,0,984,2,2
9136,1659,0,984,2,2
9137,1660,1,984,2,2
9138,1660,0,984,2,2
9139,1660,0,984,2,2
9140,1660,0,984,2,2
9141,1660,0,984,2,2
9142,1661,1,984,2,2
9143,1661,0,984,2,2
9144,1661,0,984,2,2
9145,1661,0,984,2,2
9146,1661,0,984,2,2
9147,1662,1,984,2,2
9148,1662,0,984,2,2
9149,1662,0,984,2,2
9150,1662,0,984,2,2
9151,1662,0,984,2,2
9152,1662,0,984,2,2
9153,1663,1,984,2,2
9154,1663,0,984,2,2
9155,1663,0,984,2,2
9156,1663,0,984,2,2
9157,1663,0,984,2,2
9158,1664,1,984,2,2
9159,1664,0,984,2,2
9160,1664,0,984,2,2
9161,1664,0,984,2,2
9162,1664,0,984,2,2
9163,1665,1,984,2,2
9164,1665,0,984,2,2
9165,1665,0,984,2,2
9166,1665,0,984,2,2
9167,1665,0,984,2,2
9168,1665,0,984,2,2
9169,1666,1,984,2,2
9170,1666,0,984,2,2
9171,1666,0,984,2,2
9172,1666,0,984,2,2
9173,1666,0,984,2,2
9174,1667,1,984,2,2
9175,1667,0,984,2,2
9176,1667,0,984,2,2
9177,1667,0,984,2,2
9178,1667,0,984,2,2
9179,1667,0,984,2,2
9180,1668,1,984,2,2
9181,1668,0,984,2,2
9182,1668,0,984,2,2
9183,1668,0,984,2,2
9184,1668,0,984,2,2
9185,1669,1,984,2,2
9186,1669,0,984,2,2
9187,1669,0,984,2,2
9188,1669,0,984,2,2
9189,1669,0,984,2,2
9190,1669,0,984,2,2
9191,1670,1,984,2,2
9192,1670,0,984,2,2
9193,1670,0,984,2,2
9194,1670,0,984,2,2
9195,1670,0,984,2,2
9196,1671,1,984,2,2
9197,1671,0,984,2,2
9198,1671,0,984,2,2
9199,1671,0,984,2,2
9200,1671,0,984,2,2
9201,1671,0,984,2,2
9202,1672,1,984,2,2
9203,1672,0,984,2,2
9204,1672,0,984,2,2
9205,1672,0,984,2,2
9206,1672,0,984,2,2
9207,1672,0,984,2,2
9208,1673,1,984,2,2
9209,1673,0,984,2,2
9210,1673,0,984,2,2
9211,1673,0,984,2,2
9212,1673,0,984,2,2
9213,1674,1,984,2,2
9214,1674,0,984,2,2
9215,1674,0,984,2,2
9216,1674,0,984,2,2
9217,1674,0,984,2,2
9218,1674,0,984,2,2
9219,1675,1,984,2,2
9220,1675,0,984,2,2
9221,1675,0,984,2,2
9222,1675,0,984,2,2
9223,1675,0,984,2,2
9224,1675,0,984,2,2
9225,1676,1,984,2,2
9226,1676,0,984,2,2
9227,1676,0,984,2,2
9228,1676,0,984,2,2
9229,1676,0,984,2,2
9230,1676,0,984,2,2
9231,1677,1,984,2,2
9232,1677,0,984,2,2
9233,1677,0,984,2,2
9234,1677,0,984,2,2
9235,1677,0,984,2,2
9236,1677,0,984,2,2
9237,1678,1,984,2,2
9238,1678,0,984,2,2
9239,1678,0,984,2,2
9240,1678,0,984,2,2
9241,1678,0,984,2,2
9242,1678,0,984,2,2
9243,1679,1,984,2,2
9244,1679,0,984,2,2
9245,1679,0,984,2,2
9246,1679,0,984,2,2
9247,1679,0,984,2,2
9248,1680,1,984,2,2
9249,1680,0,984,2,2
9250,1680,0,984,2,2
9251,1680,0,984,2,2
9252,1680,0,984,2,2
9253,1680,0,984,2,2
9254,1681,1,984,2,2
9255,1681,0,984,2,2
9256,1681,0,984,2,2
9257,1681,0,984,2,2
9258,1681,0,984,2,2
9259,1681,0,984,2,2
9260,1681,0,984,2,2
9261,1682,1,984,2,2
9262,1682,0,984,2,2
9263,1682,0,984,2,2
9264,1682,0,984,2,2
9265,1682,0,984,2,2
9266,1682,0,984,2,2
9267,1683,1,984,2,2
9268,1683,0,984,2,2
9269,1683,0,984,2,2
9270,1683,0,984,2,2
9271,1683,0,984,2,2
9272,1683,0,984,2,2
9273,1684,1,984,2,2
9274,1684,0,984,2,2
9275,1684,0,984,2,2
9276,1684,0,984,2,2
9277,1684,0,984,2,2
9278,1684,0,984,2,2
9279,1685,1,984,2,2
9280,1685,0,984,2,2
9281,1685,0,984,2,2
9282,1685,0,984,2,2
9283,1685,0,984,2,2
9284,1685,0,984,2,2
9285,1686,1,984,2,2
9286,1686,0,984,2,2
9287,1686,0,984,2,2
9288,1686,0,984,2,2
9289,1686,0,984,2,2
9290,1686,0,984,2,2
9291,1686,0,984,2,2
9292,1687,1,984,2,2
9293,1687,0,984,2,2
9294,1687,0,984,2,2
9295,1687,0,984,2,2
9296,1687,0,984,2,2
9297,1687,0,984,2,2
9298,1688,1,984,2,2
9299,1688,0,984,2,2
9300,1688,0,984,2,2
9301,1688,0,984,2,2
9302,1688,0,984,2,2
9303,1688,0,984,2,2
9304,1689,1,984,2,2
9305,1689,0,984,2,2
9306,1689,0,984,2,2
9307,1689,0,984,2,2
9308,1689,0,984,2,2
9309,1689,0,984,2,2
9310,1689,0,984,2,2
9311,1690,1,984,2,2
9312,1690,0,984,2,2
9313,1690,0,984,2,2
9314,1690,0,984,2,2
9315,1690,0,984,2,2
9316,1690,0,984,2,2
9317,1690,0,984,2,2
9318,1691,1,984,2,2
9319,1691,0,984,2,2
9320,1691,0,984,2,2
9321,1691,0,984,2,2
9322,1691,0,984,2,2
9323,1691,0,984,2,2
9324,1692,1,984,2,2
9325,1692,0,984,2,2
9326,1692,0,984,2,2
9327,1692,0,984,2,2
9328,1692,0,984,2,2
9329,1692,0,984,2,2
9330,1692,0,984,2,2
9331,1693,1,984,2,2
9332,1693,0,984,2,2
9333,1693,0,984,2,2
9334,1693,0,984,2,2
9335,1693,0,984,2,2
9336,1693,0,984,2,2
9337,1694,1,984,2,2
9338,1694,0,984,2,2
9339,1694,0,984,2,2
9340,1694,0,984,2,2
9341,1694,0,984,2,2
9342,1694,0,984,2,2
9343,1694,0,984,2,2
9344,1695,1,984,2,2
9345,1695,0,984,2,2
9346,1695,0,984,2,2
9347,1695,0,984,2,2
9348,1695,0,984,2,2
9349,1695,0,984,2,2
9350,1695,0,984,2,2
9351,1696,1,984,2,2
9352,1696,0,984,2,2
9353,1696,0,984,2,2
9354,1696,0,984,2,2
9355,1696,0,984,2,2
9356,1696,0,984,2,2
9357,1697,1,984,2,2
9358,1697,0,984,2,2
9359,1697,0,984,2,2
9360,1697,0,984,2,2
9361,1697,0,984,2,2
9362,1697,0,984,2,2
9363,1697,0,984,2,2
9364,1698,1,984,2,2
9365,1698,0,984,2,2
9366,1698,0,984,2,2
9367,1698,0,984,2,2
9368,1698,0,984,2,2
9369,1698,0,984,2,2
9370,1699,1,984,2,2
9371,1699,0,984,2,2
9372,1699,0,984,2,2
9373,1699,0,984,2,2
9374,1699,0,984,2,2
9375,1699,0,984,2,2
9376,1699,0,984,2,2
9377,1700,1,984,2,2
9378,1700,0,984,2,2
9379,1700,0,984,2,2
9380,1700,0,984,2,2
9381,1700,0,984,2,2
9382,1700,0,984,2,2
9383,1701,1,984,2,2
9384,1701,0,984,2,2
9385,1701,0,984,2,2
9386,1701,0,984,2,2
9387,1701,0,984,2,2
9388,1701,0,984,2,2
9389,1701,0,984,2,2
9390,1702,1,984,2,2
9391,1702,0,984,2,2
9392,1702,0,984,2,2
9393,1702,0,984,2,2
9394,1702,0,984,2,2
9395,1702,0,984,2,2
9396,1703,1,984,2,2
9397,1703,0,984,2,2
9398,1703,0,984,2,2
9399,1703,0,984,2,2
9400,1703,0,984,2,2
9401,1703,0,984,2,2
9402,1703,0,984,2,2
9403,1704,1,984,2,2
9404,1704,0,984,2,2
9405,1704,0,984,2,2
9406,1704,0,984,2,2
9407,1704,0,984,2,2
9408,1704,0,984,2,2
9409,1705,1,984,2,2
9410,1705,0,984,2,2
9411,1705,0,984,2,2
9412,1705,0,984,2,2
9413,1705,0,984,2,2
9414,1705,0,984,2,2
9415,1705,0,984,2,2
9416,1706,1,984,2,2
9417,1706,0,984,2,2
9418,1706,0,984,2,2
9419,1706,0,984,2,2
9420,1706,0,984,2,2
9421,1706,0,984,2,2
9422,1707,1,984,2,2
9423,1707,0,984,2,2
9424,1707,0,984,2,2
9425,1707,0,984,2,2
9426,1707,0,984,2,2
9427,1707,0,984,2,2
9428,1708,1,984,2,2
9429,1708,0,984,2,2
9430,1708,0,984,2,2
9431,1708,0,984,2,2
9432,1708,0,984,2,2
9433,1708,0,984,2,2
9434,1708,0,984,2,2
9435,1709,1,984,2,2
9436,1709,0,984,2,2
9437,1709,0,984,2,2
9438,1709,0,984,2,2
9439,1709,0,984,2,2
9440,1709,0,984,2,2
9441,1709,0,984,2,2
9442,1710,1,984,2,2
9443,1710,0,984,2,2
9444,1710,0,984,2,2
9445,1710,0,984,2,2
9446,1710,0,984,2,2
9447,1710,0,984,2,2
9448,1711,1,984,2,2
9449,1711,0,984,2,2
9450,1711,0,984,2,2
9451,1711,0,984,2,2
9452,1711,0,984,2,2
9453,1711,0,984,2,2
9454,1711,0,984,2,2
9455,1712,1,984,2,2
9456,1712,0,984,2,2
9457,1712,0,984,2,2
9458,1712,0,984,2,2
9459,1712,0,984,2,2
9460,1712,0,984,2,2
9461,1713,1,984,2,2
9462,1713,0,984,2,2
9463,1713,0,984,2,2
9464,1713,0,984,2,2
9465,1713,0,984,2,2
9466,1713,0,984,2,2
9467,1713,0,984,2,2
9468,1714,1,984,2,2
9469,1714,0,984,2,2
9470,1714,0,984,2,2
9471,1714,0,984,2,2
9472,1714,0,984,2,2
9473,1714,0,984,2,2
9474,1715,1,984,2,2
9475,1715,0,984,2,2
9476,1715,0,984,2,2
9477,1715,0,984,2,2
9478,1715,0,984,2,2
9479,1715,0,984,2,2
9480,1715,0,984,2,2
9481,1716,1,984,2,2
9482,1716,0,984,2,2
9483,1716,0,984,2,2
9484,1716,0,984,2,2
9485,1716,0,984,2,2
9486,1716,0,984,2,2
9487,1717,1,984,2,2
9488,1717,0,984,2,2
9489,1717,0,984,2,2
9490,1717,0,984,2,2
9491,1717,0,984,2,2
9492,1717,0,984,2,2
9493,1717,0,984,2,2
9494,1718,1,984,2,2
9495,1718,0,984,2,2
9496,1718,0,984,2,2
9497,1718,0,984,2,2
9498,1718,0,984,2,2
9499,1718,0,984,2,2
9500,1719,1,984,2,2
9501,1719,0,984,2,2
9502,1719,0,984,2,2
9503,1719,0,984,2,2
9504,1719,0,984,2,2
9505,1719,0,984,2,2
9506,1719,0,984,2,2
9507,1720,1,984,2,2
9508,1720,0,984,2,2
9509,1720,0,984,2,2
9510,1720,0,984,2,2
9511,1720,0,984,2,2
9512,1720,0,984,2,2
9513,1721,1,984,2,2
9514,1721,0,984,2,2
9515,1721,0,984,2,2
9516,1721,0,984,2,2
9517,1721,0,984,2,2
9518,1721,0,984,2,2
9519,1722,1,984,2,2
9520,1722,0,984,2,2
9521,1722,0,984,2,2
9522,1722,0,984,2,2
9523,1722,0,984,2,2
9524,1722,0,984,2,2
9525,1722,0,984,2,2
9526,1723,1,984,2,2
9527,1723,0,984,2,2
9528,1723,0,984,2,2
9529,1723,0,984,2,2
9530,1723,0,984,2,2
9531,1723,0,984,2,2
9532,1723,0,984,2,2
9533,1724,1,984,2,2
9534,1724,0,984,2,2
9535,1724,0,984,2,2
9536,1724,0,984,2,2
9537,1724,0,984,2,2
9538,1724,0,984,2,2
9539,1724,0,984,2,2
9540,1725,1,984,2,2
9541,1725,0,984,2,2
9542,1725,0,984,2,2
9543,1725,0,984,2,2
9544,1725,0,984,2,2
9545,1725,0,984,2,2
9546,1725,0,984,2,2
9547,1726,1,984,2,2
9548,1726,0,984,2,2
9549,1726,0,984,2,2
9550,1726,0,984,2,2
9551,1726,0,984,2,2
9552,1726,0,984,2,2
9553,1726,0,984,2,2
9554,1727,1,984,2,2
9555,1727,0,984,2,2
9556,1727,0,984,2,2
9557,1727,0,984,2,2
9558,1727,0,984,2,2
9559,1727,0,984,2,2
9560,1727,0,984,2,2
9561,1728,1,984,2,2
9562,1728,0,984,2,2
9563,1728,0,984,2,2
9564,1728,0,984,2,2
9565,1728,0,984,2,2
9566,1728,0,984,2,2
9567,1729,1,984,2,2
9568,1729,0,984,2,2
9569,1729,0,984,2,2
9570,1729,0,984,2,2
9571,1729,0,984,2,2
9572,1729,0,984,2,2
9573,1729,0,984,2,2
9574,1730,1,984,2,2
9575,1730,0,984,2,2
9576,1730,0,984,2,2
9577,1730,0,984,2,2
9578,1730,0,984,2,2
9579,1730,0,984,2,2
9580,1731,1,984,2,2
9581,1731,0,984,2,2
9582,1731,0,984,2,2
9583,1731,0,984,2,2
9584,1731,0,984,2,2
9585,1731,0,984,2,2
9586,1731,0,984,2,2
9587,1732,1,984,2,2
9588,1732,0,984,2,2
9589,1732,0,984,2,2
9590,1732,0,984,2,2
9591,1732,0,984,2,2
9592,1732,0,984,2,2
9593,1733,1,984,2,2
9594,1733,0,984,2,2
9595,1733,0,984,2,2
9596,1733,0,984,2,2
9597,1733,0,984,2,2
9598,1733,0,984,2,2
9599,1733,0,984,2,2
9600,1734,1,984,2,2
9601,1734,0,984,2,2
9602,1734,0,984,2,2
9603,1734,0,984,2,2
9604,1734,0,984,2,2
9605,1734,0,984,2,2
9606,1735,1,984,2,2
9607,1735,0,984,2,2
9608,1735,0,984,2,2
9609,1735,0,984,2,2
9610,1735,0,984,2,2
9611,1735,0,984,2,2
9612,1735,0,984,2,2
9613,1735,0,984,2,2
9614,1736,1,984,2,2
9615,1736,0,984,2,2
9616,1736,0,984,2,2
9617,1736,0,984,2,2
9618,1736,0,984,2,2
9619,1736,0,984,2,2
9620,1736,0,984,2,2
9621,1737,1,984,2,2
9622,1737,0,984,2,2
9623,1737,0,984,2,2
9624,1737,0,984,2,2
9625,1737,0,984,2,2
9626,1737,0,984,2,2
9627,1737,0,984,2,2
9628,1738,1,984,2,2
9629,1738,0,984,2,2
9630,1738,0,984,2,2
9631,1738,0,984,2,2
9632,1738,0,984,2,2
9633,1738,0,984,2,2
9634,1738,0,984,2,2
9635,1738,0,984,2,2
9636,1739,1,984,2,2
9637,1739,0,984,2,2
9638,1739,0,984,2,2
9639,1739,0,984,2,2
9640,1739,0,984,2,2
9641,1739,0,984,2,2
9642,1739,0,984,2,2
9643,1740,1,984,2,2
9644,1740,0,984,2,2
9645,1740,0,984,2,2
9646,1740,0,984,2,2
9647,1740,0,984,2,2
9648,1740,0,984,2,2
9649,1741,1,984,2,2
9650,1741,0,984,2,2
9651,1741,0,984,2,2
9652,1741,0,984,2,2
9653,1741,0,984,2,2
9654,1741,0,984,2,2
9655,1741,0,984,2,2
9656,1742,1,984,2,2
9657,1742,0,984,2,2
9658,1742,0,984,2,2
9659,1742,0,984,2,2
9660,1742,0,984,2,2
9661,1742,0,984,2,2
9662,1742,0,984,2,2
9663,1743,1,984,2,2
9664,1743,0,984,2,2
9665,1743,0,984,2,2
9666,1743,0,984,2,2
9667,1743,0,984,2,2
9668,1743,0,984,2,2
9669,1743,0,984,2,2
9670,1744,1,984,2,2
9671,1744,0,984,2,2
9672,1744,0,984,2,2
9673,1744,0,984,2,2
9674,1744,0,984,2,2
9675,1744,0,984,2,2
9676,1745,1,984,2,2
9677,1745,0,984,2,2
9678,1745,0,984,2,2
9679,1745,0,984,2,2
9680,1745,0,984,2,2
9681,1745,0,984,2,2
9682,1745,0,984,2,2
9683,1746,1,984,2,2
9684,1746,0,984,2,2
9685,1746,0,984,2,2
9686,1746,0,984,2,2
9687,1746,0,984,2,2
9688,1746,0,984,2,2
9689,1746,0,984,2,2
9690,1746,0,984,2,2
9691,1747,1,984,2,2
9692,1747,0,984,2,2
9693,1747,0,984,2,2
9694,1747,0,984,2,2
9695,1747,0,984,2,2
9696,1747,0,984,2,2
9697,1747,0,984,2,2
9698,1748,1,984,2,2
9699,1748,0,984,2,2
9700,1748,0,984,2,2
9701,1748,0,984,2,2
9702,1748,0,984,2,2
9703,1748,0,984,2,2
9704,1748,0,984,2,2
9705,1749,1,984,2,2
9706,1749,0,984,2,2
9707,1749,0,984,2,2
9708,1749,0,984,2,2
9709,1749,0,984,2,2
9710,1749,0,984,2,2
9711,1749,0,984,2,2
9712,1750,1,984,2,2
9713,1750,0,984,2,2
9714,1750,0,984,2,2
9715,1750,0,984,2,2
9716,1750,0,984,2,2
9717,1750,0,984,2,2
9718,1750,0,984,2,2
9719,1751,1,984,2,2
9720,1751,0,984,2,2
9721,1751,0,984,2,2
9722,1751,0,984,2,2
9723,1751,0,984,2,2
9724,1751,0,984,2,2
9725,1751,0,984,2,2
9726,1752,1,984,2,2
9727,1752,0,984,2,2
9728,1752,0,984,2,2
9729,1752,0,984,2,2
9730,1752,0,984,2,2
9731,1752,0,984,2,2
9732,1752,0,984,2,2
9733,1753,1,984,2,2
9734,1753,0,984,2,2
9735,1753,0,984,2,2
9736,1753,0,984,2,2
9737,1753,0,984,2,2
9738,1753,0,984,2,2
9739,1754,1,984,2,2
9740,1754,0,984,2,2
9741,1754,0,984,2,2
9742,1754,0,984,2,2
9743,1754,0,984,2,2
9744,1754,0,984,2,2
9745,1754,0,984,2,2
9746,1755,1,984,2,2
9747,1755,0,984,2,2
9748,1755,0,984,2,2
9749,1755,0,984,2,2
9750,1755,0,984,2,2
9751,1755,0,984,2,2
9752,1756,1,984,2,2
9753,1756,0,984,2,2
9754,1756,0,984,2,2
9755,1756,0,984,2,2
9756,1756,0,984,2,2
9757,1756,0,984,2,2
9758,1757,1,984,2,2
9759,1757,0,984,2,2
9760,1757,0,984,2,2
9761,1757,0,984,2,2
9762,1757,0,984,2,2
9763,1757,0,984,2,2
9764,1757,0,984,2,2
9765,1758,1,984,2,2
9766,1758,0,984,2,2
9767,1758,0,984,2,2
9768,1758,0,984,2,2
9769,1758,0,984,2,2
9770,1758,0,984,2,2
9771,1759,1,984,2,2
9772,1759,0,984,2,2
9773,1759,0,984,2,2
9774,1759,0,984,2,2
9775,1759,0,984,2,2
9776,1759,0,984,2,2
9777,1760,1,984,2,2
9778,1760,0,984,2,2
9779,1760,0,984,2,2
9780,1760,0,984,2,2
9781,1760,0,984,2,2
9782,1760,0,984,2,2
9783,1761,1,984,2,2
9784,1761,0,984,2,2
9785,1761,0,984,2,2
9786,1761,0,984,2,2
9787,1761,0,984,2,2
9788,1761,0,984,2,2
9789,1762,1,984,2,2
9790,1762,0,984,2,2
9791,1762,0,984,2,2
9792,1762,0,984,2,2
9793,1762,0,984,2,2
9794,1762,0,984,2,2
9795,1763,1,984,2,2
9796,1763,0,984,2,2
9797,1763,0,984,2,2
9798,1763,0,984,2,2
9799,1763,0,984,2,2
9800,1763,0,984,2,2
9801,1764,1,984,2,2
9802,1764,0,984,2,2
9803,1764,0,984,2,2
9804,1764,0,984,2,2
9805,1764,0,984,2,2
9806,1765,1,984,2,2
9807,1765,0,984,2,2
9808,1765,0,984,2,2
9809,1765,0,984,2,2
9810,1765,0,984,2,2
9811,1765,0,984,2,2
9812,1766,1,984,2,2
9813,1766,0,984,2,2
9814,1766,0,984,2,2
9815,1766,0,984,2,2
9816,1766,0,984,2,2
9817,1766,0,984,2,2
9818,1767,1,984,2,2
9819,1767,0,984,2,2
9820,1767,0,984,2,2
9821,1767,0,984,2,2
9822,1767,0,984,2,2
9823,1768,1,984,2,2
9824,1768,0,984,2,2
9825,1768,0,984,2,2
9826,1768,0,984,2,2
9827,1768,0,984,2,2
9828,1768,0,984,2,2
9829,1769,1,984,2,2
9830,1769,0,984,2,2
9831,1769,0,984,2,2
9832,1769,0,984,2,2
9833,1769,0,984,2,2
9834,1770,1,984,2,2
9835,1770,0,984,2,2
9836,1770,0,984,2,2
9837,1770,0,984,2,2
9838,1770,0,984,2,2
9839,1770,0,984,2,2
9840,1771,1,984,2,2
9841,1771,0,984,2,2
9842,1771,0,984,2,2
9843,1771,0,984,2,2
9844,1771,0,984,2,2
9845,1771,0,984,2,2
9846,1772,1,984,2,2
9847,1772,0,984,2,2
9848,1772,0,984,2,2
9849,1772,0,984,2,2
9850,1772,0,984,2,2
9851,1773,1,984,2,2
9852,1773,0,984,2,2
9853,1773,0,984,2,2
9854,1773,0,984,2,2
9855,1773,0,984,2,2
9856,1773,0,984,2,2
9857,1774,1,984,2,2
9858,1774,0,984,2,2
9859,1774,0,984,2,2
9860,1774,0,984,2,2
9861,1774,0,984,2,2
9862,1775,1,984,2,2
9863,1775,0,984,2,2
9864,1775,0,984,2,2
9865,1775,0,984,2,2
9866,1775,0,984,2,2
9867,1776,1,984,2,2
9868,1776,0,984,2,2
9869,1776,0,984,2,2
9870,1776,0,984,2,2
9871,1776,0,984,2,2
9872,1776,0,984,2,2
9873,1777,1,984,2,2
9874,1777,0,984,2,2
9875,1777,0,984,2,2
9876,1777,0,984,2,2
9877,1777,0,984,2,2
9878,1778,1,984,2,2
9879,1778,0,984,2,2
9880,1778,0,984,2,2
9881,1778,0,984,2,2
9882,1778,0,984,2,2
9883,1779,1,984,2,2
9884,1779,0,984,2,2
9885,1779,0,984,2,2
9886,1779,0,984,2,2
9887,1779,0,984,2,2
9888,1780,1,984,2,2
9889,1780,0,984,2,2
9890,1780,0,984,2,2
9891,1780,0,984,2,2
9892,1780,0,984,2,2
9893,1780,0,984,2,2
9894,1781,1,984,2,2
9895,1781,0,984,2,2
9896,1781,0,984,2,2
9897,1781,0,984,2,2
9898,1781,0,984,2,2
9899,1782,1,984,2,2
9900,1782,0,984,2,2
9901,1782,0,984,2,2
9902,1782,0,984,2,2
9903,1782,0,984,2,2
9904,1783,1,984,2,2
9905,1783,0,984,2,2
9906,1783,0,984,2,2
9907,1783,0,984,2,2
9908,1783,0,984,2,2
9909,1784,1,984,2,2
9910,1784,0,984,2,2
9911,1784,0,984,2,2
9912,1784,0,984,2,2
9913,1784,0,984,2,2
9914,1785,1,984,2,2
9915,1785,0,984,2,2
9916,1785,0,984,2,2
9917,1785,0,984,2,2
9918,1785,0,984,2,2
9919,1786,1,984,2,2
9920,1786,0,984,2,2
9921,1786,0,984,2,2
9922,1786,0,984,2,2
9923,1786,0,984,2,2
9924,1787,1,984,2,2
9925,1787,0,984,2,2
9926,1787,0,984,2,2
9927,1787,0,984,2,2
9928,1787,0,984,2,2
9929,1788,1,984,2,2
9930,1788,0,984,2,2
9931,1788,0,984,2,2
9932,1788,0,984,2,2
9933,1788,0,984,2,2
9934,1789,1,984,2,2
9935,1789,0,984,2,2
9936,1789,0,984,2,2
9937,1789,0,984,2,2
9938,1789,0,984,2,2
9939,1790,1,984,2,2
9940,1790,0,984,2,2
9941,1790,0,984,2,2
9942,1790,0,984,2,2
9943,1790,0,984,2,2
9944,1791,1,984,2,2
9945,1791,0,984,2,2
9946,1791,0,984,2,2
9947,1791,0,984,2,2
9948,1791,0,984,2,2
9949,1792,1,984,2,2
9950,1792,0,984,2,2
9951,1792,0,984,2,2
9952,1792,0,984,2,2
9953,1792,0,984,2,2
9954,1793,1,984,2,2
9955,1793,0,984,2,2
9956,1793,0,984,2,2
9957,1793,0,984,2,2
9958,1793,0,984,2,2
9959,1794,1,984,2,2
9960,1794,0,984,2,2
9961,1794,0,984,2,2
9962,1794,0,984,2,2
9963,1794,0,984,2,2
9964,1795,1,984,2,2
9965,1795,0,984,2,2
9966,1795,0,984,2,2
9967,1795,0,984,2,2
9968,1795,0,984,2,2
9969,1796,1,984,2,2
9970,1796,0,984,2,2
9971,1796,0,984,2,2
9972,1796,0,984,2,2
9973,1796,0,984,2,2
9974,1797,1,984,2,2
9975,1797,0,984,2,2
9976,1797,0,984,2,2
9977,1797,0,984,2,2
9978,1797,0,984,2,2
9979,1798,1,984,2,2
9980,1798,0,984,2,2
9981,1798,0,984,2,2
9982,1798,0,984,2,2
9983,1798,0,984,2,2
9984,1799,1,984,2,2
9985,1799,0,984,2,2
9986,1799,0,984,2,2
9987,1799,0,984,2,2
9988,1799,0,984,2,2
9989,1800,1,984,2,2
9990,1800,0,984,2,2
9991,1800,0,984,2,2
9992,1800,0,984,2,2
9993,1800,0,984,2,2
9994,1801,1,984,2,2
9995,1801,0,984,2,2
9996,1801,0,984,2,2
9997,1801,0,984,2,2
9998,1801,0,984,2,2
9999,1802,1,984,2,2
10000,1802,0,984,2,2
10001,1802,0,984,2,2
10002,1802,0,984,2,2
10003,1802,0,984,2,2
10004,1803,1,984,2,2
10005,1803,0,984,2,2
10006,1803,0,984,2,2
10007,1803,0,984,2,2
10008,1803,0,984,2,2
10009,1804,1,984,2,2
10010,1804,0,984,2,2
10011,1804,0,984,2,2
10012,1804,0,984,2,2
10013,1804,0,984,2,2
10014,1805,1,984,2,2
10015,1805,0,984,2,2
10016,1805,0,984,2,2
10017,1805,0,984,2,2
10018,1805,0,984,2,2
10019,1806,1,984,2,2
10020,1806,0,984,2,2
10021,1806,0,984,2,2
10022,1806,0,984,2,2
10023,1806,0,984,2,2
10024,1807,1,984,2,2
10025,1807,0,984,2,2
10026,1807,0,984,2,2
10027,1807,0,984,2,2
10028,1807,0,984,2,2
10029,1808,1,984,2,2
10030,1808,0,984,2,2
10031,1808,0,984,2,2
10032,1808,0,984,2,2
10033,1808,0,984,2,2
10034,1809,1,984,2,2
10035,1809,0,984,2,2
10036,1809,0,984,2,2
10037,1809,0,984,2,2
10038,1809,0,984,2,2
10039,1810,1,984,2,2
10040,1810,0,984,2,2
10041,1810,0,984,2,2
10042,1810,0,984,2,2
10043,1810,0,984,2,2
10044,1811,1,984,2,2
10045,1811,0,984,2,2
10046,1811,0,984,2,2
10047,1811,0,984,2,2
10048,1811,0,984,2,2
10049,1812,1,984,2,2
10050,1812,0,984,2,2
10051,1812,0,984,2,2
10052,1812,0,984,2,2
10053,1812,0,984,2,2
10054,1813,1,984,2,2
10055,1813,0,984,2,2
10056,1813,0,984,2,2
10057,1813,0,984,2,2
10058,1813,0,984,2,2
10059,1814,1,984,2,2
10060,1814,0,984,2,2
10061,1814,0,984,2,2
10062,1814,0,984,2,2
10063,1814,0,984,2,2
10064,1815,1,984,2,2
10065,1815,0,984,2,2
10066,1815,0,984,2,2
10067,1815,0,984,2,2
10068,1815,0,984,2,2
10069,1816,1,984,2,2
10070,1816,0,984,2,2
10071,1816,0,984,2,2
10072,1816,0,984,2,2
10073,1816,0,984,2,2
10074,1817,1,984,2,2
10075,1817,0,984,2,2
10076,1817,0,984,2,2
10077,1817,0,984,2,2
10078,1817,0,984,2,2
10079,1818,1,984,2,2
10080,1818,0,984,2,2
10081,1818,0,984,2,2
10082,1818,0,984,2,2
10083,1818,0,984,2,2
10084,1819,1,984,2,2
10085,1819,0,984,2,2
10086,1819,0,984,2,2
10087,1819,0,984,2,2
10088,1819,0,984,2,2
10089,1820,1,984,2,2
10090,1820,0,984,2,2
10091,1820,0,984,2,2
10092,1820,0,984,2,2
10093,1820,0,984,2,2
10094,1821,1,984,2,2
10095,1821,0,984,2,2
10096,1821,0,984,2,2
10097,1821,0,984,2,2
10098,1821,0,984,2,2
10099,1821,0,984,2,2
10100,1822,1,984,2,2
10101,1822,0,984,2,2
10102,1822,0,984,2,2
10103,1822,0,984,2,2
10104,1822,0,984,2,2
10105,1823,1,984,2,2
10106,1823,0,984,2,2
10107,1823,0,984,2,2
10108,1823,0,984,2,2
10109,1823,0,984,2,2
10110,1823,0,984,2,2
10111,1824,1,984,2,2
10112,1824,0,984,2,2
10113,1824,0,984,2,2
10114,1824,0,984,2,2
10115,1824,0,984,2,2
10116,1825,1,984,2,2
10117,1825,0,984,2,2
10118,1825,0,984,2,2
10119,1825,0,984,2,2
10120,1825,0,984,2,2
10121,1826,1,984,2,2
10122,1826,0,984,2,2
10123,1826,0,984,2,2
10124,1826,0,984,2,2
10125,1826,0,984,2,2
10126,1826,0,984,2,2
10127,1827,1,984,2,2
10128,1827,0,984,2,2
10129,1827,0,984,2,2
10130,1827,0,984,2,2
10131,1827,0,984,2,2
10132,1828,1,984,2,2
10133,1828,0,984,2,2
10134,1828,0,984,2,2
10135,1828,0,984,2,2
10136,1828,0,984,2,2
10137,1828,0,984,2,2
10138,1829,1,984,2,2
10139,1829,0,984,2,2
10140,1829,0,984,2,2
10141,1829,0,984,2,2
10142,1829,0,984,2,2
10143,1830,1,984,2,2
10144,1830,0,984,2,2
10145,1830,0,984,2,2
10146,1830,0,984,2,2
10147,1830,0,984,2,2
10148,1830,0,984,2,2
10149,1831,1,984,2,2
10150,1831,0,984,2,2
10151,1831,0,984,2,2
10152,1831,0,984,2,2
10153,1831,0,984,2,2
10154,1832,1,984,2,2
10155,1832,0,984,2,2
10156,1832,0,984,2,2
10157,1832,0,984,2,2
10158,1832,0,984,2,2
10159,1832,0,984,2,2
10160,1833,1,984,2,2
10161,1833,0,984,2,2
10162,1833,0,984,2,2
10163,1833,0,984,2,2
10164,1833,0,984,2,2
10165,1833,0,984,2,2
10166,1834,1,984,2,2
10167,1834,0,984,2,2
10168,1834,0,984,2,2
10169,1834,0,984,2,2
10170,1834,0,984,2,2
10171,1834,0,984,2,2
10172,1835,1,984,2,2
10173,1835,0,984,2,2
10174,1835,0,984,2,2
10175,1835,0,984,2,2
10176,1835,0,984,2,2
10177,1835,0,984,2,2
10178,1836,1,984,2,2
10179,1836,0,984,2,2
10180,1836,0,984,2,2
10181,1836,0,984,2,2
10182,1836,0,984,2,2
10183,1836,0,984,2,2
10184,1837,1,984,2,2
10185,1837,0,984,2,2
10186,1837,0,984,2,2
10187,1837,0,984,2,2
10188,1837,0,984,2,2
10189,1837,0,984,2,2
10190,1837,0,984,2,2
10191,1838,1,984,2,2
10192,1838,0,984,2,2
10193,1838,0,984,2,2
10194,1838,0,984,2,2
10195,1838,0,984,2,2
10196,1838,0,984,2,2
10197,1839,1,984,2,2
10198,1839,0,984,2,2
10199,1839,0,984,2,2
10200,1839,0,984,2,2
10201,1839,0,984,2,2
10202,1839,0,984,2,2
10203,1840,1,984,2,2
10204,1840,0,984,2,2
10205,1840,0,984,2,2
10206,1840,0,984,2,2
10207,1840,0,984,2,2
10208,1840,0,984,2,2
10209,1840,0,984,2,2
10210,1841,1,984,2,2
10211,1841,0,984,2,2
10212,1841,0,984,2,2
10213,1841,0,984,2,2
10214,1841,0,984,2,2
10215,1841,0,984,2,2
10216,1842,1,984,2,2
10217,1842,0,984,2,2
10218,1842,0,984,2,2
10219,1842,0,984,2,2
10220,1842,0,984,2,2
10221,1842,0,984,2,2
10222,1843,1,984,2,2
10223,1843,0,984,2,2
10224,1843,0,984,2,2
10225,1843,0,984,2,2
10226,1843,0,984,2,2
10227,1843,0,984,2,2
10228,1843,0,984,2,2
10229,1844,1,984,2,2
10230,1844,0,984,2,2
10231,1844,0,984,2,2
10232,1844,0,984,2,2
10233,1844,0,984,2,2
10234,1844,0,984,2,2
10235,1845,1,984,2,2
10236,1845,0,984,2,2
10237,1845,0,984,2,2
10238,1845,0,984,2,2
10239,1845,0,984,2,2
10240,1845,0,984,2,2
10241,1846,1,984,2,2
10242,1846,0,984,2,2
10243,1846,0,984,2,2
10244,1846,0,984,2,2
10245,1846,0,984,2,2
10246,1846,0,984,2,2
10247,1846,0,984,2,2
10248,1847,1,984,2,2
10249,1847,0,984,2,2
10250,1847,0,984,2,2
10251,1847,0,984,2,2
10252,1847,0,984,2,2
10253,1847,0,984,2,2
10254,1847,0,984,2,2
10255,1848,1,984,2,2
10256,1848,0,984,2,2
10257,1848,0,984,2,2
10258,1848,0,984,2,2
10259,1848,0,984,2,2
10260,1848,0,984,2,2
10261,1848,0,984,2,2
10262,1849,1,984,2,2
10263,1849,0,984,2,2
10264,1849,0,984,2,2
10265,1849,0,984,2,2
10266,1849,0,984,2,2
10267,1849,0,984,2,2
10268,1849,0,984,2,2
10269,1850,1,984,2,2
10270,1850,0,984,2,2
10271,1850,0,984,2,2
10272,1850,0,984,2,2
10273,1850,0,984,2,2
10274,1850,0,984,2,2
10275,1850,0,984,2,2
10276,1851,1,984,2,2
10277,1851,0,984,2,2
10278,1851,0,984,2,2
10279,1851,0,984,2,2
10280,1851,0,984,2,2
10281,1851,0,984,2,2
10282,1851,0,984,2,2
10283,1852,1,984,2,2
10284,1852,0,984,2,2
10285,1852,0,984,2,2
10286,1852,0,984,2,2
10287,1852,0,984,2,2
10288,1852,0,984,2,2
10289,1852,0,984,2,2
10290,1853,1,984,2,2
10291,1853,0,984,2,2
10292,1853,0,984,2,2
10293,1853,0,984,2,2
10294,1853,0,984,2,2
10295,1853,0,984,2,2
10296,1853,0,984,2,2
10297,1854,1,984,2,2
10298,1854,0,984,2,2
10299,1854,0,984,2,2
10300,1854,0,984,2,2
10301,1854,0,984,2,2
10302,1854,0,984,2,2
10303,1855,1,984,2,2
10304,1855,0,984,2,2
10305,1855,0,984,2,2
10306,1855,0,984,2,2
10307,1855,0,984,2,2
10308,1855,0,984,2,2
10309,1855,0,984,2,2
10310,1856,1,984,2,2
10311,1856,0,984,2,2
10312,1856,0,984,2,2
10313,1856,0,984,2,2
10314,1856,0,984,2,2
10315,1856,0,984,2,2
10316,1856,0,984,2,2
10317,1857,1,984,2,2
10318,1857,0,984,2,2
10319,1857,0,984,2,2
10320,1857,0,984,2,2
10321,1857,0,984,2,2
10322,1857,0,984,2,2
10323,1858,1,984,2,2
10324,1858,0,984,2,2
10325,1858,0,984,2,2
10326,1858,0,984,2,2
10327,1858,0,984,2,2
10328,1858,0,984,2,2
10329,1858,0,984,2,2
10330,1859,1,984,2,2
10331,1859,0,984,2,2
10332,1859,0,984,2,2
10333,1859,0,984,2,2
10334,1859,0,984,2,2
10335,1859,0,984,2,2
10336,1859,0,984,2,2
10337,1860,1,984,2,2
10338,1860,0,984,2,2
10339,1860,0,984,2,2
10340,1860,0,984,2,2
10341,1860,0,984,2,2
10342,1860,0,984,2,2
10343,1860,0,984,2,2
10344,1860,0,984,2,2
10345,1861,1,984,2,2
10346,1861,0,984,2,2
10347,1861,0,984,2,2
10348,1861,0,984,2,2
10349,1861,0,984,2,2
10350,1861,0,984,2,2
10351,1861,0,984,2,2
10352,1862,1,984,2,2
10353,1862,0,984,2,2
10354,1862,0,984,2,2
10355,1862,0,984,2,2
10356,1862,0,984,2,2
10357,1862,0,984,2,2
10358,1862,0,984,2,2
10359,1863,1,984,2,2
10360,1863,0,984,2,2
10361,1863,0,984,2,2
10362,1863,0,984,2,2
10363,1863,0,984,2,2
10364,1863,0,984,2,2
10365,1863,0,984,2,2
10366,1864,1,984,2,2
10367,1864,0,984,2,2
10368,1864,0,984,2,2
10369,1864,0,984,2,2
10370,1864,0,984,2,2
10371,1864,0,984,2,2
10372,1865,1,984,2,2
10373,1865,0,984,2,2
10374,1865,0,984,2,2
10375,1865,0,984,2,2
10376,1865,0,984,2,2
10377,1865,0,984,2,2
10378,1865,0,984,2,2
10379,1866,1,984,2,2
10380,1866,0,984,2,2
10381,1866,0,984,2,2
10382,1866,0,984,2,2
10383,1866,0,984,2,2
10384,1866,0,984,2,2
10385,1866,0,984,2,2
10386,1867,1,984,2,2
10387,1867,0,984,2,2
10388,1867,0,984,2,2
10389,1867,0,984,2,2
10390,1867,0,984,2,2
10391,1867,0,984,2,2
10392,1867,0,984,2,2
10393,1868,1,984,2,2
10394,1868,0,984,2,2
10395,1868,0,984,2,2
10396,1868,0,984,2,2
10397,1868,0,984,2,2
10398,1868,0,984,2,2
10399,1869,1,984,2,2
10400,1869,0,984,2,2
10401,1869,0,984,2,2
10402,1869,0,984,2,2
10403,1869,0,984,2,2
10404,1869,0,984,2,2
10405,1870,1,984,2,2
10406,1870,0,984,2,2
10407,1870,0,984,2,2
10408,1870,0,984,2,2
10409,1870,0,984,2,2
10410,1870,0,984,2,2
10411,1870,0,984,2,2
10412,1871,1,984,2,2
10413,1871,0,984,2,2
10414,1871,0,984,2,2
10415,1871,0,984,2,2
10416,1871,0,984,2,2
10417,1871,0,984,2,2
10418,1872,1,984,2,2
10419,1872,0,984,2,2
10420,1872,0,984,2,2
10421,1872,0,984,2,2
10422,1872,0,984,2,2
10423,1872,0,984,2,2
10424,1873,1,984,2,2
10425,1873,0,984,2,2
10426,1873,0,984,2,2
10427,1873,0,984,2,2
10428,1873,0,984,2,2
10429,1873,0,984,2,2
10430,1874,1,984,2,2
10431,1874,0,984,2,2
10432,1874,0,984,2,2
10433,1874,0,984,2,2
10434,1874,0,984,2,2
10435,1874,0,984,2,2
10436,1875,1,984,2,2
10437,1875,0,984,2,2
10438,1875,0,984,2,2
10439,1875,0,984,2,2
10440,1875,0,984,2,2
10441,1875,0,984,2,2
10442,1876,1,984,2,2
10443,1876,0,984,2,2
10444,1876,0,984,2,2
10445,1876,0,984,2,2
10446,1876,0,984,2,2
10447,1876,0,984,2,2
10448,1877,1,984,2,2
10449,1877,0,984,2,2
10450,1877,0,984,2,2
10451,1877,0,984,2,2
10452,1877,0,984,2,2
10453,1877,0,984,2,2
10454,1878,1,984,2,2
10455,1878,0,984,2,2
10456,1878,0,984,2,2
10457,1878,0,984,2,2
10458,1878,0,984,2,2
10459,1878,0,984,2,2
10460,1879,1,984,2,2
10461,1879,0,984,2,2
10462,1879,0,984,2,2
10463,1879,0,984,2,2
10464,1879,0,984,2,2
10465,1879,0,984,2,2
10466,1880,1,984,2,2
10467,1880,0,984,2,2
10468,1880,0,984,2,2
10469,1880,0,984,2,2
10470,1880,0,984,2,2
10471,1881,1,984,2,2
10472,1881,0,984,2,2
10473,1881,0,984,2,2
10474,1881,0,984,2,2
10475,1881,0,984,2,2
10476,1881,0,984,2,2
10477,1882,1,984,2,2
10478,1882,0,984,2,2
10479,1882,0,984,2,2
10480,1882,0,984,2,2
10481,1882,0,984,2,2
10482,1882,0,984,2,2
10483,1883,1,984,2,2
10484,1883,0,984,2,2
10485,1883,0,984,2,2
10486,1883,0,984,2,2
10487,1883,0,984,2,2
10488,1884,1,984,2,2
10489,1884,0,984,2,2
10490,1884,0,984,2,2
10491,1884,0,984,2,2
10492,1884,0,984,2,2
10493,1884,0,984,2,2
10494,1885,1,984,2,2
10495,1885,0,984,2,2
10496,1885,0,984,2,2
10497,1885,0,984,2,2
10498,1885,0,984,2,2
10499,1886,1,984,2,2
10500,1886,0,984,2,2
10501,1886,0,984,2,2
10502,1886,0,984,2,2
10503,1886,0,984,2,2
10504,1886,0,984,2,2
10505,1887,1,984,2,2
10506,1887,0,984,2,2
10507,1887,0,984,2,2
10508,1887,0,984,2,2
10509,1887,0,984,2,2
10510,1888,1,984,2,2
10511,1888,0,984,2,2
10512,1888,0,984,2,2
10513,1888,0,984,2,2
10514,1888,0,984,2,2
10515,1888,0,984,2,2
10516,1889,1,984,2,2
10517,1889,0,984,2,2
10518,1889,0,984,2,2
10519,1889,0,984,2,2
10520,1889,0,984,2,2
10521,1890,1,984,2,2
10522,1890,0,984,2,2
10523,1890,0,984,2,2
10524,1890,0,984,2,2
10525,1890,0,984,2,2
10526,1891,1,984,2,2
10527,1891,0,984,2,2
10528,1891,0,984,2,2
10529,1891,0,984,2,2
10530,1891,0,984,2,2
10531,1891,0,984,2,2
10532,1892,1,984,2,2
10533,1892,0,984,2,2
10534,1892,0,984,2,2
10535,1892,0,984,2,2
10536,1892,0,984,2,2
10537,1893,1,984,2,2
10538,1893,0,984,2,2
10539,1893,0,984,2,2
10540,1893,0,984,2,2
10541,1893,0,984,2,2
10542,1894,1,984,2,2
10543,1894,0,984,2,2
10544,1894,0,984,2,2
10545,1894,0,984,2,2
10546,1894,0,984,2,2
10547,1895,1,984,2,2
10548,1895,0,984,2,2
10549,1895,0,984,2,2
10550,1895,0,984,2,2
10551,1895,0,984,2,2
10552,1895,0,984,2,2
10553,1896,1,984,2,2
10554,1896,0,984,2,2
10555,1896,0,984,2,2
10556,1896,0,984,2,2
10557,1896,0,984,2,2
10558,1897,1,984,2,2
10559,1897,0,984,2,2
10560,1897,0,984,2,2
10561,1897,0,984,2,2
10562,1897,0,984,2,2
10563,1898,1,984,2,2
10564,1898,0,984,2,2
10565,1898,0,984,2,2
10566,1898,0,984,2,2
10567,1898,0,984,2,2
10568,1899,1,984,2,2
10569,1899,0,984,2,2
10570,1899,0,984,2,2
10571,1899,0,984,2,2
10572,1899,0,984,2,2
10573,1900,1,984,2,2
10574,1900,0,984,2,2
10575,1900,0,984,2,2
10576,1900,0,984,2,2
10577,1900,0,984,2,2
10578,1901,1,984,2,2
10579,1901,0,984,2,2
10580,1901,0,984,2,2
10581,1901,0,984,2,2
10582,1901,0,984,2,2
10583,1902,1,984,2,2
10584,1902,0,984,2,2
10585,1902,0,984,2,2
10586,1902,0,984,2,2
10587,1902,0,984,2,2
10588,1903,1,984,2,2
10589,1903,0,984,2,2
10590,1903,0,984,2,2
10591,1903,0,984,2,2
10592,1903,0,984,2,2
10593,1904,1,984,2,2
10594,1904,0,984,2,2
10595,1904,0,984,2,2
10596,1904,0,984,2,2
10597,1904,0,984,2,2
10598,1905,1,984,2,2
10599,1905,0,984,2,2
10600,1905,0,984,2,2
10601,1905,0,984,2,2
10602,1905,0,984,2,2
10603,1906,1,984,2,2
10604,1906,0,984,2,2
10605,1906,0,984,2,2
10606,1906,0,984,2,2
10607,1906,0,984,2,2
10608,1907,1,984,2,2
10609,1907,0,984,2,2
10610,1907,0,984,2,2
10611,1907,0,984,2,2
10612,1907,0,984,2,2
10613,1908,1,984,2,2
10614,1908,0,984,2,2
10615,1908,0,984,2,2
10616,1908,0,984,2,2
10617,1908,0,984,2,2
10618,1909,1,984,2,2
10619,1909,0,984,2,2
10620,1909,0,984,2,2
10621,1909,0,984,2,2
10622,1909,0,984,2,2
10623,1910,1,984,2,2
10624,1910,0,984,2,2
10625,1910,0,984,2,2
10626,1910,0,984,2,2
10627,1910,0,984,2,2
10628,1911,1,984,2,2
10629,1911,0,984,2,2
10630,1911,0,984,2,2
10631,1911,0,984,2,2
10632,1911,0,984,2,2
10633,1912,1,984,2,2
10634,1912,0,984,2,2
10635,1912,0,984,2,2
10636,1912,0,984,2,2
10637,1912,0,984,2,2
10638,1913,1,984,2,2
10639,1913,0,984,2,2
10640,1913,0,984,2,2
10641,1913,0,984,2,2
10642,1913,0,984,2,2
10643,1914,1,984,2,2
10644,1914,0,984,2,2
10645,1914,0,984,2,2
10646,1914,0,984,2,2
10647,1914,0,984,2,2
10648,1915,1,984,2,2
10649,1915,0,984,2,2
10650,1915,0,984,2,2
10651,1915,0,984,2,2
10652,1915,0,984,2,2
10653,1916,1,984,2,2
10654,1916,0,984,2,2
10655,1916,0,984,2,2
10656,1916,0,984,2,2
10657,1916,0,984,2,2
10658,1917,1,984,2,2
10659,1917,0,984,2,2
10660,1917,0,984,2,2
10661,1917,0,984,2,2
10662,1917,0,984,2,2
10663,1918,1,984,2,2
10664,1918,0,984,2,2
10665,1918,0,984,2,2
10666,1918,0,984,2,2
10667,1918,0,984,2,2
10668,1919,1,984,2,2
10669,1919,0,984,2,2
10670,1919,0,984,2,2
10671,1919,0,984,2,2
10672,1919,0,984,2,2
10673,1920,1,984,2,2
10674,1920,0,984,2,2
10675,1920,0,984,2,2
10676,1920,0,984,2,2
10677,1920,0,984,2,2
10678,1921,1,984,2,2
10679,1921,0,984,2,2
10680,1921,0,984,2,2
10681,1921,0,984,2,2
10682,1921,0,984,2,2
10683,1922,1,984,2,2
10684,1922,0,984,2,2
10685,1922,0,984,2,2
10686,1922,0,984,2,2
10687,1922,0,984,2,2
10688,1923,1,984,2,2
10689,1923,0,984,2,2
10690,1923,0,984,2,2
10691,1923,0,984,2,2
10692,1923,0,984,2,2
10693,1924,1,984,2,2
10694,1924,0,984,2,2
10695,1924,0,984,2,2
10696,1924,0,984,2,2
10697,1924,0,984,2,2
10698,1925,1,984,2,2
10699,1925,0,984,2,2
10700,1925,0,984,2,2
10701,1925,0,984,2,2
10702,1925,0,984,2,2
10703,1926,1,984,2,2
10704,1926,0,984,2,2
10705,1926,0,984,2,2
10706,1926,0,984,2,2
10707,1926,0,984,2,2
10708,1927,1,984,2,2
10709,1927,0,984,2,2
10710,1927,0,984,2,2
10711,1927,0,984,2,2
10712,1927,0,984,2,2
10713,1928,1,984,2,2
10714,1928,0,984,2,2
10715,1928,0,984,2,2
10716,1928,0,984,2,2
10717,1928,0,984,2,2
10718,1929,1,984,2,2
10719,1929,0,984,2,2
10720,1929,0,984,2,2
10721,1929,0,984,2,2
10722,1929,0,984,2,2
10723,1930,1,984,2,2
10724,1930,0,984,2,2
10725,1930,0,984,2,2
10726,1930,0,984,2,2
10727,1930,0,984,2,2
10728,1931,1,984,2,2
10729,1931,0,984,2,2
10730,1931,0,984,2,2
10731,1931,0,984,2,2
10732,1931,0,984,2,2
10733,1932,1,984,2,2
10734,1932,0,984,2,2
10735,1932,0,984,2,2
10736,1932,0,984,2,2
10737,1932,0,984,2,2
10738,1932,0,984,2,2
10739,1933,1,984,2,2
10740,1933,0,984,2,2
10741,1933,0,984,2,2
10742,1933,0,984,2,2
10743,1933,0,984,2,2
10744,1934,1,984,2,2
10745,1934,0,984,2,2
10746,1934,0,984,2,2
10747,1934,0,984,2,2
10748,1934,0,984,2,2
10749,1935,1,984,2,2
10750,1935,0,984,2,2
10751,1935,0,984,2,2
10752,1935,0,984,2,2
10753,1935,0,984,2,2
10754,1935,0,984,2,2
10755,1936,1,984,2,2
10756,1936,0,984,2,2
10757,1936,0,984,2,2
10758,1936,0,984,2,2
10759,1936,0,984,2,2
10760,1937,1,984,2,2
10761,1937,0,984,2,2
10762,1937,0,984,2,2
10763,1937,0,984,2,2
10764,1937,0,984,2,2
10765,1938,1,984,2,2
10766,1938,0,984,2,2
10767,1938,0,984,2,2
10768,1938,0,984,2,2
10769,1938,0,984,2,2
10770,1938,0,984,2,2
10771,1939,1,984,2,2
10772,1939,0,984,2,2
10773,1939,0,984,2,2
10774,1939,0,984,2,2
10775,1939,0,984,2,2
10776,1940,1,984,2,2
10777,1940,0,984,2,2
10778,1940,0,984,2,2
10779,1940,0,984,2,2
10780,1940,0,984,2,2
10781,1940,0,984,2,2
10782,1941,1,984,2,2
10783,1941,0,984,2,2
10784,1941,0,984,2,2
10785,1941,0,984,2,2
10786,1941,0,984,2,2
10787,1942,1,984,2,2
10788,1942,0,984,2,2
10789,1942,0,984,2,2
10790,1942,0,984,2,2
10791,1942,0,984,2,2
10792,1942,0,984,2,2
10793,1943,1,984,2,2
10794,1943,0,984,2,2
10795,1943,0,984,2,2
10796,1943,0,984,2,2
10797,1943,0,984,2,2
10798,1943,0,984,2,2
10799,1944,1,984,2,2
10800,1944,0,984,2,2
10801,1944,0,984,2,2
10802,1944,0,984,2,2
10803,1944,0,984,2,2
10804,1945,1,984,2,2
10805,1945,0,984,2,2
10806,1945,0,984,2,2
10807,1945,0,984,2,2
10808,1945,0,984,2,2
10809,1945,0,984,2,2
10810,1945,0,984,2,2
10811,1946,1,984,2,2
10812,1946,0,984,2,2
10813,1946,0,984,2,2
10814,1946,0,984,2,2
10815,1946,0,984,2,2
10816,1946,0,984,2,2
10817,1947,1,984,2,2
10818,1947,0,984,2,2
10819,1947,0,984,2,2
10820,1947,0,984,2,2
10821,1947,0,984,2,2
10822,1947,0,984,2,2
10823,1948,1,984,2,2
10824,1948,0,984,2,2
10825,1948,0,984,2,2
10826,1948,0,984,2,2
10827,1948,0,984,2,2
10828,1948,0,984,2,2
10829,1948,0,984,2,2
10830,1949,1,984,2,2
10831,1949,0,984,2,2
10832,1949,0,984,2,2
10833,1949,0,984,2,2
10834,1949,0,984,2,2
10835,1949,0,984,2,2
10836,1950,1,984,2,2
10837,1950,0,984,2,2
10838,1950,0,984,2,2
10839,1950,0,984,2,2
10840,1950,0,984,2,2
10841,1950,0,984,2,2
10842,1950,0,984,2,2
10843,1951,1,984,2,2
10844,1951,0,984,2,2
10845,1951,0,984,2,2
10846,1951,0,984,2,2
10847,1951,0,984,2,2
10848,1951,0,984,2,2
10849,1952,1,984,2,2
10850,1952,0,984,2,2
10851,1952,0,984,2,2
10852,1952,0,984,2,2
10853,1952,0,984,2,2
10854,1952,0,984,2,2
10855,1952,0,984,2,2
10856,1953,1,984,2,2
10857,1953,0,984,2,2
10858,1953,0,984,2,2
10859,1953,0,984,2,2
10860,1953,0,984,2,2
10861,1953,0,984,2,2
10862,1954,1,984,2,2
10863,1954,0,984,2,2
10864,1954,0,984,2,2
10865,1954,0,984,2,2
10866,1954,0,984,2,2
10867,1954,0,984,2,2
10868,1954,0,984,2,2
10869,1955,1,984,2,2
10870,1955,0,984,2,2
10871,1955,0,984,2,2
10872,1955,0,984,2,2
10873,1955,0,984,2,2
10874,1955,0,984,2,2
10875,1956,1,984,2,2
10876,1956,0,984,2,2
10877,1956,0,984,2,2
10878,1956,0,984,2,2
10879,1956,0,984,2,2
10880,1956,0,984,2,2
10881,1956,0,984,2,2
10882,1957,1,984,2,2
10883,1957,0,984,2,2
10884,1957,0,984,2,2
10885,1957,0,984,2,2
10886,1957,0,984,2,2
10887,1957,0,984,2,2
10888,1958,1,984,2,2
10889,1958,0,984,2,2
10890,1958,0,984,2,2
10891,1958,0,984,2,2
10892,1958,0,984,2,2
10893,1958,0,984,2,2
10894,1958,0,984,2,2
10895,1959,1,984,2,2
10896,1959,0,984,2,2
10897,1959,0,984,2,2
10898,1959,0,984,2,2
10899,1959,0,984,2,2
10900,1959,0,984,2,2
10901,1960,1,984,2,2
10902,1960,0,984,2,2
10903,1960,0,984,2,2
10904,1960,0,984,2,2
10905,1960,0,984,2,2
10906,1960,0,984,2,2
10907,1961,1,984,2,2
10908,1961,0,984,2,2
10909,1961,0,984,2,2
10910,1961,0,984,2,2
10911,1961,0,984,2,2
10912,1961,0,984,2,2
10913,1961,0,984,2,2
10914,1962,1,984,2,2
10915,1962,0,984,2,2
10916,1962,0,984,2,2
10917,1962,0,984,2,2
10918,1962,0,984,2,2
10919,1962,0,984,2,2
10920,1962,0,984,2,2
10921,1963,1,984,2,2
10922,1963,0,984,2,2
10923,1963,0,984,2,2
10924,1963,0,984,2,2
10925,1963,0,984,2,2
10926,1963,0,984,2,2
10927,1964,1,984,2,2
10928,1964,0,984,2,2
10929,1964,0,984,2,2
10930,1964,0,984,2,2
10931,1964,0,984,2,2
10932,1964,0,984,2,2
10933,1964,0,984,2,2
10934,1965,1,984,2,2
10935,1965,0,984,2,2
10936,1965,0,984,2,2
10937,1965,0,984,2,2
10938,1965,0,984,2,2
10939,1965,0,984,2,2
10940,1966,1,984,2,2
10941,1966,0,984,2,2
10942,1966,0,984,2,2
10943,1966,0,984,2,2
10944,1966,0,984,2,2
10945,1966,0,984,2,2
10946,1967,1,984,2,2
10947,1967,0,984,2,2
10948,1967,0,984,2,2
10949,1967,0,984,2,2
10950,1967,0,984,2,2
10951,1967,0,984,2,2
10952,1967,0,984,2,2
10953,1968,1,984,2,2
10954,1968,0,984,2,2
10955,1968,0,984,2,2
10956,1968,0,984,2,2
10957,1968,0,984,2,2
10958,1968,0,984,2,2
10959,1969,1,984,2,2
10960,1969,0,984,2,2
10961,1969,0,984,2,2
10962,1969,0,984,2,2
10963,1969,0,984,2,2
10964,1969,0,984,2,2
10965,1969,0,984,2,2
10966,1970,1,984,2,2
10967,1970,0,984,2,2
10968,1970,0,984,2,2
10969,1970,0,984,2,2
10970,1970,0,984,2,2
10971,1970,0,984,2,2
10972,1971,1,984,2,2
10973,1971,0,984,2,2
10974,1971,0,984,2,2
10975,1971,0,984,2,2
10976,1971,0,984,2,2
10977,1971,0,984,2,2
10978,1971,0,984,2,2
10979,1972,1,984,2,2
10980,1972,0,984,2,2
10981,1972,0,984,2,2
10982,1972,0,984,2,2
10983,1972,0,984,2,2
10984,1972,0,984,2,2
10985,1973,1,984,2,2
10986,1973,0,984,2,2
10987,1973,0,984,2,2
10988,1973,0,984,2,2
10989,1973,0,984,2,2
10990,1973,0,984,2,2
10991,1973,0,984,2,2
10992,1974,1,984,2,2
10993,1974,0,984,2,2
10994,1974,0,984,2,2
10995,1974,0,984,2,2
10996,1974,0,984,2,2
10997,1974,0,984,2,2
10998,1975,1,984,2,2
10999,1975,0,984,2,2
11000,1975,0,984,2,2
11001,1975,0,984,2,2
11002,1975,0,984,2,2
11003,1975,0,984,2,2
11004,1976,1,984,2,2
11005,1976,0,984,2,2
11006,1976,0,984,2,2
11007,1976,0,984,2,2
11008,1976,0,984,2,2
11009,1976,0,984,2,2
11010,1976,0,984,2,2
11011,1977,1,984,2,2
11012,1977,0,984,2,2
11013,1977,0,984,2,2
11014,1977,0,984,2,2
11015,1977,0,984,2,2
11016,1977,0,984,2,2
11017,1978,1,984,2,2
11018,1978,0,984,2,2
11019,1978,0,984,2,2
11020,1978,0,984,2,2
11021,1978,0,984,2,2
11022,1978,0,984,2,2
11023,1978,0,984,2,2
11024,1979,1,984,2,2
11025,1979,0,984,2,2
11026,1979,0,984,2,2
11027,1979,0,984,2,2
11028,1979,0,984,2,2
11029,1979,0,984,2,2
11030,1980,1,984,2,2
11031,1980,0,984,2,2
11032,1980,0,984,2,2
11033,1980,0,984,2,2
11034,1980,0,984,2,2
11035,1980,0,984,2,2
11036,1981,1,984,2,2
11037,1981,0,984,2,2
11038,1981,0,984,2,2
11039,1981,0,984,2,2
11040,1981,0,984,2,2
11041,1981,0,984,2,2
11042,1982,1,984,2,2
11043,1982,0,984,2,2
11044,1982,0,984,2,2
11045,1982,0,984,2,2
11046,1982,0,984,2,2
11047,1982,0,984,2,2
11048,1983,1,984,2,2
11049,1983,0,984,2,2
11050,1983,0,984,2,2
11051,1983,0,984,2,2
11052,1983,0,984,2,2
11053,1983,0,984,2,2
11054,1984,1,984,2,2
11055,1984,0,984,2,2
11056,1984,0,984,2,2
11057,1984,0,984,2,2
11058,1984,0,984,2,2
11059,1984,0,984,2,2
11060,1985,1,984,2,2
11061,1985,0,984,2,2
11062,1985,0,984,2,2
11063,1985,0,984,2,2
11064,1985,0,984,2,2
11065,1985,0,984,2,2
11066,1986,1,984,2,2
11067,1986,0,984,2,2
11068,1986,0,984,2,2
11069,1986,0,984,2,2
11070,1986,0,984,2,2
11071,1986,0,984,2,2
11072,1987,1,984,2,2
11073,1987,0,984,2,2
11074,1987,0,984,2,2
11075,1987,0,984,2,2
11076,1987,0,984,2,2
11077,1987,0,984,2,2
11078,1988,1,984,2,2
11079,1988,0,984,2,2
11080,1988,0,984,2,2
11081,1988,0,984,2,2
11082,1988,0,984,2,2
11083,1988,0,984,2,2
11084,1989,1,984,2,2
11085,1989,0,984,2,2
11086,1989,0,984,2,2
11087,1989,0,984,2,2
11088,1989,0,984,2,2
11089,1989,0,984,2,2
11090,1990,1,984,2,2
11091,1990,0,984,2,2
11092,1990,0,984,2,2
11093,1990,0,984,2,2
11094,1990,0,984,2,2
11095,1990,0,984,2,2
11096,1991,1,984,2,2
11097,1991,0,984,2,2
11098,1991,0,984,2,2
11099,1991,0,984,2,2
11100,1991,0,984,2,2
11101,1992,1,984,2,2
11102,1992,0,984,2,2
11103,1992,0,984,2,2
11104,1992,0,984,2,2
11105,1992,0,984,2,2
11106,1992,0,984,2,2
11107,1993,1,984,2,2
11108,1993,0,984,2,2
11109,1993,0,984,2,2
11110,1993,0,984,2,2
11111,1993,0,984,2,2
11112,1993,0,984,2,2
11113,1994,1,984,2,2
11114,1994,0,984,2,2
11115,1994,0,984,2,2
11116,1994,0,984,2,2
11117,1994,0,984,2,2
11118,1995,1,984,2,2
11119,1995,0,984,2,2
11120,1995,0,984,2,2
11121,1995,0,984,2,2
11122,1995,0,984,2,2
11123,1995,0,984,2,2
11124,1996,1,984,2,2
11125,1996,0,984,2,2
11126,1996,0,984,2,2
11127,1996,0,984,2,2
11128,1996,0,984,2,2
11129,1997,1,984,2,2
11130,1997,0,984,2,2
11131,1997,0,984,2,2
11132,1997,0,984,2,2
11133,1997,0,984,2,2
11134,1997,0,984,2,2
11135,1998,1,984,2,2
11136,1998,0,984,2,2
11137,1998,0,984,2,2
11138,1998,0,984,2,2
11139,1998,0,984,2,2
11140,1998,0,984,2,2
11141,1999,1,984,2,2
11142,1999,0,984,2,2
11143,1999,0,984,2,2
11144,1999,0,984,2,2
11145,1999,0,984,2,2
11146,2000,1,984,2,2
11147,2000,0,984,2,2
11148,2000,0,984,2,2
11149,2000,0,984,2,2
11150,2000,0,984,2,2
11151,2001,1,984,2,2
11152,2001,0,984,2,2
11153,2001,0,984,2,2
11154,2001,0,984,2,2
11155,2001,0,984,2,2
11156,2001,0,984,2,2
11157,2002,1,984,2,2
11158,2002,0,984,2,2
11159,2002,0,984,2,2
11160,2002,0,984,2,2
11161,2002,0,984,2,2
11162,2003,1,984,2,2
11163,2003,0,984,2,2
11164,2003,0,984,2,2
11165,2003,0,984,2,2
11166,2003,0,984,2,2
11167,2004,1,984,2,2
11168,2004,0,984,2,2
11169,2004,0,984,2,2
11170,2004,0,984,2,2
11171,2004,0,984,2,2
11172,2004,0,984,2,2
11173,2005,1,984,2,2
11174,2005,0,984,2,2
11175,2005,0,984,2,2
11176,2005,0,984,2,2
11177,2005,0,984,2,2
11178,2006,1,984,2,2
11179,2006,0,984,2,2
11180,2006,0,984,2,2
11181,2006,0,984,2,2
11182,2006,0,984,2,2
11183,2007,1,984,2,2
11184,2007,0,984,2,2
11185,2007,0,984,2,2
11186,2007,0,984,2,2
11187,2007,0,984,2,2
11188,2007,0,984,2,2
11189,2008,1,984,2,2
11190,2008,0,984,2,2
11191,2008,0,984,2,2
11192,2008,0,984,2,2
11193,2008,0,984,2,2
11194,2009,1,984,2,2
11195,2009,0,984,2,2
11196,2009,0,984,2,2
11197,2009,0,984,2,2
11198,2009,0,984,2,2
11199,2010,1,984,2,2
11200,2010,0,984,2,2
11201,2010,0,984,2,2
11202,2010,0,984,2,2
11203,2010,0,984,2,2
11204,2011,1,984,2,2
11205,2011,0,984,2,2
11206,2011,0,984,2,2
11207,2011,0,984,2,2
11208,2011,0,984,2,2
11209,2012,1,984,2,2
11210,2012,0,984,2,2
11211,2012,0,984,2,2
11212,2012,0,984,2,2
11213,2012,0,984,2,2
11214,2013,1,984,2,2
11215,2013,0,984,2,2
11216,2013,0,984,2,2
11217,2013,0,984,2,2
11218,2013,0,984,2,2
11219,2014,1,984,2,2
11220,2014,0,984,2,2
11221,2014,0,984,2,2
11222,2014,0,984,2,2
11223,2014,0,984,2,2
11224,2015,1,984,2,2
11225,2015,0,984,2,2
11226,2015,0,984,2,2
11227,2015,0,984,2,2
11228,2015,0,984,2,2
11229,2016,1,984,2,2
11230,2016,0,984,2,2
11231,2016,0,984,2,2
11232,2016,0,984,2,2
11233,2016,0,984,2,2
11234,2017,1,984,2,2
11235,2017,0,984,2,2
11236,2017,0,984,2,2
11237,2017,0,984,2,2
11238,2017,0,984,2,2
11239,2018,1,984,2,2
11240,2018,0,984,2,2
11241,2018,0,984,2,2
11242,2018,0,984,2,2
11243,2018,0,984,2,2
11244,2019,1,984,2,2
11245,2019,0,984,2,2
11246,2019,0,984,2,2
11247,2019,0,984,2,2
11248,2019,0,984,2,2
11249,2020,1,984,2,2
11250,2020,0,984,2,2
11251,2020,0,984,2,2
11252,2020,0,984,2,2
11253,2020,0,984,2,2
11254,2021,1,984,2,2
11255,2021,0,984,2,2
11256,2021,0,984,2,2
11257,2021,0,984,2,2
11258,2021,0,984,2,2
11259,2022,1,984,2,2
11260,2022,0,984,2,2
11261,2022,0,984,2,2
11262,2022,0,984,2,2
11263,2022,0,984,2,2
11264,2023,1,984,2,2
11265,2023,0,984,2,2
11266,2023,0,984,2,2
11267,2023,0,984,2,2
11268,2023,0,984,2,2
11269,2024,1,984,2,2
11270,2024,0,984,2,2
11271,2024,0,984,2,2
11272,2024,0,984,2,2
11273,2024,0,984,2,2
11274,2025,1,984,2,2
11275,2025,0,984,2,2
11276,2025,0,984,2,2
11277,2025,0,984,2,2
11278,2025,0,984,2,2
11279,2026,1,984,2,2
11280,2026,0,984,2,2
11281,2026,0,984,2,2
11282,2026,0,984,2,2
11283,2026,0,984,2,2
11284,2027,1,984,2,2
11285,2027,0,984,2,2
11286,2027,0,984,2,2
11287,2027,0,984,2,2
11288,2027,0,984,2,2
11289,2028,1,984,2,2
11290,2028,0,984,2,2
11291,2028,0,984,2,2
11292,2028,0,984,2,2
11293,2028,0,984,2,2
11294,2029,1,984,2,2
11295,2029,0,984,2,2
11296,2029,0,984,2,2
11297,2029,0,984,2,2
11298,2029,0,984,2,2
11299,2030,1,984,2,2
11300,2030,0,984,2,2
11301,2030,0,984,2,2
11302,2030,0,984,2,2
11303,2031,1,984,2,2
11304,2031,0,984,2,2
11305,2031,0,984,2,2
11306,2031,0,984,2,2
11307,2031,0,984,2,2
11308,2032,1,984,2,2
11309,2032,0,984,2,2
11310,2032,0,984,2,2
11311,2032,0,984,2,2
11312,2033,1,984,2,2
11313,2033,0,984,2,2
11314,2033,0,984,2,2
11315,2033,0,984,2,2
11316,2033,0,984,2,2
11317,2034,1,984,2,2
11318,2034,0,984,2,2
11319,2034,0,984,2,2
11320,2034,0,984,2,2
11321,2034,0,984,2,2
11322,2035,1,984,2,2
11323,2035,0,984,2,2
11324,2035,0,984,2,2
11325,2035,0,984,2,2
11326,2035,0,984,2,2
11327,2036,1,984,2,2
11328,2036,0,984,2,2
11329,2036,0,984,2,2
11330,2036,0,984,2,2
11331,2037,1,984,2,2
11332,2037,0,984,2,2
11333,2037,0,984,2,2
11334,2037,0,984,2,2
11335,2037,0,984,2,2
11336,2038,1,984,2,2
11337,2038,0,984,2,2
11338,2038,0,984,2,2
11339,2038,0,984,2,2
11340,2038,0,984,2,2
11341,2039,1,984,2,2
11342,2039,0,984,2,2
11343,2039,0,984,2,2
11344,2039,0,984,2,2
11345,2039,0,984,2,2
11346,2040,1,984,2,2
11347,2040,0,984,2,2
11348,2040,0,984,2,2
11349,2040,0,984,2,2
11350,2040,0,984,2,2
11351,2041,1,984,2,2
11352,2041,0,984,2,2
11353,2041,0,984,2,2
11354,2041,0,984,2,2
11355,2041,0,984,2,2
11356,2042,1,984,2,2
11357,2042,0,984,2,2
11358,2042,0,984,2,2
11359,2042,0,984,2,2
11360,2043,1,984,2,2
11361,2043,0,984,2,2
11362,2043,0,984,2,2
11363,2043,0,984,2,2
11364,2043,0,984,2,2
11365,2044,1,984,2,2
11366,2044,0,984,2,2
11367,2044,0,984,2,2
11368,2044,0,984,2,2
11369,2044,0,984,2,2
11370,2045,1,984,2,2
11371,2045,0,984,2,2
11372,2045,0,984,2,2
11373,2045,0,984,2,2
11374,2046,1,984,2,2
11375,2046,0,984,2,2
11376,2046,0,984,2,2
11377,2046,0,984,2,2
11378,2046,0,984,2,2
11379,2047,1,984,2,2
11380,2047,0,984,2,2
11381,2047,0,984,2,2
11382,2047,0,984,2,2
11383,2048,1,984,2,2
11384,2048,0,984,2,2
11385,2048,0,984,2,2
11386,2048,0,984,2,2
11387,2048,0,984,2,2
11388,2049,1,984,2,2
11389,2049,0,984,2,2
11390,2049,0,984,2,2
11391,2049,0,984,2,2
11392,2050,1,984,2,2
11393,2050,0,984,2,2
11394,2050,0,984,2,2
11395,2050,0,984,2,2
11396,2050,0,984,2,2
11397,2051,1,984,2,2
11398,2051,0,984,2,2
11399,2051,0,984,2,2
11400,2051,0,984,2,2
11401,2052,1,984,2,2
11402,2052,0,984,2,2
11403,2052,0,984,2,2
11404,2052,0,984,2,2
11405,2052,0,984,2,2
11406,2053,1,984,2,2
11407,2053,0,984,2,2
11408,2053,0,984,2,2
11409,2053,0,984,2,2
11410,2054,1,984,2,2
11411,2054,0,984,2,2
11412,2054,0,984,2,2
11413,2054,0,984,2,2
11414,2054,0,984,2,2
11415,2055,1,984,2,2
11416,2055,0,984,2,2
11417,2055,0,984,2,2
11418,2055,0,984,2,2
11419,2056,1,984,2,2
11420,2056,0,984,2,2
11421,2056,0,984,2,2
11422,2056,0,984,2,2
11423,2057,1,984,2,2
11424,2057,0,984,2,2
11425,2057,0,984,2,2
11426,2057,0,984,2,2
11427,2057,0,984,2,2
11428,2058,1,984,2,2
11429,2058,0,984,2,2
11430,2058,0,984,2,2
11431,2058,0,984,2,2
11432,2059,1,984,2,2
11433,2059,0,984,2,2
11434,2059,0,984,2,2
11435,2059,0,984,2,2
11436,2059,0,984,2,2
11437,2060,1,984,2,2
11438,2060,0,984,2,2
11439,2060,0,984,2,2
11440,2060,0,984,2,2
11441,2061,1,984,2,2
11442,2061,0,984,2,2
11443,2061,0,984,2,2
11444,2061,0,984,2,2
11445,2061,0,984,2,2
11446,2062,1,984,2,2
11447,2062,0,984,2,2
11448,2062,0,984,2,2
11449,2062,0,984,2,2
11450,2063,1,984,2,2
11451,2063,0,984,2,2
11452,2063,0,984,2,2
11453,2063,0,984,2,2
11454,2063,0,984,2,2
11455,2064,1,984,2,2
11456,2064,0,984,2,2
11457,2064,0,984,2,2
11458,2064,0,984,2,2
11459,2064,0,984,2,2
11460,2065,1,984,2,2
11461,2065,0,984,2,2
11462,2065,0,984,2,2
11463,2065,0,984,2,2
11464,2066,1,984,2,2
11465,2066,0,984,2,2
11466,2066,0,984,2,2
11467,2066,0,984,2,2
11468,2066,0,984,2,2
11469,2067,1,984,2,2
11470,2067,0,984,2,2
11471,2067,0,984,2,2
11472,2067,0,984,2,2
11473,2068,1,984,2,2
11474,2068,0,984,2,2
11475,2068,0,984,2,2
11476,2068,0,984,2,2
11477,2068,0,984,2,2
11478,2069,1,984,2,2
11479,2069,0,984,2,2
11480,2069,0,984,2,2
11481,2069,0,984,2,2
11482,2070,1,984,2,2
11483,2070,0,984,2,2
11484,2070,0,984,2,2
11485,2070,0,984,2,2
11486,2071,1,984,2,2
11487,2071,0,984,2,2
11488,2071,0,984,2,2
11489,2071,0,984,2,2
11490,2071,0,984,2,2
11491,2072,1,984,2,2
11492,2072,0,984,2,2
11493,2072,0,984,2,2
11494,2072,0,984,2,2
11495,2072,0,984,2,2
11496,2073,1,984,2,2
11497,2073,0,984,2,2
11498,2073,0,984,2,2
11499,2073,0,984,2,2
11500,2074,1,984,2,2
11501,2074,0,984,2,2
11502,2074,0,984,2,2
11503,2074,0,984,2,2
11504,2075,1,984,2,2
11505,2075,0,984,2,2
11506,2075,0,984,2,2
11507,2075,0,984,2,2
11508,2075,0,984,2,2
11509,2076,1,984,2,2
11510,2076,0,984,2,2
11511,2076,0,984,2,2
11512,2076,0,984,2,2
11513,2077,1,984,2,2
11514,2077,0,984,2,2
11515,2077,0,984,2,2
11516,2077,0,984,2,2
11517,2077,0,984,2,2
11518,2078,1,984,2,2
11519,2078,0,984,2,2
11520,2078,0,984,2,2
11521,2078,0,984,2,2
11522,2079,1,984,2,2
11523,2079,0,984,2,2
11524,2079,0,984,2,2
11525,2079,0,984,2,2
11526,2080,1,984,2,2
11527,2080,0,984,2,2
11528,2080,0,984,2,2
11529,2080,0,984,2,2
11530,2081,1,984,2,2
11531,2081,0,984,2,2
11532,2081,0,984,2,2
11533,2081,0,984,2,2
11534,2081,0,984,2,2
11535,2082,1,984,2,2
11536,2082,0,984,2,2
11537,2082,0,984,2,2
11538,2082,0,984,2,2
11539,2083,1,984,2,2
11540,2083,0,984,2,2
11541,2083,0,984,2,2
11542,2083,0,984,2,2
11543,2084,1,984,2,2
11544,2084,0,984,2,2
11545,2084,0,984,2,2
11546,2084,0,984,2,2
11547,2084,0,984,2,2
11548,2085,1,984,2,2
11549,2085,0,984,2,2
11550,2085,0,984,2,2
11551,2085,0,984,2,2
11552,2086,1,984,2,2
11553,2086,0,984,2,2
11554,2086,0,984,2,2
11555,2086,0,984,2,2
11556,2087,1,984,2,2
11557,2087,0,984,2,2
11558,2087,0,984,2,2
11559,2087,0,984,2,2
11560,2088,1,984,2,2
11561,2088,0,984,2,2
11562,2088,0,984,2,2
11563,2088,0,984,2,2
11564,2089,1,984,2,2
11565,2089,0,984,2,2
11566,2089,0,984,2,2
11567,2089,0,984,2,2
11568,2089,0,984,2,2
11569,2090,1,984,2,2
11570,2090,0,984,2,2
11571,2090,0,984,2,2
11572,2090,0,984,2,2
11573,2091,1,984,2,2
11574,2091,0,984,2,2
11575,2091,0,984,2,2
11576,2091,0,984,2,2
11577,2091,0,984,2,2
11578,2092,1,984,2,2
11579,2092,0,984,2,2
11580,2092,0,984,2,2
11581,2092,0,984,2,2
11582,2093,1,984,2,2
11583,2093,0,984,2,2
11584,2093,0,984,2,2
11585,2093,0,984,2,2
11586,2094,1,984,2,2
11587,2094,0,984,2,2
11588,2094,0,984,2,2
11589,2094,0,984,2,2
11590,2094,0,984,2,2
11591,2095,1,984,2,2
11592,2095,0,984,2,2
11593,2095,0,984,2,2
11594,2095,0,984,2,2
11595,2095,0,984,2,2
11596,2096,1,984,2,2
11597,2096,0,984,2,2
11598,2096,0,984,2,2
11599,2097,1,984,2,2
11600,2097,0,984,2,2
11601,2097,0,984,2,2
11602,2097,0,984,2,2
11603,2097,0,984,2,2
11604,2098,1,984,2,2
11605,2098,0,984,2,2
11606,2098,0,984,2,2
11607,2098,0,984,2,2
11608,2099,1,984,2,2
11609,2099,0,984,2,2
11610,2099,0,984,2,2
11611,2099,0,984,2,2
11612,2099,0,984,2,2
11613,2100,1,984,2,2
11614,2100,0,984,2,2
11615,2101,1,984,2,2
11616,2101,0,984,2,2
11617,2102,1,984,2,2
11618,2103,1,984,2,2
11619,2104,1,984,2,2
11620,2105,1,984,2,2
11621,2106,1,984,2,2
11622,2107,1,984,2,2
11623,2108,1,984,2,2
11624,2109,1,984,2,2
11625,2110,1,984,2,2
11626,2111,1,984,2,2
11627,2112,1,984,2,2
11628,2113,1,984,2,2
11629,2114,1,984,2,2
11630,2115,1,984,2,2
11631,2116,1,984,2,2
11632,2117,1,984,2,2
11633,2118,1,984,2,2
11634,2119,1,984,2,2
11635,2120,1,984,2,2
11636,2121,1,984,2,2
11637,2122,1,984,2,2
11638,2123,1,984,2,2
11639,2124,1,984,2,2
11640,2125,1,984,2,2
11641,2126,1,984,2,2
11642,2127,1,984,2,2
11643,2128,1,984,2,2
11644,2129,1,984,2,2
11645,2130,1,984,2,2
11646,2131,1,984,2,2
11647,2132,1,984,2,2
11648,2133,1,984,2,2
11649,2134,1,984,2,2
11650,2135,1,984,2,2
11651,2136,1,984,2,2
11652,2137,1,984,2,2
11653,2138,1,984,2,2
11654,2139,1,984,2,2
11655,2140,1,984,2,2
11656,2141,1,984,2,2
11657,2142,1,984,2,2
11658,2143,1,984,2,2
11659,2144,1,984,2,2
11660,2145,1,984,2,2
11661,2146,1,984,2,2
11662,2147,1,984,2,2
11663,2148,1,984,2,2
11664,2149,1,984,2,2
11665,2150,1,984,2,2
11666,2151,1,984,2,2
11667,2152,1,984,2,2
11668,2153,1,984,2,2
11669,2154,1,984,2,2
11670,2155,1,984,2,2
11671,2156,1,984,2,2
11672,2157,1,984,2,2
11673,2158,1,984,2,2
11674,2159,1,984,2,2
11675,2160,1,984,2,2
11676,2161,1,984,2,2
11677,2162,1,984,2,2
11678,2163,1,984,2,2
11679,2164,1,984,2,2
11680,2165,1,984,2,2
11681,2166,1,984,2,2
11682,2167,1,984,2,2
11683,2168,1,984,2,2
11684,2169,1,984,2,2
11685,2170,1,984,2,2
11686,2171,1,984,2,2
11687,2172,1,984,2,2
11688,2173,1,984,2,2
11689,2174,1,984,2,2
11690,2175,1,984,2,2
11691,2176,1,984,2,2
11692,2177,1,984,2,2
11693,2178,1,984,2,2
11694,2179,1,984,2,2
11695,2180,1,984,2,2
11696,2181,1,984,2,2
11697,2182,1,984,2,2
11698,2183,1,984,2,2
11699,2184,1,984,2,2
11700,2185,1,984,2,2
11701,2186,1,984,2,2
11702,2187,1,984,2,2
11703,2188,1,984,2,2
11704,2189,1,984,2,2
11705,2190,1,984,2,2
11706,2191,1,984,2,2
11707,2192,1,984,2,2
11708,2193,1,984,2,2
11709,2194,1,984,2,2
11710,2195,1,984,2,2
11711,2196,1,984,2,2
11712,2197,1,984,2,2
11713,2198,1,984,2,2
11714,2199,1,984,2,2
11715,2200,1,984,2,2
11716,2201,1,984,2,2
11717,2202,1,984,2,2
11718,2203,1,984,2,2
11719,2204,1,984,2,2
11720,2205,1,984,2,2
11721,2206,1,984,2,2
11722,2207,1,984,2,2
11723,2208,1,984,2,2
11724,2209,1,984,2,2
11725,2210,1,984,2,2
11726,2211,1,984,2,2
11727,2212,1,984,2,2
11728,2213,1,984,2,2
11729,2214,1,984,2,2
11730,2215,1,984,2,2
11731,2216,1,984,2,2
11732,2217,1,984,2,2
11733,2218,1,984,2,2
11734,2219,1,984,2,2
11735,2220,1,984,2,2
11736,2221,1,984,2,2
11737,2222,1,984,2,2
11738,2223,1,984,2,2
11739,2224,1,984,2,2
11740,2225,1,984,2,2
11741,2226,1,984,2,2
11742,2227,1,984,2,2
11743,2228,1,984,2,2
11744,2229,1,984,2,2
11745,2230,1,984,2,2
11746,2231,1,984,2,2
11747,2232,1,984,2,2
11748,2233,1,984,2,2
11749,2234,1,984,2,2
11750,2235,1,984,2,2
11751,2236,1,984,2,2
11752,2237,1,984,2,2
11753,2238,1,984,2,2
11754,2239,1,984,2,2
11755,2240,1,984,2,2
11756,2241,1,984,2,2
11757,2242,1,984,2,2
11758,2243,1,984,2,2
11759,2244,1,984,2,2
11760,2245,1,984,2,2
11761,2246,1,984,2,2
11762,2247,1,984,2,2
11763,2248,1,984,2,2
11764,2249,1,984,2,2
11765,2250,1,984,2,2
11766,2251,1,984,2,2
11767,2252,1,984,2,2
11768,2253,1,984,2,2
11769,2254,1,984,2,2
11770,2255,1,984,2,2
11771,2256,1,984,2,2
11772,2257,1,984,2,2
11773,2258,1,984,2,2
11774,2259,1,984,2,2
11775,2260,1,984,2,2
11776,2261,1,984,2,2
11777,2262,1,984,2,2
11778,2263,1,984,2,2
11779,2264,1,984,2,2
11780,2265,1,984,2,2
11781,2266,1,984,2,2
11782,2267,1,984,2,2
11783,2268,1,984,2,2
11784,2269,1,984,2,2
11785,2270,1,984,2,2
11786,2271,1,984,2,2
11787,2272,1,984,2,2
11788,2273,1,984,2,2
11789,2274,1,984,2,2
11790,2275,1,984,2,2
11791,2276,1,984,2,2
11792,2277,1,984,2,2
11793,2278,1,984,2,2
11794,2279,1,984,2,2
11795,2280,1,984,2,2
11796,2281,1,984,2,2
11797,2282,1,984,2,2
11798,2283,1,984,2,2
11799,2284,1,984,2,2
11800,2285,1,984,2,2
11801,2286,1,984,2,2
11802,2287,1,984,2,2
11803,2288,1,984,2,2
11804,2289,1,984,2,2
11805,2290,1,984,2,2
11806,2291,1,984,2,2
11807,2292,1,984,2,2
11808,2293,1,984,2,2
11809,2294,1,984,2,2
11810,2295,1,984,2,2
11811,2296,1,984,2,2
11812,2297,1,984,2,2
11813,2298,1,984,2,2
11814,2299,1,984,2,2
11815,2300,1,984,2,2
11816,2301,1,984,2,2
11817,2302,1,984,2,2
11818,2303,1,984,2,2
11819,2304,1,984,2,2
11820,2305,1,984,2,2
11821,2306,1,984,2,2
11822,2307,1,984,2,2
11823,2308,1,984,2,2
11824,2309,1,984,2,2
11825,2310,1,984,2,2
11826,2311,1,984,2,2
11827,2312,1,984,2,2
11828,2313,1,984,2,2
11829,2314,1,984,2,2
11830,2315,1,984,2,2
11831,2316,1,984,2,2
11832,2317,1,984,2,2
11833,2318,1,984,2,2
11834,2319,1,984,2,2
11835,2320,1,984,2,2
11836,2321,1,984,2,2
11837,2322,1,984,2,2
11838,2323,1,984,2,2
11839,2324,1,984,2,2
11840,2325,1,984,2,2
11841,2326,1,984,2,2
11842,2327,1,984,2,2
11843,2328,1,984,2,2
11844,2329,1,984,2,2
11845,2330,1,984,2,2
11846,2331,1,984,2,2
11847,2332,1,984,2,2
11848,2333,1,984,2,2
11849,2334,1,984,2,2
11850,2335,1,984,2,2
11851,2336,1,984,2,2
11852,2337,1,984,2,2
11853,2338,1,984,2,2
11854,2339,1,984,2,2
11855,2340,1,984,2,2
11856,2341,1,984,2,2
11857,2342,1,984,2,2
11858,2343,1,984,2,2
11859,2344,1,984,2,2
11860,2345,1,984,2,2
11861,2346,1,984,2,2
11862,2347,1,984,2,2
11863,2348,1,984,2,2
11864,2349,1,984,2,2
11865,2350,1,984,2,2
11866,2351,1,984,2,2
11867,2352,1,984,2,2
11868,2353,1,984,2,2
11869,2354,1,984,2,2
11870,2355,1,984,2,2
11871,2356,1,984,2,2
11872,2357,1,984,2,2
11873,2358,1,984,2,2
11874,2359,1,984,2,2
11875,2360,1,984,2,2
11876,2361,1,984,2,2
11877,2362,1,984,2,2
11878,2363,1,984,2,2
11879,2364,1,984,2,2
11880,2365,1,984,2,2
11881,2366,1,984,2,2
11882,2367,1,984,2,2
11883,2368,1,984,2,2
11884,2369,1,984,2,2
11885,2370,1,984,2,2
11886,2371,1,984,2,2
11887,2372,1,984,2,2
11888,2373,1,984,2,2
11889,2374,1,984,2,2
11890,2375,1,984,2,2
11891,2376,1,984,2,2
11892,2377,1,984,2,2
11893,2378,1,984,2,2
11894,2379,1,984,2,2
11895,2380,1,984,2,2
11896,2381,1,984,2,2
11897,2382,1,984,2,2
11898,2383,1,984,2,2
11899,2384,1,984,2,2
11900,2385,1,984,2,2
11901,2386,1,984,2,2
11902,2387,1,984,2,2
11903,2388,1,984,2,2
11904,2389,1,984,2,2
11905,2390,1,984,2,2
11906,2391,1,984,2,2
11907,2392,1,984,2,2
11908,2393,1,984,2,2
11909,2394,1,984,2,2
11910,2395,1,984,2,2
11911,2396,1,984,2,2
11912,2397,1,984,2,2
11913,2398,1,984,2,2
11914,2399,1,984,2,2
11915,2400,1,984,2,2
11916,2401,1,984,2,2
11917,2402,1,984,2,2
11918,2403,1,984,2,2
11919,2404,1,984,2,2
11920,2405,1,984,2,2
11921,2406,1,984,2,2
11922,2407,1,984,2,2
11923,2408,1,984,2,2
11924,2409,1,984,2,2
11925,2410,1,984,2,2
11926,2411,1,984,2,2
11927,2412,1,984,2,2
11928,2413,1,984,2,2
11929,2414,1,984,2,2
11930,2415,1,984,2,2
11931,2416,1,984,2,2
11932,2417,1,984,2,2
11933,2418,1,984,2,2
11934,2419,1,984,2,2
11935,2420,1,984,2,2
11936,2421,1,984,2,2
11937,2422,1,984,2,2
11938,2423,1,984,2,2
11939,2424,1,984,2,2
11940,2425,1,984,2,2
11941,2426,1,984,2,2
11942,2427,1,984,2,2
11943,2428,1,984,2,2
11944,2429,1,984,2,2
11945,2430,1,984,2,2
11946,2431,1,984,2,2
11947,2432,1,984,2,2
11948,2433,1,984,2,2
11949,2434,1,984,2,2
11950,2435,1,984,2,2
11951,2436,1,984,2,2
11952,2437,1,984,2,2
11953,2438,1,984,2,2
11954,2439,1,984,2,2
11955,2440,1,984,2,2
11956,2441,1,984,2,2
11957,2442,1,984,2,2
11958,2443,1,984,2,2
11959,2444,1,984,2,2
11960,2445,1,984,2,2
11961,2446,1,984,2,2
11962,2447,1,984,2,2
11963,2448,1,984,2,2
11964,2449,1,984,2,2
11965,2450,1,984,2,2
11966,2451,1,984,2,2
11967,2452,1,984,2,2
11968,2453,1,984,2,2
11969,2454,1,984,2,2
11970,2455,1,984,2,2
11971,2456,1,984,2,2
11972,2457,1,984,2,2
11973,2458,1,984,2,2
11974,2459,1,984,2,2
11975,2460,1,984,2,2
11976,2461,1,984,2,2
11977,2462,1,984,2,2
11978,2463,1,984,2,2
11979,2464,1,984,2,2
11980,2465,1,984,2,2
11981,2466,1,984,2,2
11982,2467,1,984,2,2
11983,2468,1,984,2,2
11984,2469,1,984,2,2
11985,2470,1,984,2,2
11986,2471,1,984,2,2
11987,2472,1,984,2,2
11988,2473,1,984,2,2
11989,2474,1,984,2,2
11990,2475,1,984,2,2
11991,2476,1,984,2,2
11992,2477,1,984,2,2
11993,2478,1,984,2,2
11994,2479,1,984,2,2
11995,2480,1,984,2,2
11996,2481,1,984,2,2
11997,2482,1,984,2,2
11998,2483,1,984,2,2
11999,2484,1,984,2,2
12000,2485,1,984,2,2
12001,2486,1,984,2,2
12002,2487,1,984,2,2
12003,2488,1,984,2,2
12004,2489,1,984,2,2
12005,2490,1,984,2,2
12006,2491,1,984,2,2
12007,2492,1,984,2,2
12008,2493,1,984,2,2
12009,2494,1,984,2,2
12010,2495,1,984,2,2
12011,2496,1,984,2,2
12012,2497,1,984,2,2
12013,2498,1,984,2,2
12014,2499,1,984,2,2
12015,2500,1,984,2,2
12016,2501,1,984,2,2
12017,2502,1,984,2,2
12018,2503,1,984,2,2
12019,2504,1,984,2,2
12020,2505,1,984,2,2
12021,2506,1,984,2,2
12022,2507,1,984,2,2
12023,2508,1,984,2,2
12024,2509,1,984,2,2
12025,2510,1,984,2,2
12026,2511,1,984,2,2
12027,2512,1,984,2,2
12028,2513,1,984,2,2
12029,2514,1,984,2,2
12030,2515,1,984,2,2
12031,2516,1,984,2,2
12032,2517,1,984,2,2
12033,2518,1,984,2,2
12034,2519,1,984,2,2
12035,2520,1,984,2,2
12036,2521,1,984,2,2
12037,2522,1,984,2,2
12038,2523,1,984,2,2
12039,2524,1,984,2,2
12040,2525,1,984,2,2
12041,2526,1,984,2,2
12042,2527,1,984,2,2
12043,2528,1,984,2,2
12044,2529,1,984,2,2
12045,2530,1,984,2,2
12046,2531,1,984,2,2
12047,2532,1,984,2,2
12048,2533,1,984,2,2
12049,2534,1,984,2,2
12050,2535,1,984,2,2
12051,2536,1,984,2,2
12052,2537,1,984,2,2
12053,2538,1,984,2,2
12054,2539,1,984,2,2
12055,2540,1,984,2,2
12056,2541,1,984,2,2
12057,2542,1,984,2,2
12058,2543,1,984,2,2
12059,2544,1,984,2,2
12060,2545,1,984,2,2
12061,2546,1,984,2,2
12062,2547,1,984,2,2
12063,2548,1,984,2,2
12064,2549,1,984,2,2
12065,2550,1,984,2,2
12066,2551,1,984,2,2
12067,2552,1,984,2,2
12068,2553,1,984,2,2
12069,2554,1,984,2,2
12070,2555,1,984,2,2
12071,2556,1,984,2,2
12072,2557,1,984,2,2
12073,2558,1,984,2,2
12074,2559,1,984,2,2
12075,2560,1,984,2,2
12076,2561,1,984,2,2
12077,2562,1,984,2,2
12078,2563,1,984,2,2
12079,2564,1,984,2,2
12080,2565,1,984,2,2
12081,2566,1,984,2,2
12082,2567,1,984,2,2
12083,2568,1,984,2,2
12084,2569,1,984,2,2
12085,2570,1,984,2,2
12086,2571,1,984,2,2
12087,2572,1,984,2,2
12088,2573,1,984,2,2
12089,2574,1,984,2,2
12090,2575,1,984,2,2
12091,2576,1,984,2,2
12092,2577,1,984,2,2
12093,2578,1,984,2,2
12094,2579,1,984,2,2
12095,2580,1,984,2,2
12096,2581,1,984,2,2
12097,2582,1,984,2,2
12098,2583,1,984,2,2
12099,2584,1,984,2,2
12100,2585,1,984,2,2
12101,2586,1,984,2,2
12102,2587,1,984,2,2
12103,2588,1,984,2,2
12104,2589,1,984,2,2
12105,2590,1,984,2,2
12106,2591,1,984,2,2
12107,2592,1,984,2,2
12108,2593,1,984,2,2
12109,2594,1,984,2,2
12110,2595,1,984,2,2
12111,2596,1,984,2,2
12112,2597,1,984,2,2
12113,2598,1,984,2,2
12114,2599,1,984,2,2
12115,2600,1,984,2,2
12116,2601,1,984,2,2
12117,2602,1,984,2,2
12118,2603,1,984,2,2
12119,2604,1,984,2,2
12120,2605,1,984,2,2
12121,2606,1,984,2,2
12122,2607,1,984,2,2
12123,2608,1,984,2,2
12124,2609,1,984,2,2
12125,2610,1,984,2,2
12126,2611,1,984,2,2
12127,2612,1,984,2,2
12128,2613,1,984,2,2
12129,2614,1,984,2,2
12130,2615,1,984,2,2
12131,2616,1,984,2,2
12132,2617,1,984,2,2
12133,2618,1,984,2,2
12134,2619,1,984,2,2
12135,2620,1,984,2,2
12136,2621,1,984,2,2
12137,2622,1,984,2,2
12138,2623,1,984,2,2
12139,2624,1,984,2,2
12140,2625,1,984,2,2
12141,2626,1,984,2,2
12142,2627,1,984,2,2
12143,2628,1,984,2,2
12144,2629,1,984,2,2
12145,2630,1,984,2,2
12146,2631,1,984,2,2
12147,2632,1,984,2,2
12148,2633,1,984,2,2
12149,2634,1,984,2,2
12150,2635,1,984,2,2
12151,2636,1,984,2,2
12152,2637,1,984,2,2
12153,2638,1,984,2,2
12154,2639,1,984,2,2
12155,2639,0,984,2,2
12156,2639,0,984,2,2
12157,2639,0,984,2,2
12158,2639,0,984,2,2
12159,2639,0,984,2,2
12160,2639,0,984,2,2
12161,2639,0,984,2,2
12162,2639,0,984,2,2
12163,2639,0,984,2,2
12164,2639,0,984,2,2
12165,2639,0,984,2,2
12166,2639,0,984,2,2
12167,2639,0,984,2,2
12168,2639,0,984,2,2
12169,2639,0,984,2,2
12170,2639,0,984,2,2
12171,2639,0,984,2,2
12172,2639,0,984,2,2
12173,2639,0,984,2,2
12174,2639,0,984,2,2
12175,2639,0,984,2,2
12176,2639,0,984,2,2
12177,2639,0,984,2,2
12178,2639,0,984,2,2
12179,2639,0,984,2,2
12180,2639,0,984,2,2
12181,2639,0,984,2,2
12182,2639,0,984,2,2
12183,2639,0,984,2,2
12184,2639,0,984,2,2
12185,2639,0,984,2,2
12186,2639,0,984,2,2
12187,2639,0,984,2,2
12188,2639,0,984,2,2
12189,2639,0,984,2,2
12190,2639,0,984,2,2
12191,2639,0,984,2,2
12192,2639,0,984,2,2
12193,2639,0,984,2,2
12194,2639,0,984,2,2
12195,2639,0,984,2,2
12196,2639,0,984,2,2
12197,2639,0,984,2,2
12198,2639,0,984,2,2
12199,2639,0,984,2,2
12200,2639,0,984,2,2
12201,2639,0,984,2,2
12202,2639,0,984,2,2
12203,2639,0,984,2,2
12204,2639,0,984,2,2
12205,2639,0,984,2,2
12206,2639,0,984,2,2
12207,2639,0,984,2,2
12208,2639,0,984,2,2
12209,2639,0,984,2,2
12210,2639,0,984,2,2
12211,2639,0,984,2,2
12212,2639,0,984,2,2
12213,2639,0,984,2,2
12214,2639,0,984,2,2
12215,2639,0,984,2,2
12216,2639,0,984,2,2
12217,2639,0,984,2,2
12218,2639,0,984,2,2
12219,2639,0,984,2,2
12220,2639,0,984,2,2
12221,2639,0,984,2,2
12222,2639,0,984,2,2
12223,2639,0,984,2,2
12224,2639,0,984,2,2
12225,2639,0,984,2,2
12226,2639,0,984,2,2
12227,2639,0,984,2,2
12228,2639,0,984,2,2
12229,2639,0,984,2,2
12230,2639,0,984,2,2
12231,2639,0,984,2,2
12232,2639,0,984,2,2
12233,2639,0,984,2,2
12234,2639,0,984,2,2
12235,2639,0,984,2,2
12236,2639,0,984,2,2
12237,2639,0,984,2,2
12238,2639,0,984,2,2
12239,2639,0,984,2,2
12240,2639,0,984,2,2
12241,2639,0,984,2,2
12242,2639,0,984,2,2
12243,2639,0,984,2,2
12244,2639,0,984,2,2
12245,2639,0,984,2,2
12246,2639,0,984,2,2
12247,2639,0,984,2,2
12248,2639,0,984,2,2
12249,2639,0,984,2,2
12250,2639,0,984,2,2
12251,2639,0,984,2,2
12252,2639,0,984,2,2
12253,2639,0,984,2,2
12254,2639,0,984,2,2
12255,2639,0,984,2,2
12256,2639,0,984,2,2
12257,2639,0,984,2,2
12258,2639,0,984,2,2
12259,2639,0,984,2,2
12260,2639,0,984,2,2
12261,2639,0,984,2,2
12262,2639,0,984,2,2
12263,2639,0,984,2,2
12264,2639,0,984,2,2
12265,2639,0,984,2,2
12266,2639,0,984,2,2
12267,2639,0,984,2,2
12268,2639,0,984,2,2
12269,2639,0,984,2,2
12270,2639,0,984,2,2
12271,2639,0,984,2,2
12272,2639,0,984,2,2
12273,2639,0,984,2,2
12274,2639,0,984,2,2
12275,2639,0,984,2,2
12276,2639,0,984,2,2
12277,2639,0,984,2,2
12278,2639,0,984,2,2
12279,2639,0,984,2,2
12280,2639,0,984,2,2
12281,2639,0,984,2,2
12282,2639,0,984,2,2
12283,2639,0,984,2,2
12284,2639,0,984,2,2
12285,2639,0,984,2,2
12286,2639,0,984,2,2
12287,2639,0,984,2,2
12288,2639,0,984,2,2
12289,2639,0,984,2,2
12290,2639,0,984,2,2
12291,2639,0,984,2,2
12292,2639,0,984,2,2
12293,2639,0,984,2,2
12294,2639,0,984,2,2
12295,2639,0,984,2,2
12296,2639,0,984,2,2
12297,2639,0,984,2,2
12298,2639,0,984,2,2
12299,2639,0,984,2,2
12300,2639,0,984,2,2
12301,2639,0,984,2,2
12302,2639,0,984,2,2
12303,2639,0,984,2,2
12304,2639,0,984,2,2
12305,2639,0,984,2,2
12306,2639,0,984,2,2
12307,2639,0,984,2,2
12308,2639,0,984,2,2
12309,2639,0,984,2,2
12310,2639,0,984,2,2
12311,2639,0,984,2,2
12312,2639,0,984,2,2
12313,2639,0,984,2,2
12314,2639,0,984,2,2
12315,2639,0,984,2,2
12316,2639,0,984,2,2
12317,2639,0,984,2,2
12318,2639,0,984,2,2
12319,2639,0,984,2,2
12320,2639,0,984,2,2
12321,2639,0,984,2,2
12322,2639,0,984,2,2
12323,2639,0,984,2,2
12324,2639,0,984,2,2
12325,2639,0,984,2,2
12326,2639,0,984,2,2
12327,2639,0,984,2,2
12328,2639,0,984,2,2
12329,2639,0,984,2,2
12330,2639,0,984,2,2
12331,2639,0,984,2,2
12332,2639,0,984,2,2
12333,2639,0,984,2,2
12334,2639,0,984,2,2
12335,2639,0,984,2,2
12336,2639,0,984,2,2
12337,2639,0,984,2,2
12338,2639,0,984,2,2
12339,2639,0,984,2,2
12340,2639,0,984,2,2
12341,2639,0,984,2,2
12342,2639,0,984,2,2
12343,2639,0,984,2,2
12344,2639,0,984,2,2
12345,2639,0,984,2,2
12346,2639,0,984,2,2
12347,2639,0,984,2,2
12348,2639,0,984,2,2
12349,2639,0,984,2,2
12350,2639,0,984,2,2
12351,2639,0,984,2,2
12352,2639,0,984,2,2
12353,2639,0,984,2,2
12354,2639,0,984,2,2
12355,2639,0,984,2,2
12356,2639,0,984,2,2
12357,2639,0,984,2,2
12358,2639,0,984,2,2
12359,2639,0,984,2,2
12360,2639,0,984,2,2
12361,2639,0,984,2,2
12362,2639,0,984,2,2
12363,2639,0,984,2,2
12364,2639,0,984,2,2
12365,2639,0,984,2,2
12366,2639,0,984,2,2
12367,2639,0,984,2,2
12368,2639,0,984,2,2
12369,2639,0,984,2,2
12370,2639,0,984,2,2
12371,2639,0,984,2,2
12372,2639,0,984,2,2
12373,2639,0,984,2,2
12374,2639,0,984,2,2
12375,2639,0,984,2,2
12376,2639,0,984,2,2
12377,2639,0,984,2,2
12378,2639,0,984,2,2
12379,2639,0,984,2,2
12380,2639,0,984,2,2
12381,2639,0,984,2,2
12382,2639,0,984,2,2
12383,2639,0,984,2,2
12384,2639,0,984,2,2
12385,2639,0,984,2,2
12386,2639,0,984,2,2
12387,2639,0,984,2,2
12388,2639,0,984,2,2
12389,2639,0,984,2,2
12390,2639,0,984,2,2
12391,2639,0,984,2,2
12392,2639,0,984,2,2
12393,2639,0,984,2,2
12394,2639,0,984,2,2
12395,2639,0,984,2,2
12396,2639,0,984,2,2
12397,2639,0,984,2,2
12398,2639,0,984,2,2
12399,2639,0,984,2,2
12400,2639,0,984,2,2
12401,2639,0,984,2,2
12402,2639,0,984,2,2
12403,2639,0,984,2,2
12404,2639,0,984,2,2
12405,2639,0,984,2,2
12406,2639,0,984,2,2
12407,2639,0,984,2,2
12408,2639,0,984,2,2
12409,2639,0,984,2,2
12410,2639,0,984,2,2
12411,2639,0,984,2,2
12412,2639,0,984,2,2
12413,2639,0,984,2,2
12414,2639,0,984,2,2
12415,2639,0,984,2,2
12416,2639,0,984,2,2
12417,2639,0,984,2,2
12418,2639,0,984,2,2
12419,2639,0,984,2,2
12420,2639,0,984,2,2
12421,2639,0,984,2,2
12422,2639,0,984,2,2
12423,2639,0,984,2,2
12424,2639,0,984,2,2
12425,2639,0,984,2,2
12426,2639,0,984,2,2
12427,2639,0,984,2,2
12428,2639,0,984,2,2
12429,2639,0,984,2,2
12430,2639,0,984,2,2
12431,2639,0,984,2,2
12432,2639,0,984,2,2
12433,2639,0,984,2,2
12434,2639,0,984,2,2
12435,2639,0,984,2,2
12436,2639,0,984,2,2
12437,2639,0,984,2,2
12438,2639,0,984,2,2
12439,2639,0,984,2,2
12440,2639,0,984,2,2
12441,2639,0,984,2,2
12442,2639,0,984,2,2
12443,2639,0,984,2,2
12444,2639,0,984,2,2
12445,2639,0,984,2,2
12446,2639,0,984,2,2
12447,2639,0,984,2,2
12448,2639,0,984,2,2
12449,2639,0,984,2,2
12450,2639,0,984,2,2
12451,2639,0,984,2,2
12452,2639,0,984,2,2
12453,2639,0,984,2,2
12454,2639,0,984,2,2
12455,2639,0,984,2,2
12456,2639,0,984,2,2
12457,2639,0,984,2,2
12458,2639,0,984,2,2
12459,2639,0,984,2,2
12460,2639,0,984,2,2
12461,2639,0,984,2,2
12462,2639,0,984,2,2
12463,2639,0,984,2,2
12464,2639,0,984,2,2
12465,2639,0,984,2,2
12466,2639,0,984,2,2
12467,2639,0,984,2,2
12468,2639,0,984,2,2
12469,2639,0,984,2,2
12470,2639,0,984,2,2
12471,2639,0,984,2,2
12472,2639,0,984,2,2
12473,2639,0,984,2,2
12474,2639,0,984,2,2
12475,2639,0,984,2,2
12476,2639,0,984,2,2
12477,2639,0,984,2,2
12478,2639,0,984,2,2
12479,2639,0,984,2,2
12480,2639,0,984,2,2
12481,2639,0,984,2,2
12482,2639,0,984,2,2
12483,2639,0,984,2,2
12484,2639,0,984,2,2
12485,2639,0,984,2,2
12486,2639,0,984,2,2
12487,2639,0,984,2,2
12488,2639,0,984,2,2
12489,2639,0,984,2,2
12490,2639,0,984,2,2
12491,2639,0,984,2,2
12492,2639,0,984,2,2
12493,2639,0,984,2,2
12494,2639,0,984,2,2
12495,2639,0,984,2,2
12496,2639,0,984,2,2
12497,2639,0,984,2,2
12498,2639,0,984,2,2
12499,2639,0,984,2,2
12500,2639,0,984,2,2
12501,2639,0,984,2,2
12502,2639,0,984,2,2
12503,2639,0,984,2,2
12504,2639,0,984,2,2
12505,2639,0,984,2,2
12506,2639,0,984,2,2
12507,2639,0,984,2,2
12508,2639,0,984,2,2
12509,2639,0,984,2,2
12510,2639,0,984,2,2
12511,2639,0,984,2,2
12512,2639,0,984,2,2
12513,2639,0,984,2,2
12514,2639,0,984,2,2
12515,2639,0,984,2,2
12516,2639,0,984,2,2
12517,2639,0,984,2,2
12518,2639,0,984,2,2
12519,2639,0,984,2,2
12520,2639,0,984,2,2
12521,2639,0,984,2,2
12522,2639,0,984,2,2
12523,2639,0,984,2,2
12524,2639,0,984,2,2
12525,2639,0,984,2,2
12526,2639,0,984,2,2
12527,2639,0,984,2,2
12528,2639,0,984,2,2
12529,2639,0,984,2,2
12530,2639,0,984,2,2
12531,2639,0,984,2,2
12532,2639,0,984,2,2
12533,2639,0,984,2,2
12534,2639,0,984,2,2
12535,2639,0,984,2,2
12536,2639,0,984,2,2
12537,2639,0,984,2,2
12538,2639,0,984,2,2
12539,2639,0,984,2,2
12540,2639,0,984,2,2
12541,2639,0,984,2,2
12542,2639,0,984,2,2
12543,2639,0,984,2,2
12544,2639,0,984,2,2
12545,2639,0,984,2,2
12546,2639,0,984,2,2
12547,2639,0,984,2,2
12548,2639,0,984,2,2
12549,2639,0,984,2,2
12550,2639,0,984,2,2
12551,2639,0,984,2,2
12552,2639,0,984,2,2
12553,2639,0,984,2,2
12554,2639,0,984,2,2
12555,2639,0,984,2,2
12556,2639,0,984,2,2
12557,2639,0,984,2,2
12558,2639,0,984,2,2
12559,2639,0,984,2,2
12560,2639,0,984,2,2
12561,2639,0,984,2,2
12562,2639,0,984,2,2
12563,2639,0,984,2,2
12564,2639,0,984,2,2
12565,2639,0,984,2,2
12566,2639,0,984,2,2
12567,2639,0,984,2,2
12568,2639,0,984,2,2
12569,2639,0,984,2,2
12570,2639,0,984,2,2
12571,2639,0,984,2,2
12572,2639,0,984,2,2
12573,2639,0,984,2,2
12574,2639,0,984,2,2
12575,2639,0,984,2,2
12576,2639,0,984,2,2
12577,2639,0,984,2,2
12578,2639,0,984,2,2
12579,2639,0,984,2,2
12580,2639,0,984,2,2
12581,2639,0,984,2,2
12582,2639,0,984,2,2
12583,2639,0,984,2,2
12584,2639,0,984,2,2
12585,2639,0,984,2,2
12586,2639,0,984,2,2
12587,2639,0,984,2,2
12588,2639,0,984,2,2
12589,2639,0,984,2,2
12590,2639,0,984,2,2
12591,2639,0,984,2,2
12592,2639,0,984,2,2
12593,2639,0,984,2,2
12594,2639,0,984,2,2
12595,2639,0,984,2,2
12596,2639,0,984,2,2
12597,2639,0,984,2,2
12598,2639,0,984,2,2
12599,2639,0,984,2,2
12600,2639,0,984,2,2
12601,2639,0,984,2,2
12602,2639,0,984,2,2
12603,2639,0,984,2,2
12604,2639,0,984,2,2
12605,2639,0,984,2,2
12606,2639,0,984,2,2
12607,2639,0,984,2,2
12608,2639,0,984,2,2
12609,2639,0,984,2,2
12610,2639,0,984,2,2
12611,2639,0,984,2,2
12612,2639,0,984,2,2
12613,2639,0,984,2,2
12614,2639,0,984,2,2
12615,2639,0,984,2,2
12616,2639,0,984,2,2
12617,2639,0,984,2,2
12618,2639,0,984,2,2
12619,2639,0,984,2,2
12620,2639,0,984,2,2
12621,2639,0,984,2,2
12622,2639,0,984,2,2
12623,2639,0,984,2,2
12624,2639,0,984,2,2
12625,2639,0,984,2,2
12626,2639,0,984,2,2
12627,2639,0,984,2,2
12628,2639,0,984,2,2
12629,2639,0,984,2,2
12630,2639,0,984,2,2
12631,2639,0,984,2,2
12632,2639,0,984,2,2
12633,2639,0,984,2,2
12634,2639,0,984,2,2
12635,2639,0,984,2,2
12636,2639,0,984,2,2
12637,2639,0,984,2,2
12638,2639,0,984,2,2
12639,2639,0,984,2,2
12640,2639,0,984,2,2
12641,2639,0,984,2,2
12642,2639,0,984,2,2
12643,2639,0,984,2,2
12644,2639,0,984,2,2
12645,2639,0,984,2,2
12646,2639,0,984,2,2
12647,2639,0,984,2,2
12648,2639,0,984,2,2
12649,2639,0,984,2,2
12650,2639,0,984,2,2
12651,2639,0,984,2,2
12652,2639,0,984,2,2
12653,2639,0,984,2,2
12654,2639,0,984,2,2
12655,2639,0,984,2,2
12656,2639,0,984,2,2
12657,2639,0,984,2,2
12658,2639,0,984,2,2
12659,2639,0,984,2,2
12660,2639,0,984,2,2
12661,2639,0,984,2,2
12662,2639,0,984,2,2
12663,2639,0,984,2,2
12664,2639,0,984,2,2
12665,2639,0,984,2,2
12666,2639,0,984,2,2
12667,2639,0,984,2,2
12668,2639,0,984,2,2
12669,2639,0,984,2,2
12670,2639,0,984,2,2
12671,2639,0,984,2,2
12672,2639,0,984,2,2
12673,2639,0,984,2,2
12674,2639,0,984,2,2
12675,2639,0,984,2,2
12676,2639,0,984,2,2
12677,2639,0,984,2,2
12678,2639,0,984,2,2
12679,2639,0,984,2,2
12680,2639,0,984,2,2
12681,2639,0,984,2,2
12682,2639,0,984,2,2
12683,2639,0,984,2,2
12684,2639,0,984,2,2
12685,2639,0,984,2,2
12686,2639,0,984,2,2
12687,2639,0,984,2,2
12688,2639,0,984,2,2
12689,2639,0,984,2,2
12690,2639,0,984,2,2
12691,2639,0,984,2,2
12692,2639,0,984,2,2
12693,2639,0,984,2,2
12694,2639,0,984,2,2
12695,2639,0,984,2,2
12696,2639,0,984,2,2
12697,2639,0,984,2,2
12698,2639,0,984,2,2
12699,2639,0,984,2,2
12700,2639,0,984,2,2
12701,2639,0,984,2,2
12702,2639,0,984,2,2
12703,2639,0,984,2,2
12704,2639,0,984,2,2
12705,2639,0,984,2,2
12706,2639,0,984,2,2
12707,2639,0,984,2,2
12708,2639,0,984,2,2
12709,2639,0,984,2,2
12710,2639,0,984,2,2
12711,2639,0,984,2,2
12712,2639,0,984,2,2
12713,2639,0,984,2,2
12714,2639,0,984,2,2
12715,2639,0,984,2,2
12716,2639,0,984,2,2
12717,2639,0,984,2,2
12718,2639,0,984,2,2
12719,2639,0,984,2,2
12720,2639,0,984,2,2
12721,2639,0,984,2,2
12722,2639,0,984,2,2
12723,2639,0,984,2,2
12724,2639,0,984,2,2
12725,2639,0,984,2,2
12726,2639,0,984,2,2
12727,2639,0,984,2,2
12728,2639,0,984,2,2
12729,2639,0,984,2,2
12730,2639,0,984,2,2
12731,2639,0,984,2,2
12732,2639,0,984,2,2
12733,2639,0,984,2,2
12734,2639,0,984,2,2
12735,2639,0,984,2,2
12736,2639,0,984,2,2
12737,2639,0,984,2,2
12738,2639,0,984,2,2
12739,2639,0,984,2,2
12740,2639,0,984,2,2
12741,2639,0,984,2,2
12742,2639,0,984,2,2
12743,2639,0,984,2,2
12744,2639,0,984,2,2
12745,2639,0,984,2,2
12746,2639,0,984,2,2
12747,2639,0,984,2,2
12748,2639,0,984,2,2
12749,2639,0,984,2,2
12750,2639,0,984,2,2
12751,2639,0,984,2,2
12752,2639,0,984,2,2
12753,2639,0,984,2,2
12754,2639,0,984,2,2
12755,2639,0,984,2,2
12756,2639,0,984,2,2
12757,2639,0,984,2,2
12758,2639,0,984,2,2
12759,2639,0,984,2,2
12760,2639,0,984,2,2
12761,2639,0,984,2,2
12762,2639,0,984,2,2
12763,2639,0,984,2,2
12764,2639,0,984,2,2
12765,2639,0,984,2,2
12766,2639,0,984,2,2
12767,2639,0,984,2,2
12768,2639,0,984,2,2
12769,2639,0,984,2,2
12770,2639,0,984,2,2
12771,2639,0,984,2,2
12772,2639,0,984,2,2
12773,2639,0,984,2,2
12774,2639,0,984,2,2
12775,2639,0,984,2,2
12776,2639,0,984,2,2
12777,2639,0,984,2,2
12778,2639,0,984,2,2
12779,2639,0,984,2,2
12780,2639,0,984,2,2
12781,2639,0,984,2,2
12782,2639,0,984,2,2
12783,2639,0,984,2,2
12784,2639,0,984,2,2
12785,2639,0,984,2,2
12786,2639,0,984,2,2
12787,2639,0,984,2,2
12788,2639,0,984,2,2
12789,2639,0,984,2,2
12790,2639,0,984,2,2
12791,2639,0,984,2,2
12792,2639,0,984,2,2
12793,2639,0,984,2,2
12794,2639,0,984,2,2
12795,2639,0,984,2,2
12796,2639,0,984,2,2
12797,2639,0,984,2,2
12798,2639,0,984,2,2
12799,2639,0,984,2,2
12800,2639,0,984,2,2
12801,2639,0,984,2,2
12802,2639,0,984,2,2
12803,2639,0,984,2,2
12804,2639,0,984,2,2
12805,2639,0,984,2,2
12806,2639,0,984,2,2
12807,2639,0,984,2,2
12808,2639,0,984,2,2
12809,2639,0,984,2,2
12810,2639,0,984,2,2
12811,2639,0,984,2,2
12812,2639,0,984,2,2
12813,2639,0,984,2,2
12814,2639,0,984,2,2
12815,2639,0,984,2,2
12816,2639,0,984,2,2
12817,2639,0,984,2,2
12818,2639,0,984,2,2
12819,2639,0,984,2,2
12820,2639,0,984,2,2
12821,2639,0,984,2,2
12822,2639,0,984,2,2
12823,2639,0,984,2,2
12824,2639,0,984,2,2
12825,2639,0,984,2,2
12826,2639,0,984,2,2
12827,2639,0,984,2,2
12828,2639,0,984,2,2
12829,2639,0,984,2,2
12830,2639,0,984,2,2
12831,2639,0,984,2,2
12832,2639,0,984,2,2
12833,2639,0,984,2,2
12834,2639,0,984,2,2
12835,2639,0,984,2,2
12836,2639,0,984,2,2
12837,2639,0,984,2,2
12838,2639,0,984,2,2
12839,2639,0,984,2,2
12840,2639,0,984,2,2
12841,2639,0,984,2,2
12842,2639,0,984,2,2
12843,2639,0,984,2,2
12844,2639,0,984,2,2
12845,2639,0,984,2,2
12846,2639,0,984,2,2
12847,2639,0,984,2,2
12848,2639,0,984,2,2
12849,2639,0,984,2,2
12850,2639,0,984,2,2
12851,2639,0,984,2,2
12852,2639,0,984,2,2
12853,2639,0,984,2,2
12854,2639,0,984,2,2
12855,2639,0,984,2,2
12856,2639,0,984,2,2
12857,2639,0,984,2,2
12858,2639,0,984,2,2
12859,2639,0,984,2,2
12860,2639,0,984,2,2
12861,2639,0,984,2,2
12862,2639,0,984,2,2
12863,2639,0,984,2,2
12864,2639,0,984,2,2
12865,2639,0,984,2,2
12866,2639,0,984,2,2
12867,2639,0,984,2,2
12868,2639,0,984,2,2
12869,2639,0,984,2,2
12870,2639,0,984,2,2
12871,2639,0,984,2,2
12872,2639,0,984,2,2
12873,2639,0,984,2,2
12874,2639,0,984,2,2
12875,2639,0,984,2,2
12876,2639,0,984,2,2
12877,2639,0,984,2,2
12878,2639,0,984,2,2
12879,2639,0,984,2,2
12880,2639,0,984,2,2
12881,2639,0,984,2,2
12882,2639,0,984,2,2
12883,2639,0,984,2,2
12884,2639,0,984,2,2
12885,2639,0,984,2,2
12886,2639,0,984,2,2
12887,2639,0,984,2,2
12888,2639,0,984,2,2
12889,2639,0,984,2,2
12890,2639,0,984,2,2
12891,2639,0,984,2,2
12892,2639,0,984,2,2
12893,2639,0,984,2,2
12894,2639,0,984,2,2
12895,2639,0,984,2,2
12896,2639,0,984,2,2
12897,2639,0,984,2,2
12898,2639,0,984,2,2
12899,2639,0,984,2,2
12900,2639,0,984,2,2
12901,2639,0,984,2,2
12902,2639,0,984,2,2
12903,2639,0,984,2,2
12904,2639,0,984,2,2
12905,2639,0,984,2,2
12906,2639,0,984,2,2
12907,2639,0,984,2,2
12908,2639,0,984,2,2
12909,2639,0,984,2,2
12910,2639,0,984,2,2
12911,2639,0,984,2,2
12912,2639,0,984,2,2
12913,2639,0,984,2,2
12914,2639,0,984,2,2
12915,2639,0,984,2,2
12916,2639,0,984,2,2
12917,2639,0,984,2,2
12918,2639,0,984,2,2
12919,2639,0,984,2,2
12920,2639,0,984,2,2
12921,2639,0,984,2,2
12922,2639,0,984,2,2
12923,2639,0,984,2,2
12924,2639,0,984,2,2
12925,2639,0,984,2,2
12926,2639,0,984,2,2
12927,2639,0,984,2,2
12928,2639,0,984,2,2
12929,2639,0,984,2,2
12930,2639,0,984,3,2
