                      (ast-zoid.unit.asm):00001         ;*******************************************************************************
                      (ast-zoid.unit.asm):00002         ; Le zoid du stage 2, dans SON unite : la page du cast (stage2.cast) est
                      (ast-zoid.unit.asm):00003         ; pleine — l'ajouter la depassait les 16 Ko d'une page. Le zoid n'a aucun
                      (ast-zoid.unit.asm):00004         ; couplage de label avec le reste du cast : le brood ne touche que ses
                      (ast-zoid.unit.asm):00005         ; equates d'etat (zoid.equ) et les index d'objets pointent zoid.Object avec
                      (ast-zoid.unit.asm):00006         ; SA page — Obj_Run monte la page de chaque objet avant de le tiquer.
                      (ast-zoid.unit.asm):00007         ;*******************************************************************************
                      (ast-zoid.unit.asm):00008         
                      (ast-zoid.unit.asm):00009         set_zoid_egg_0  EXTERNAL
                      (ast-zoid.unit.asm):00010         set_zoid_egg_1  EXTERNAL
                      (ast-zoid.unit.asm):00011         set_zoid_egg_2  EXTERNAL
                      (ast-zoid.unit.asm):00012         set_zoid_egg_3  EXTERNAL
                      (ast-zoid.unit.asm):00013         set_zoid_hatch_0  EXTERNAL
                      (ast-zoid.unit.asm):00014         set_zoid_hatch_1  EXTERNAL
                      (ast-zoid.unit.asm):00015         set_zoid_hatch_2  EXTERNAL
                      (ast-zoid.unit.asm):00016         set_zoid_hatch_3  EXTERNAL
                      (ast-zoid.unit.asm):00017         set_zoid_0  EXTERNAL
                      (ast-zoid.unit.asm):00018         set_zoid_1  EXTERNAL
                      (ast-zoid.unit.asm):00019         set_zoid_2  EXTERNAL
                      (ast-zoid.unit.asm):00020         set_zoid_3  EXTERNAL
                      (ast-zoid.unit.asm):00021         zoid.Object      EXPORT
                      (ast-zoid.unit.asm):00022         
                      (ast-zoid.unit.asm):00023                 INCLUDE "src/common/engine/api.asm"
                      (on/engine/api.asm):00001         ;*******************************************************************************
                      (on/engine/api.asm):00002         ; The engine interface — one list, both sides
                      (on/engine/api.asm):00003         ;
                      (on/engine/api.asm):00004         ; The resident engine unit and every stage unit include this same file. The
                      (on/engine/api.asm):00005         ; engine defines ENGINE_RESIDENT before including it and gets EXPORT lines ;
                      (on/engine/api.asm):00006         ; a stage gets EXTERNAL lines for the same names. The two sides cannot drift,
                      (on/engine/api.asm):00007         ; because there is only one list.
                      (on/engine/api.asm):00008         ;
                      (on/engine/api.asm):00009         ; This is lane 2 of the stage boundary (see
                      (on/engine/api.asm):00010         ; docs/lang/fr/analyse-frontiere-stage-2026-08.md) : what a stage calls in the
                      (on/engine/api.asm):00011         ; engine. Lane 3 — the tables the engine reads back from the stage — is the
                      (on/engine/api.asm):00012         ; other direction and lives in stage-tables.asm.
                      (on/engine/api.asm):00013         ;
                      (on/engine/api.asm):00014         ; Adding a name here costs four bytes of link data in the engine's direntry and
                      (on/engine/api.asm):00015         ; a linear search per reference at load time, so the list stays deliberately
                      (on/engine/api.asm):00016         ; short : the engine offers mechanisms, the stage holds the policy.
                      (on/engine/api.asm):00017         ;*******************************************************************************
                      (on/engine/api.asm):00018         
                      (on/engine/api.asm):00019         ; Garde d'inclusion. Une unite classique n'inclut ce fichier qu'une fois, mais
                      (on/engine/api.asm):00020         ; un membre de PAGESET porte plusieurs blocs qui l'incluent chacun : sans garde,
                      (on/engine/api.asm):00021         ; le second redefinit le macro _api. Un en-tete doit pouvoir etre inclus deux
                      (on/engine/api.asm):00022         ; fois — c'est vrai independamment du pageset.
                      (on/engine/api.asm):00023          IFNDEF ENGINE_API_INCLUDED
     0001             (on/engine/api.asm):00024         ENGINE_API_INCLUDED equ 1
                      (on/engine/api.asm):00025         
0000                  (on/engine/api.asm):00026         _api    macro
                      (on/engine/api.asm):00027           ifdef ENGINE_RESIDENT
0000                  (on/engine/api.asm):00028         \1 EXPORT
                      (on/engine/api.asm):00029           else
0000                  (on/engine/api.asm):00030         \1 EXTERNAL
                      (on/engine/api.asm):00031           endif
                      (on/engine/api.asm):00032                 endm
                      (on/engine/api.asm):00033         
                      (on/engine/api.asm):00034                 ; --- boot and frame ---
                      (on/engine/api.asm):00035                 _api InitGlobals
                      (             _api):00001           ifdef ENGINE_RESIDENT
0000                  (             _api):00002         InitGlobals EXPORT
                      (             _api):00003           else
                      (             _api):00004         InitGlobals EXTERNAL
                      (             _api):00005           endif
                      (on/engine/api.asm):00036                 _api IrqInit
                      (             _api):00001           ifdef ENGINE_RESIDENT
0000                  (             _api):00002         IrqInit EXPORT
                      (             _api):00003           else
                      (             _api):00004         IrqInit EXTERNAL
                      (             _api):00005           endif
                      (on/engine/api.asm):00037                 _api IrqOn
                      (             _api):00001           ifdef ENGINE_RESIDENT
0000                  (             _api):00002         IrqOn EXPORT
                      (             _api):00003           else
                      (             _api):00004         IrqOn EXTERNAL
                      (             _api):00005           endif
                      (on/engine/api.asm):00038                 _api IrqOff
                      (             _api):00001           ifdef ENGINE_RESIDENT
0000                  (             _api):00002         IrqOff EXPORT
                      (             _api):00003           else
                      (             _api):00004         IrqOff EXTERNAL
                      (             _api):00005           endif
                      (on/engine/api.asm):00039                 _api IrqSync
                      (             _api):00001           ifdef ENGINE_RESIDENT
0000                  (             _api):00002         IrqSync EXPORT
                      (             _api):00003           else
                      (             _api):00004         IrqSync EXTERNAL
                      (             _api):00005           endif
                      (on/engine/api.asm):00040                 _api Irq_user_routine
                      (             _api):00001           ifdef ENGINE_RESIDENT
0000                  (             _api):00002         Irq_user_routine EXPORT
                      (             _api):00003           else
                      (             _api):00004         Irq_user_routine EXTERNAL
                      (             _api):00005           endif
                      (on/engine/api.asm):00041                 ; Irq_one_frame N'EST PAS ici : c'est une constante absolue (312*64-1),
                      (on/engine/api.asm):00042                 ; pas une adresse. La faire passer par le lien la faisait rebaser de
                      (on/engine/api.asm):00043                 ; $4DFF a $AEFF, soit une periode d'IRQ 2,24 fois trop longue — le jeu
                      (on/engine/api.asm):00044                 ; tournait a 22 Hz. Elle est partagee a l'assemblage par
                      (on/engine/api.asm):00045                 ; engine/constants.asm.
                      (on/engine/api.asm):00046         
                      (on/engine/api.asm):00047                 ; --- double buffer ---
                      (on/engine/api.asm):00048                 ;
                      (on/engine/api.asm):00049                 ; La liste est longue pour une seule raison : _gfxlock.on/off/loop sont
                      (on/engine/api.asm):00050                 ; des MACROS, donc elles s'assemblent dans le stage et y référencent
                      (on/engine/api.asm):00051                 ; directement l'état du verrou. La voie compile-time et la voie de
                      (on/engine/api.asm):00052                 ; liaison se rejoignent ici — une macro qui touche une variable du
                      (on/engine/api.asm):00053                 ; moteur oblige à exporter cette variable. Les rendre routines
                      (on/engine/api.asm):00054                 ; échangerait ces exports contre des appels ; le choix v1 (macros, pour
                      (on/engine/api.asm):00055                 ; le coût par trame) est conservé tel quel.
                      (on/engine/api.asm):00056                 _api gfxlock.bufferSwap.check
                      (             _api):00001           ifdef ENGINE_RESIDENT
0000                  (             _api):00002         gfxlock.bufferSwap.check EXPORT
                      (             _api):00003           else
                      (             _api):00004         gfxlock.bufferSwap.check EXTERNAL
                      (             _api):00005           endif
                      (on/engine/api.asm):00057                 _api gfxlock.bufferSwap.do
                      (             _api):00001           ifdef ENGINE_RESIDENT
0000                  (             _api):00002         gfxlock.bufferSwap.do EXPORT
                      (             _api):00003           else
                      (             _api):00004         gfxlock.bufferSwap.do EXTERNAL
                      (             _api):00005           endif
                      (on/engine/api.asm):00058                 _api gfxlock.bufferSwap.wait
                      (             _api):00001           ifdef ENGINE_RESIDENT
0000                  (             _api):00002         gfxlock.bufferSwap.wait EXPORT
                      (             _api):00003           else
                      (             _api):00004         gfxlock.bufferSwap.wait EXTERNAL
                      (             _api):00005           endif
                      (on/engine/api.asm):00059                 _api gfxlock.status
                      (             _api):00001           ifdef ENGINE_RESIDENT
0000                  (             _api):00002         gfxlock.status EXPORT
                      (             _api):00003           else
                      (             _api):00004         gfxlock.status EXTERNAL
                      (             _api):00005           endif
                      (on/engine/api.asm):00060                 _api gfxlock.backBuffer.id
                      (             _api):00001           ifdef ENGINE_RESIDENT
0000                  (             _api):00002         gfxlock.backBuffer.id EXPORT
                      (             _api):00003           else
                      (             _api):00004         gfxlock.backBuffer.id EXTERNAL
                      (             _api):00005           endif
                      (on/engine/api.asm):00061                 _api gfxlock.backBuffer.status
                      (             _api):00001           ifdef ENGINE_RESIDENT
0000                  (             _api):00002         gfxlock.backBuffer.status EXPORT
                      (             _api):00003           else
                      (             _api):00004         gfxlock.backBuffer.status EXTERNAL
                      (             _api):00005           endif
                      (on/engine/api.asm):00062                 _api gfxlock.backProcess.status
                      (             _api):00001           ifdef ENGINE_RESIDENT
0000                  (             _api):00002         gfxlock.backProcess.status EXPORT
                      (             _api):00003           else
                      (             _api):00004         gfxlock.backProcess.status EXTERNAL
                      (             _api):00005           endif
                      (on/engine/api.asm):00063                 _api gfxlock.frame.count
                      (             _api):00001           ifdef ENGINE_RESIDENT
0000                  (             _api):00002         gfxlock.frame.count EXPORT
                      (             _api):00003           else
                      (             _api):00004         gfxlock.frame.count EXTERNAL
                      (             _api):00005           endif
                      (on/engine/api.asm):00064                 _api gfxlock.frame.lastCount
                      (             _api):00001           ifdef ENGINE_RESIDENT
0000                  (             _api):00002         gfxlock.frame.lastCount EXPORT
                      (             _api):00003           else
                      (             _api):00004         gfxlock.frame.lastCount EXTERNAL
                      (             _api):00005           endif
                      (on/engine/api.asm):00065                 _api gfxlock.frame.gameCount
                      (             _api):00001           ifdef ENGINE_RESIDENT
0000                  (             _api):00002         gfxlock.frame.gameCount EXPORT
                      (             _api):00003           else
                      (             _api):00004         gfxlock.frame.gameCount EXTERNAL
                      (             _api):00005           endif
                      (on/engine/api.asm):00066                 _api gfxlock.frameDrop.count
                      (             _api):00001           ifdef ENGINE_RESIDENT
0000                  (             _api):00002         gfxlock.frameDrop.count EXPORT
                      (             _api):00003           else
                      (             _api):00004         gfxlock.frameDrop.count EXTERNAL
                      (             _api):00005           endif
                      (on/engine/api.asm):00067                 _api gfxlock.frameDrop.count_w
                      (             _api):00001           ifdef ENGINE_RESIDENT
0000                  (             _api):00002         gfxlock.frameDrop.count_w EXPORT
                      (             _api):00003           else
                      (             _api):00004         gfxlock.frameDrop.count_w EXTERNAL
                      (             _api):00005           endif
                      (on/engine/api.asm):00068                 _api gfxlock.frameDrop.max
                      (             _api):00001           ifdef ENGINE_RESIDENT
0000                  (             _api):00002         gfxlock.frameDrop.max EXPORT
                      (             _api):00003           else
                      (             _api):00004         gfxlock.frameDrop.max EXTERNAL
                      (             _api):00005           endif
                      (on/engine/api.asm):00069         
                      (on/engine/api.asm):00070                 ; --- palette ---
                      (on/engine/api.asm):00071                 _api Pal_current
                      (             _api):00001           ifdef ENGINE_RESIDENT
0000                  (             _api):00002         Pal_current EXPORT
                      (             _api):00003           else
                      (             _api):00004         Pal_current EXTERNAL
                      (             _api):00005           endif
                      (on/engine/api.asm):00072                 _api PalRefresh
                      (             _api):00001           ifdef ENGINE_RESIDENT
0000                  (             _api):00002         PalRefresh EXPORT
                      (             _api):00003           else
                      (             _api):00004         PalRefresh EXTERNAL
                      (             _api):00005           endif
                      (on/engine/api.asm):00073                 _api PalUpdateNow
                      (             _api):00001           ifdef ENGINE_RESIDENT
0000                  (             _api):00002         PalUpdateNow EXPORT
                      (             _api):00003           else
                      (             _api):00004         PalUpdateNow EXTERNAL
                      (             _api):00005           endif
                      (on/engine/api.asm):00074         
                      (on/engine/api.asm):00075                 ; --- screen clear ---
                      (on/engine/api.asm):00076          IFNDEF CHECKPOINT_UNIT
                      (on/engine/api.asm):00077                 ; Le rechargement de checkpoint et le rejeu de defilement : l'objet
                      (on/engine/api.asm):00078                 ; checkpoint de la v1, dans son unite montee.
                      (on/engine/api.asm):00079         checkpoint.load      EXTERNAL
                      (on/engine/api.asm):00080                 ; La seconde porte du meme rechargement : celle de la MORT, qui fait
                      (on/engine/api.asm):00081                 ; perdre son armement a la partie la ou l'ouverture d'un stage le rend.
                      (on/engine/api.asm):00082         checkpoint.reload    EXTERNAL
                      (on/engine/api.asm):00083         checkpoint.clearData EXTERNAL
                      (on/engine/api.asm):00084          ENDC
                      (on/engine/api.asm):00085         
                      (on/engine/api.asm):00086                 ; --- tilemap scroll : the routines, then the state a stage sets up ---
                      (on/engine/api.asm):00087                 _api InitScroll
                      (             _api):00001           ifdef ENGINE_RESIDENT
0000                  (             _api):00002         InitScroll EXPORT
                      (             _api):00003           else
                      (             _api):00004         InitScroll EXTERNAL
                      (             _api):00005           endif
                      (on/engine/api.asm):00088                 _api Scroll
                      (             _api):00001           ifdef ENGINE_RESIDENT
0000                  (             _api):00002         Scroll EXPORT
                      (             _api):00003           else
                      (             _api):00004         Scroll EXTERNAL
                      (             _api):00005           endif
                      (on/engine/api.asm):00089                 _api DrawTiles
                      (             _api):00001           ifdef ENGINE_RESIDENT
0000                  (             _api):00002         DrawTiles EXPORT
                      (             _api):00003           else
                      (             _api):00004         DrawTiles EXTERNAL
                      (             _api):00005           endif
                      (on/engine/api.asm):00090                 _api scroll_map_even
                      (             _api):00001           ifdef ENGINE_RESIDENT
0000                  (             _api):00002         scroll_map_even EXPORT
                      (             _api):00003           else
                      (             _api):00004         scroll_map_even EXTERNAL
                      (             _api):00005           endif
                      (on/engine/api.asm):00091                 _api scroll_map_odd
                      (             _api):00001           ifdef ENGINE_RESIDENT
0000                  (             _api):00002         scroll_map_odd EXPORT
                      (             _api):00003           else
                      (             _api):00004         scroll_map_odd EXTERNAL
                      (             _api):00005           endif
                      (on/engine/api.asm):00092                 _api scroll_map_page_even
                      (             _api):00001           ifdef ENGINE_RESIDENT
0000                  (             _api):00002         scroll_map_page_even EXPORT
                      (             _api):00003           else
                      (             _api):00004         scroll_map_page_even EXTERNAL
                      (             _api):00005           endif
                      (on/engine/api.asm):00093                 _api scroll_map_page_odd
                      (             _api):00001           ifdef ENGINE_RESIDENT
0000                  (             _api):00002         scroll_map_page_odd EXPORT
                      (             _api):00003           else
                      (             _api):00004         scroll_map_page_odd EXTERNAL
                      (             _api):00005           endif
                      (on/engine/api.asm):00094                 ; Animer le decor : reecrire des cellules de la carte en place.
                      (on/engine/api.asm):00095                 ; Le sequenceur est le point d'entree normal ; tilemap.patch reste
                      (on/engine/api.asm):00096                 ; expose pour qui veut poser un rectangle sans horloge.
                      (on/engine/api.asm):00097                 _api tilemap.request
                      (             _api):00001           ifdef ENGINE_RESIDENT
0000                  (             _api):00002         tilemap.request EXPORT
                      (             _api):00003           else
                      (             _api):00004         tilemap.request EXTERNAL
                      (             _api):00005           endif
                      (on/engine/api.asm):00098                 _api tilemap.stamp
                      (             _api):00001           ifdef ENGINE_RESIDENT
0000                  (             _api):00002         tilemap.stamp EXPORT
                      (             _api):00003           else
                      (             _api):00004         tilemap.stamp EXTERNAL
                      (             _api):00005           endif
                      (on/engine/api.asm):00099                 _api tilemap.anim.arm
                      (             _api):00001           ifdef ENGINE_RESIDENT
0000                  (             _api):00002         tilemap.anim.arm EXPORT
                      (             _api):00003           else
                      (             _api):00004         tilemap.anim.arm EXTERNAL
                      (             _api):00005           endif
                      (on/engine/api.asm):00100                 _api tilemap.animate
                      (             _api):00001           ifdef ENGINE_RESIDENT
0000                  (             _api):00002         tilemap.animate EXPORT
                      (             _api):00003           else
                      (             _api):00004         tilemap.animate EXTERNAL
                      (             _api):00005           endif
                      (on/engine/api.asm):00101                 _api tilemap.flush
                      (             _api):00001           ifdef ENGINE_RESIDENT
0000                  (             _api):00002         tilemap.flush EXPORT
                      (             _api):00003           else
                      (             _api):00004         tilemap.flush EXTERNAL
                      (             _api):00005           endif
                      (on/engine/api.asm):00102                 _api tilemap.restore
                      (             _api):00001           ifdef ENGINE_RESIDENT
0000                  (             _api):00002         tilemap.restore EXPORT
                      (             _api):00003           else
                      (             _api):00004         tilemap.restore EXTERNAL
                      (             _api):00005           endif
                      (on/engine/api.asm):00103                 _api tilemap.resetTable
                      (             _api):00001           ifdef ENGINE_RESIDENT
0000                  (             _api):00002         tilemap.resetTable EXPORT
                      (             _api):00003           else
                      (             _api):00004         tilemap.resetTable EXTERNAL
                      (             _api):00005           endif
                      (on/engine/api.asm):00104                 _api scroll_vp_h_tiles
                      (             _api):00001           ifdef ENGINE_RESIDENT
0000                  (             _api):00002         scroll_vp_h_tiles EXPORT
                      (             _api):00003           else
                      (             _api):00004         scroll_vp_h_tiles EXTERNAL
                      (             _api):00005           endif
                      (on/engine/api.asm):00105                 _api scroll_vp_v_tiles
                      (             _api):00001           ifdef ENGINE_RESIDENT
0000                  (             _api):00002         scroll_vp_v_tiles EXPORT
                      (             _api):00003           else
                      (             _api):00004         scroll_vp_v_tiles EXTERNAL
                      (             _api):00005           endif
                      (on/engine/api.asm):00106                 _api scroll_tile_width
                      (             _api):00001           ifdef ENGINE_RESIDENT
0000                  (             _api):00002         scroll_tile_width EXPORT
                      (             _api):00003           else
                      (             _api):00004         scroll_tile_width EXTERNAL
                      (             _api):00005           endif
                      (on/engine/api.asm):00107                 _api scroll_tile_height
                      (             _api):00001           ifdef ENGINE_RESIDENT
0000                  (             _api):00002         scroll_tile_height EXPORT
                      (             _api):00003           else
                      (             _api):00004         scroll_tile_height EXTERNAL
                      (             _api):00005           endif
                      (on/engine/api.asm):00108                 _api scroll_vp_x_pos
                      (             _api):00001           ifdef ENGINE_RESIDENT
0000                  (             _api):00002         scroll_vp_x_pos EXPORT
                      (             _api):00003           else
                      (             _api):00004         scroll_vp_x_pos EXTERNAL
                      (             _api):00005           endif
                      (on/engine/api.asm):00109                 _api scroll_vp_y_pos
                      (             _api):00001           ifdef ENGINE_RESIDENT
0000                  (             _api):00002         scroll_vp_y_pos EXPORT
                      (             _api):00003           else
                      (             _api):00004         scroll_vp_y_pos EXTERNAL
                      (             _api):00005           endif
                      (on/engine/api.asm):00110                 _api scroll_vel
                      (             _api):00001           ifdef ENGINE_RESIDENT
0000                  (             _api):00002         scroll_vel EXPORT
                      (             _api):00003           else
                      (             _api):00004         scroll_vel EXTERNAL
                      (             _api):00005           endif
                      (on/engine/api.asm):00111                 _api scroll_max
                      (             _api):00001           ifdef ENGINE_RESIDENT
0000                  (             _api):00002         scroll_max EXPORT
                      (             _api):00003           else
                      (             _api):00004         scroll_max EXTERNAL
                      (             _api):00005           endif
                      (on/engine/api.asm):00112                 _api scroll_tile_pos
                      (             _api):00001           ifdef ENGINE_RESIDENT
0000                  (             _api):00002         scroll_tile_pos EXPORT
                      (             _api):00003           else
                      (             _api):00004         scroll_tile_pos EXTERNAL
                      (             _api):00005           endif
                      (on/engine/api.asm):00113                 _api scroll_tile_pos_offset24
                      (             _api):00001           ifdef ENGINE_RESIDENT
0000                  (             _api):00002         scroll_tile_pos_offset24 EXPORT
                      (             _api):00003           else
                      (             _api):00004         scroll_tile_pos_offset24 EXTERNAL
                      (             _api):00005           endif
                      (on/engine/api.asm):00114                 ; L'etat interne du scroll, que le PRE-SCROLL d'ouverture pilote a la
                      (on/engine/api.asm):00115                 ; main : il rembobine la camera et repeint le viewport colonne par
                      (on/engine/api.asm):00116                 ; colonne. Ce sont des etiquettes de variables dans l'unite residente,
                      (on/engine/api.asm):00117                 ; donc de vraies adresses — elles traversent le lien a bon droit.
                      (on/engine/api.asm):00118                 _api scroll_tile_pos_offset
                      (             _api):00001           ifdef ENGINE_RESIDENT
0000                  (             _api):00002         scroll_tile_pos_offset EXPORT
                      (             _api):00003           else
                      (             _api):00004         scroll_tile_pos_offset EXTERNAL
                      (             _api):00005           endif
                      (on/engine/api.asm):00119                 _api scroll_map_pos
                      (             _api):00001           ifdef ENGINE_RESIDENT
0000                  (             _api):00002         scroll_map_pos EXPORT
                      (             _api):00003           else
                      (             _api):00004         scroll_map_pos EXTERNAL
                      (             _api):00005           endif
                      (on/engine/api.asm):00120                 _api buffer_x_pos
                      (             _api):00001           ifdef ENGINE_RESIDENT
0000                  (             _api):00002         buffer_x_pos EXPORT
                      (             _api):00003           else
                      (             _api):00004         buffer_x_pos EXTERNAL
                      (             _api):00005           endif
                      (on/engine/api.asm):00121                 _api glb_camera_x_pos_old
                      (             _api):00001           ifdef ENGINE_RESIDENT
0000                  (             _api):00002         glb_camera_x_pos_old EXPORT
                      (             _api):00003           else
                      (             _api):00004         glb_camera_x_pos_old EXTERNAL
                      (             _api):00005           endif
                      (on/engine/api.asm):00122                 _api tile_buffer
                      (             _api):00001           ifdef ENGINE_RESIDENT
0000                  (             _api):00002         tile_buffer EXPORT
                      (             _api):00003           else
                      (             _api):00004         tile_buffer EXTERNAL
                      (             _api):00005           endif
                      (on/engine/api.asm):00123                 _api tile_buffer_page
                      (             _api):00001           ifdef ENGINE_RESIDENT
0000                  (             _api):00002         tile_buffer_page EXPORT
                      (             _api):00003           else
                      (             _api):00004         tile_buffer_page EXTERNAL
                      (             _api):00005           endif
                      (on/engine/api.asm):00124         
                      (on/engine/api.asm):00125                 ; --- object manager ---
                      (on/engine/api.asm):00126                 _api InitStack
                      (             _api):00001           ifdef ENGINE_RESIDENT
0000                  (             _api):00002         InitStack EXPORT
                      (             _api):00003           else
                      (             _api):00004         InitStack EXTERNAL
                      (             _api):00005           endif
                      (on/engine/api.asm):00127                 _api ManagedObjects_ClearAll
                      (             _api):00001           ifdef ENGINE_RESIDENT
0000                  (             _api):00002         ManagedObjects_ClearAll EXPORT
                      (             _api):00003           else
                      (             _api):00004         ManagedObjects_ClearAll EXTERNAL
                      (             _api):00005           endif
                      (on/engine/api.asm):00128                 ; La tete de la liste d'objets vivants : le laser a rebond la parcourt
                      (on/engine/api.asm):00129                 ; pour retrouver ses propres segments et recalculer son masque de slots.
                      (on/engine/api.asm):00130                 _api object_list_first
                      (             _api):00001           ifdef ENGINE_RESIDENT
0000                  (             _api):00002         object_list_first EXPORT
                      (             _api):00003           else
                      (             _api):00004         object_list_first EXTERNAL
                      (             _api):00005           endif
                      (on/engine/api.asm):00131                 _api RunObjects
                      (             _api):00001           ifdef ENGINE_RESIDENT
0000                  (             _api):00002         RunObjects EXPORT
                      (             _api):00003           else
                      (             _api):00004         RunObjects EXTERNAL
                      (             _api):00005           endif
                      (on/engine/api.asm):00132                 ; Le gel de la mort : redessine les objets sans derouler leur logique.
                      (on/engine/api.asm):00133                 _api RunFrozenObjects
                      (             _api):00001           ifdef ENGINE_RESIDENT
0000                  (             _api):00002         RunFrozenObjects EXPORT
                      (             _api):00003           else
                      (             _api):00004         RunFrozenObjects EXTERNAL
                      (             _api):00005           endif
                      (on/engine/api.asm):00134                 _api LoadObject_x
                      (             _api):00001           ifdef ENGINE_RESIDENT
0000                  (             _api):00002         LoadObject_x EXPORT
                      (             _api):00003           else
                      (             _api):00004         LoadObject_x EXTERNAL
                      (             _api):00005           endif
                      (on/engine/api.asm):00135                 _api LoadObject_u
                      (             _api):00001           ifdef ENGINE_RESIDENT
0000                  (             _api):00002         LoadObject_u EXPORT
                      (             _api):00003           else
                      (             _api):00004         LoadObject_u EXTERNAL
                      (             _api):00005           endif
                      (on/engine/api.asm):00136                 _api UnloadObject_u
                      (             _api):00001           ifdef ENGINE_RESIDENT
0000                  (             _api):00002         UnloadObject_u EXPORT
                      (             _api):00003           else
                      (             _api):00004         UnloadObject_u EXTERNAL
                      (             _api):00005           endif
                      (on/engine/api.asm):00137                 _api Obj_Mount
                      (             _api):00001           ifdef ENGINE_RESIDENT
0000                  (             _api):00002         Obj_Mount EXPORT
                      (             _api):00003           else
                      (             _api):00004         Obj_Mount EXTERNAL
                      (             _api):00005           endif
                      (on/engine/api.asm):00138                 _api Obj_Run
                      (             _api):00001           ifdef ENGINE_RESIDENT
0000                  (             _api):00002         Obj_Run EXPORT
                      (             _api):00003           else
                      (             _api):00004         Obj_Run EXTERNAL
                      (             _api):00005           endif
                      (on/engine/api.asm):00139                 ; Obj_RunB est REVENU au contrat le 2026-08-07, avec le sequenceur de
                      (on/engine/api.asm):00140                 ; fin de niveau. Il avait ete retire au motif que plus personne ne s'en
                      (on/engine/api.asm):00141                 ; servait : en v2 une routine sans etat se vise par son symbole, via
                      (on/engine/api.asm):00142                 ; paged.call, sans registre de commande — voir le champ d'etoiles.
                      (on/engine/api.asm):00143                 ; Mais paged.call se sert de B pour memoriser la page de l'appelant :
                      (on/engine/api.asm):00144                 ; il ne sait NI porter une commande NI rendre un statut. L'objet
                      (on/engine/api.asm):00145                 ; endstage a besoin des deux (INIT / TICK / BLIT en entree, le jingle
                      (on/engine/api.asm):00146                 ; ou la fin du niveau en sortie), et c'est precisement le protocole que
                      (on/engine/api.asm):00147                 ; porte Obj_RunB. A n'appeler que depuis le code resident.
                      (on/engine/api.asm):00148                 _api Obj_RunB
                      (             _api):00001           ifdef ENGINE_RESIDENT
0000                  (             _api):00002         Obj_RunB EXPORT
                      (             _api):00003           else
                      (             _api):00004         Obj_RunB EXTERNAL
                      (             _api):00005           endif
                      (on/engine/api.asm):00149                 ; Ce que le JOUEUR appelle en plus. ObjectMove n'y est PAS : il est
                      (on/engine/api.asm):00150                 ; inclus dans l'unite du joueur, comme en v1, donc resolu localement.
                      (on/engine/api.asm):00151                 _api gfxlock.screenBorder.update
                      (             _api):00001           ifdef ENGINE_RESIDENT
0000                  (             _api):00002         gfxlock.screenBorder.update EXPORT
                      (             _api):00003           else
                      (             _api):00004         gfxlock.screenBorder.update EXTERNAL
                      (             _api):00005           endif
                      (on/engine/api.asm):00152         
                      (on/engine/api.asm):00153                 ; --- manette : les trois paires d'octets du module resident ---
                      (on/engine/api.asm):00154                 ; Les MASQUES, eux, sont des constantes partagees a l'assemblage par
                      (on/engine/api.asm):00155                 ; joypad.const.asm — ils ne franchissent pas le lien.
                      (on/engine/api.asm):00156                 _api joypad.init
                      (             _api):00001           ifdef ENGINE_RESIDENT
0000                  (             _api):00002         joypad.init EXPORT
                      (             _api):00003           else
                      (             _api):00004         joypad.init EXTERNAL
                      (             _api):00005           endif
                      (on/engine/api.asm):00157                 _api joypad.read
                      (             _api):00001           ifdef ENGINE_RESIDENT
0000                  (             _api):00002         joypad.read EXPORT
                      (             _api):00003           else
                      (             _api):00004         joypad.read EXTERNAL
                      (             _api):00005           endif
                      (on/engine/api.asm):00158                 ; La lecture qui fait du clavier un bouton B : les manettes Thomson
                      (on/engine/api.asm):00159                 ; n'en ont qu'un, et le rappel du force pod en demande un second.
                      (on/engine/api.asm):00160                 _api joypad.readKbd
                      (             _api):00001           ifdef ENGINE_RESIDENT
0000                  (             _api):00002         joypad.readKbd EXPORT
                      (             _api):00003           else
                      (             _api):00004         joypad.readKbd EXTERNAL
                      (             _api):00005           endif
                      (on/engine/api.asm):00161                 _api joypad.state.dpad
                      (             _api):00001           ifdef ENGINE_RESIDENT
0000                  (             _api):00002         joypad.state.dpad EXPORT
                      (             _api):00003           else
                      (             _api):00004         joypad.state.dpad EXTERNAL
                      (             _api):00005           endif
                      (on/engine/api.asm):00162                 _api joypad.state.fire
                      (             _api):00001           ifdef ENGINE_RESIDENT
0000                  (             _api):00002         joypad.state.fire EXPORT
                      (             _api):00003           else
                      (             _api):00004         joypad.state.fire EXTERNAL
                      (             _api):00005           endif
                      (on/engine/api.asm):00163                 _api joypad.held.dpad
                      (             _api):00001           ifdef ENGINE_RESIDENT
0000                  (             _api):00002         joypad.held.dpad EXPORT
                      (             _api):00003           else
                      (             _api):00004         joypad.held.dpad EXTERNAL
                      (             _api):00005           endif
                      (on/engine/api.asm):00164                 _api joypad.held.fire
                      (             _api):00001           ifdef ENGINE_RESIDENT
0000                  (             _api):00002         joypad.held.fire EXPORT
                      (             _api):00003           else
                      (             _api):00004         joypad.held.fire EXTERNAL
                      (             _api):00005           endif
                      (on/engine/api.asm):00165                 _api joypad.pressed.dpad
                      (             _api):00001           ifdef ENGINE_RESIDENT
0000                  (             _api):00002         joypad.pressed.dpad EXPORT
                      (             _api):00003           else
                      (             _api):00004         joypad.pressed.dpad EXTERNAL
                      (             _api):00005           endif
                      (on/engine/api.asm):00166                 _api joypad.pressed.fire
                      (             _api):00001           ifdef ENGINE_RESIDENT
0000                  (             _api):00002         joypad.pressed.fire EXPORT
                      (             _api):00003           else
                      (             _api):00004         joypad.pressed.fire EXTERNAL
                      (             _api):00005           endif
                      (on/engine/api.asm):00167                 _api joypad.buffer.addDirection
                      (             _api):00001           ifdef ENGINE_RESIDENT
0000                  (             _api):00002         joypad.buffer.addDirection EXPORT
                      (             _api):00003           else
                      (             _api):00004         joypad.buffer.addDirection EXTERNAL
                      (             _api):00005           endif
                      (on/engine/api.asm):00168                 _api joypad.buffer.getDirection
                      (             _api):00001           ifdef ENGINE_RESIDENT
0000                  (             _api):00002         joypad.buffer.getDirection EXPORT
                      (             _api):00003           else
                      (             _api):00004         joypad.buffer.getDirection EXTERNAL
                      (             _api):00005           endif
                      (on/engine/api.asm):00169                 ; PaletteFade N'EST PLUS ici : le fondu est un objet MONTE, comme en
                      (on/engine/api.asm):00170                 ; v1. Le stage declare son adresse en EXTERNAL lui-meme, au meme titre
                      (on/engine/api.asm):00171                 ; que l'explosion — ce n'est pas une routine du moteur.
                      (on/engine/api.asm):00172                 ; Pal_buffer, en revanche, y entre : le fondu y compose depuis sa page.
                      (on/engine/api.asm):00173                 _api Pal_buffer
                      (             _api):00001           ifdef ENGINE_RESIDENT
0000                  (             _api):00002         Pal_buffer EXPORT
                      (             _api):00003           else
                      (             _api):00004         Pal_buffer EXTERNAL
                      (             _api):00005           endif
                      (on/engine/api.asm):00174                 _api ObjectDp_Clear
                      (             _api):00001           ifdef ENGINE_RESIDENT
0000                  (             _api):00002         ObjectDp_Clear EXPORT
                      (             _api):00003           else
                      (             _api):00004         ObjectDp_Clear EXTERNAL
                      (             _api):00005           endif
                      (on/engine/api.asm):00175                 _api ObjectMoveSync
                      (             _api):00001           ifdef ENGINE_RESIDENT
0000                  (             _api):00002         ObjectMoveSync EXPORT
                      (             _api):00003           else
                      (             _api):00004         ObjectMoveSync EXTERNAL
                      (             _api):00005           endif
                      (on/engine/api.asm):00176                 _api RunPgSubRoutine
                      (             _api):00001           ifdef ENGINE_RESIDENT
0000                  (             _api):00002         RunPgSubRoutine EXPORT
                      (             _api):00003           else
                      (             _api):00004         RunPgSubRoutine EXTERNAL
                      (             _api):00005           endif
                      (on/engine/api.asm):00177                 _api PSR_Page
                      (             _api):00001           ifdef ENGINE_RESIDENT
0000                  (             _api):00002         PSR_Page EXPORT
                      (             _api):00003           else
                      (             _api):00004         PSR_Page EXTERNAL
                      (             _api):00005           endif
                      (on/engine/api.asm):00178                 _api PSR_Address
                      (             _api):00001           ifdef ENGINE_RESIDENT
0000                  (             _api):00002         PSR_Address EXPORT
                      (             _api):00003           else
                      (             _api):00004         PSR_Address EXTERNAL
                      (             _api):00005           endif
                      (on/engine/api.asm):00179                 _api PSR_Param
                      (             _api):00001           ifdef ENGINE_RESIDENT
0000                  (             _api):00002         PSR_Param EXPORT
                      (             _api):00003           else
                      (             _api):00004         PSR_Param EXTERNAL
                      (             _api):00005           endif
                      (on/engine/api.asm):00180         
                      (on/engine/api.asm):00181                 ; --- enemy waves ---
                      (on/engine/api.asm):00182                 _api ObjectWave
                      (             _api):00001           ifdef ENGINE_RESIDENT
0000                  (             _api):00002         ObjectWave EXPORT
                      (             _api):00003           else
                      (             _api):00004         ObjectWave EXTERNAL
                      (             _api):00005           endif
                      (on/engine/api.asm):00183                 _api ObjectWave_Init
                      (             _api):00001           ifdef ENGINE_RESIDENT
0000                  (             _api):00002         ObjectWave_Init EXPORT
                      (             _api):00003           else
                      (             _api):00004         ObjectWave_Init EXTERNAL
                      (             _api):00005           endif
                      (on/engine/api.asm):00184                 _api object_wave_data
                      (             _api):00001           ifdef ENGINE_RESIDENT
0000                  (             _api):00002         object_wave_data EXPORT
                      (             _api):00003           else
                      (             _api):00004         object_wave_data EXTERNAL
                      (             _api):00005           endif
                      (on/engine/api.asm):00185                 _api object_wave_data_start
                      (             _api):00001           ifdef ENGINE_RESIDENT
0000                  (             _api):00002         object_wave_data_start EXPORT
                      (             _api):00003           else
                      (             _api):00004         object_wave_data_start EXTERNAL
                      (             _api):00005           endif
                      (on/engine/api.asm):00186                 _api object_wave_data_page
                      (             _api):00001           ifdef ENGINE_RESIDENT
0000                  (             _api):00002         object_wave_data_page EXPORT
                      (             _api):00003           else
                      (             _api):00004         object_wave_data_page EXTERNAL
                      (             _api):00005           endif
                      (on/engine/api.asm):00187         
                      (on/engine/api.asm):00188                 ; --- terrain collision : the resident half, the stage mounts the map ---
                      (on/engine/api.asm):00189                 _api terrainCollision.init.do
                      (             _api):00001           ifdef ENGINE_RESIDENT
0000                  (             _api):00002         terrainCollision.init.do EXPORT
                      (             _api):00003           else
                      (             _api):00004         terrainCollision.init.do EXTERNAL
                      (             _api):00005           endif
                      (on/engine/api.asm):00190                 _api terrainCollision.do
                      (             _api):00001           ifdef ENGINE_RESIDENT
0000                  (             _api):00002         terrainCollision.do EXPORT
                      (             _api):00003           else
                      (             _api):00004         terrainCollision.do EXTERNAL
                      (             _api):00005           endif
                      (on/engine/api.asm):00191                 _api terrainCollision.xAxis.doRight
                      (             _api):00001           ifdef ENGINE_RESIDENT
0000                  (             _api):00002         terrainCollision.xAxis.doRight EXPORT
                      (             _api):00003           else
                      (             _api):00004         terrainCollision.xAxis.doRight EXTERNAL
                      (             _api):00005           endif
                      (on/engine/api.asm):00192                 ; Les deux autres entrees du meme fichier, deja assemblees dans le
                      (on/engine/api.asm):00193                 ; moteur : seul l'export manquait. `doLeft` sert au laser anti-aerien du
                      (on/engine/api.asm):00194                 ; force pod, `update` a l'ennemi shell.
                      (on/engine/api.asm):00195                 _api terrainCollision.xAxis.doLeft
                      (             _api):00001           ifdef ENGINE_RESIDENT
0000                  (             _api):00002         terrainCollision.xAxis.doLeft EXPORT
                      (             _api):00003           else
                      (             _api):00004         terrainCollision.xAxis.doLeft EXTERNAL
                      (             _api):00005           endif
                      (on/engine/api.asm):00196                 _api terrainCollision.update
                      (             _api):00001           ifdef ENGINE_RESIDENT
0000                  (             _api):00002         terrainCollision.update EXPORT
                      (             _api):00003           else
                      (             _api):00004         terrainCollision.update EXTERNAL
                      (             _api):00005           endif
                      (on/engine/api.asm):00197                 _api terrainCollision.sensor.x
                      (             _api):00001           ifdef ENGINE_RESIDENT
0000                  (             _api):00002         terrainCollision.sensor.x EXPORT
                      (             _api):00003           else
                      (             _api):00004         terrainCollision.sensor.x EXTERNAL
                      (             _api):00005           endif
                      (on/engine/api.asm):00198                 _api terrainCollision.sensor.y
                      (             _api):00001           ifdef ENGINE_RESIDENT
0000                  (             _api):00002         terrainCollision.sensor.y EXPORT
                      (             _api):00003           else
                      (             _api):00004         terrainCollision.sensor.y EXTERNAL
                      (             _api):00005           endif
                      (on/engine/api.asm):00199                 _api terrainCollision.impact.x
                      (             _api):00001           ifdef ENGINE_RESIDENT
0000                  (             _api):00002         terrainCollision.impact.x EXPORT
                      (             _api):00003           else
                      (             _api):00004         terrainCollision.impact.x EXTERNAL
                      (             _api):00005           endif
                      (on/engine/api.asm):00200                 _api terrainCollision.disabled
                      (             _api):00001           ifdef ENGINE_RESIDENT
0000                  (             _api):00002         terrainCollision.disabled EXPORT
                      (             _api):00003           else
                      (             _api):00004         terrainCollision.disabled EXTERNAL
                      (             _api):00005           endif
                      (on/engine/api.asm):00201                 _api terrainCollision.bgFlag
                      (             _api):00001           ifdef ENGINE_RESIDENT
0000                  (             _api):00002         terrainCollision.bgFlag EXPORT
                      (             _api):00003           else
                      (             _api):00004         terrainCollision.bgFlag EXTERNAL
                      (             _api):00005           endif
                      (on/engine/api.asm):00202                 _api terrainCollision.bgByteOff
                      (             _api):00001           ifdef ENGINE_RESIDENT
0000                  (             _api):00002         terrainCollision.bgByteOff EXPORT
                      (             _api):00003           else
                      (             _api):00004         terrainCollision.bgByteOff EXTERNAL
                      (             _api):00005           endif
                      (on/engine/api.asm):00203                 _api terrainCollision.bgBitShift
                      (             _api):00001           ifdef ENGINE_RESIDENT
0000                  (             _api):00002         terrainCollision.bgBitShift EXPORT
                      (             _api):00003           else
                      (             _api):00004         terrainCollision.bgBitShift EXTERNAL
                      (             _api):00005           endif
                      (on/engine/api.asm):00204                 _api terrainCollision.bgColTmp
                      (             _api):00001           ifdef ENGINE_RESIDENT
0000                  (             _api):00002         terrainCollision.bgColTmp EXPORT
                      (             _api):00003           else
                      (             _api):00004         terrainCollision.bgColTmp EXTERNAL
                      (             _api):00005           endif
                      (on/engine/api.asm):00205         
                      (on/engine/api.asm):00206                 ; --- sprites : ce qu'un objet de jeu appelle pour se montrer ---
                      (on/engine/api.asm):00207                 ; Le calcul d'adresse ecran du gestionnaire de queue de dobkeratops.
                      (on/engine/api.asm):00208                 ; Assemblee dans le moteur, elle n'etait pas exportee.
                      (on/engine/api.asm):00209                 _api DRS_XYToAddress
                      (             _api):00001           ifdef ENGINE_RESIDENT
0000                  (             _api):00002         DRS_XYToAddress EXPORT
                      (             _api):00003           else
                      (             _api):00004         DRS_XYToAddress EXTERNAL
                      (             _api):00005           endif
                      (on/engine/api.asm):00210                 _api DisplaySprite
                      (             _api):00001           ifdef ENGINE_RESIDENT
0000                  (             _api):00002         DisplaySprite EXPORT
                      (             _api):00003           else
                      (             _api):00004         DisplaySprite EXTERNAL
                      (             _api):00005           endif
                      (on/engine/api.asm):00211                 _api DeleteObject
                      (             _api):00001           ifdef ENGINE_RESIDENT
0000                  (             _api):00002         DeleteObject EXPORT
                      (             _api):00003           else
                      (             _api):00004         DeleteObject EXTERNAL
                      (             _api):00005           endif
                      (on/engine/api.asm):00212                 ; OVERLAY : BuildSprites remplace le quatuor CheckSpritesRefresh /
                      (on/engine/api.asm):00213                 ; EraseSprites / DrawSprites / UnsetDisplayPriority, et il n'y a plus
                      (on/engine/api.asm):00214                 ; de cellules de fond (BgBufferAlloc). InitDrawSprites et les deux
                      (on/engine/api.asm):00215                 ; ClearAll sont les compagnons du pack, fournis par engine.asm.
                      (on/engine/api.asm):00216                 _api BuildSprites
                      (             _api):00001           ifdef ENGINE_RESIDENT
0000                  (             _api):00002         BuildSprites EXPORT
                      (             _api):00003           else
                      (             _api):00004         BuildSprites EXTERNAL
                      (             _api):00005           endif
                      (on/engine/api.asm):00217                 _api InitDrawSprites
                      (             _api):00001           ifdef ENGINE_RESIDENT
0000                  (             _api):00002         InitDrawSprites EXPORT
                      (             _api):00003           else
                      (             _api):00004         InitDrawSprites EXTERNAL
                      (             _api):00005           endif
                      (on/engine/api.asm):00218                 _api DisplaySprite_ClearAll
                      (             _api):00001           ifdef ENGINE_RESIDENT
0000                  (             _api):00002         DisplaySprite_ClearAll EXPORT
                      (             _api):00003           else
                      (             _api):00004         DisplaySprite_ClearAll EXTERNAL
                      (             _api):00005           endif
                      (on/engine/api.asm):00219                 _api EraseSprites_ClearAll
                      (             _api):00001           ifdef ENGINE_RESIDENT
0000                  (             _api):00002         EraseSprites_ClearAll EXPORT
                      (             _api):00003           else
                      (             _api):00004         EraseSprites_ClearAll EXTERNAL
                      (             _api):00005           endif
                      (on/engine/api.asm):00220                 _api AnimateSprite
                      (             _api):00001           ifdef ENGINE_RESIDENT
0000                  (             _api):00002         AnimateSprite EXPORT
                      (             _api):00003           else
                      (             _api):00004         AnimateSprite EXTERNAL
                      (             _api):00005           endif
                      (on/engine/api.asm):00221                 _api AnimateSpriteSync
                      (             _api):00001           ifdef ENGINE_RESIDENT
0000                  (             _api):00002         AnimateSpriteSync EXPORT
                      (             _api):00003           else
                      (             _api):00004         AnimateSpriteSync EXTERNAL
                      (             _api):00005           endif
                      (on/engine/api.asm):00222         
                      (on/engine/api.asm):00223                 ; --- appel d'une routine paginee (overlays sans etat) ---
                      (on/engine/api.asm):00224                 _api paged.call
                      (             _api):00001           ifdef ENGINE_RESIDENT
0000                  (             _api):00002         paged.call EXPORT
                      (             _api):00003           else
                      (             _api):00004         paged.call EXTERNAL
                      (             _api):00005           endif
                      (on/engine/api.asm):00225         
                      (on/engine/api.asm):00226                 ; L'arret de la musique, que le joueur demande en mourant. Le lecteur
                      (on/engine/api.asm):00227                 ; vit dans sa page : on l'atteint par paged.call, qui rend la page a
                      (on/engine/api.asm):00228                 ; l'appelant — le joueur, lui, tourne depuis la sienne.
                      (on/engine/api.asm):00229         ymm.stop    EXTERNAL
                      (on/engine/api.asm):00230         ymm.restart EXTERNAL
                      (on/engine/api.asm):00231         
                      (on/engine/api.asm):00232                 ; --- animation par script ---
                      (on/engine/api.asm):00233                 ; Les routines seules franchissent la frontiere. callback, anim.end et
                      (on/engine/api.asm):00234                 ; anim.loops sont des equates de page directe, pas des etiquettes : ils
                      (on/engine/api.asm):00235                 ; sont partages a l'assemblage par engine/constants.asm (voie 1). Les
                      (on/engine/api.asm):00236                 ; lister ici les faisait rebaser par le linker, $9FA9 -> $00A9.
                      (on/engine/api.asm):00237                 _api moveByScript.initialize
                      (             _api):00001           ifdef ENGINE_RESIDENT
0000                  (             _api):00002         moveByScript.initialize EXPORT
                      (             _api):00003           else
                      (             _api):00004         moveByScript.initialize EXTERNAL
                      (             _api):00005           endif
                      (on/engine/api.asm):00238                 _api moveByScript.runByB
                      (             _api):00001           ifdef ENGINE_RESIDENT
0000                  (             _api):00002         moveByScript.runByB EXPORT
                      (             _api):00003           else
                      (             _api):00004         moveByScript.runByB EXTERNAL
                      (             _api):00005           endif
                      (on/engine/api.asm):00239                 _api moveByScript.runByFrameDrop
                      (             _api):00001           ifdef ENGINE_RESIDENT
0000                  (             _api):00002         moveByScript.runByFrameDrop EXPORT
                      (             _api):00003           else
                      (             _api):00004         moveByScript.runByFrameDrop EXTERNAL
                      (             _api):00005           endif
                      (on/engine/api.asm):00240                 _api moveByScript.register
                      (             _api):00001           ifdef ENGINE_RESIDENT
0000                  (             _api):00002         moveByScript.register EXPORT
                      (             _api):00003           else
                      (             _api):00004         moveByScript.register EXTERNAL
                      (             _api):00005           endif
                      (on/engine/api.asm):00241         
                      (on/engine/api.asm):00242                 ; --- collisions AABB : les routines, puis les listes que le jeu
                      (on/engine/api.asm):00243                 ; partage. Un objet s'inscrit dans l'une d'elles a sa creation ---
                      (on/engine/api.asm):00244                 _api Collision_Do
                      (             _api):00001           ifdef ENGINE_RESIDENT
0000                  (             _api):00002         Collision_Do EXPORT
                      (             _api):00003           else
                      (             _api):00004         Collision_Do EXTERNAL
                      (             _api):00005           endif
                      (on/engine/api.asm):00245                 ; La passe de detection complete — toutes les paires de listes, dans
                      (on/engine/api.asm):00246                 ; l'ordre de la v1. Un seul export : les operandes auto-modifiees que
                      (on/engine/api.asm):00247                 ; le macro _Collision_Do ecrit restent chez le moteur.
                      (on/engine/api.asm):00248          IFNDEF COLLISION_PASS_UNIT
                      (on/engine/api.asm):00249                 ; La passe de collision a quitte le moteur pour une unite montee : ce
                      (on/engine/api.asm):00250                 ; n'est plus le moteur qui la fournit, donc pas de `_api` ici.
                      (on/engine/api.asm):00251         Collision_Run EXTERNAL
                      (on/engine/api.asm):00252          ENDC
                      (on/engine/api.asm):00253                 ; Les deux OPERANDES AUTO-MODIFIEES de Collision_Do. Le macro
                      (on/engine/api.asm):00254                 ; `_Collision_Do` ecrit l'adresse des deux listes dedans avant d'appeler
                      (on/engine/api.asm):00255                 ; la routine ; tant que la passe etait residente, c'etaient des
                      (on/engine/api.asm):00256                 ; etiquettes locales. Depuis qu'elle est montee, elles traversent le
                      (on/engine/api.asm):00257                 ; lien comme le reste — la routine, elle, reste residente.
                      (on/engine/api.asm):00258                 _api Collision_Do
                      (             _api):00001           ifdef ENGINE_RESIDENT
0000                  (             _api):00002         Collision_Do EXPORT
                      (             _api):00003           else
                      (             _api):00004         Collision_Do EXTERNAL
                      (             _api):00005           endif
                      (on/engine/api.asm):00259                 _api Collision_Do_1
                      (             _api):00001           ifdef ENGINE_RESIDENT
0000                  (             _api):00002         Collision_Do_1 EXPORT
                      (             _api):00003           else
                      (             _api):00004         Collision_Do_1 EXTERNAL
                      (             _api):00005           endif
                      (on/engine/api.asm):00260                 _api Collision_Do_2
                      (             _api):00001           ifdef ENGINE_RESIDENT
0000                  (             _api):00002         Collision_Do_2 EXPORT
                      (             _api):00003           else
                      (             _api):00004         Collision_Do_2 EXTERNAL
                      (             _api):00005           endif
                      (on/engine/api.asm):00261         
                      (on/engine/api.asm):00262                 _api Collision_AddAABB
                      (             _api):00001           ifdef ENGINE_RESIDENT
0000                  (             _api):00002         Collision_AddAABB EXPORT
                      (             _api):00003           else
                      (             _api):00004         Collision_AddAABB EXTERNAL
                      (             _api):00005           endif
                      (on/engine/api.asm):00263                 _api Collision_RemoveAABB
                      (             _api):00001           ifdef ENGINE_RESIDENT
0000                  (             _api):00002         Collision_RemoveAABB EXPORT
                      (             _api):00003           else
                      (             _api):00004         Collision_RemoveAABB EXTERNAL
                      (             _api):00005           endif
                      (on/engine/api.asm):00264                 _api Collision_ClearLists
                      (             _api):00001           ifdef ENGINE_RESIDENT
0000                  (             _api):00002         Collision_ClearLists EXPORT
                      (             _api):00003           else
                      (             _api):00004         Collision_ClearLists EXTERNAL
                      (             _api):00005           endif
                      (on/engine/api.asm):00265                 ; _Collision_RemoveAABB est une macro : elle ecrit dans les operandes
                      (on/engine/api.asm):00266                 ; auto-modifiees du moteur depuis la page de l'objet, donc ces trois
                      (on/engine/api.asm):00267                 ; adresses traversent la frontiere — meme mecanique que gfxlock.
                      (on/engine/api.asm):00268                 _api Collision_Remove_1
                      (             _api):00001           ifdef ENGINE_RESIDENT
0000                  (             _api):00002         Collision_Remove_1 EXPORT
                      (             _api):00003           else
                      (             _api):00004         Collision_Remove_1 EXTERNAL
                      (             _api):00005           endif
                      (on/engine/api.asm):00269                 _api Collision_Remove_2
                      (             _api):00001           ifdef ENGINE_RESIDENT
0000                  (             _api):00002         Collision_Remove_2 EXPORT
                      (             _api):00003           else
                      (             _api):00004         Collision_Remove_2 EXTERNAL
                      (             _api):00005           endif
                      (on/engine/api.asm):00270                 _api Collision_Remove_3
                      (             _api):00001           ifdef ENGINE_RESIDENT
0000                  (             _api):00002         Collision_Remove_3 EXPORT
                      (             _api):00003           else
                      (             _api):00004         Collision_Remove_3 EXTERNAL
                      (             _api):00005           endif
                      (on/engine/api.asm):00271                 _api AABB_list_friend
                      (             _api):00001           ifdef ENGINE_RESIDENT
0000                  (             _api):00002         AABB_list_friend EXPORT
                      (             _api):00003           else
                      (             _api):00004         AABB_list_friend EXTERNAL
                      (             _api):00005           endif
                      (on/engine/api.asm):00272                 _api AABB_list_ennemy
                      (             _api):00001           ifdef ENGINE_RESIDENT
0000                  (             _api):00002         AABB_list_ennemy EXPORT
                      (             _api):00003           else
                      (             _api):00004         AABB_list_ennemy EXTERNAL
                      (             _api):00005           endif
                      (on/engine/api.asm):00273                 _api AABB_list_ennemy_unkillable
                      (             _api):00001           ifdef ENGINE_RESIDENT
0000                  (             _api):00002         AABB_list_ennemy_unkillable EXPORT
                      (             _api):00003           else
                      (             _api):00004         AABB_list_ennemy_unkillable EXTERNAL
                      (             _api):00005           endif
                      (on/engine/api.asm):00274                 _api AABB_list_player
                      (             _api):00001           ifdef ENGINE_RESIDENT
0000                  (             _api):00002         AABB_list_player EXPORT
                      (             _api):00003           else
                      (             _api):00004         AABB_list_player EXTERNAL
                      (             _api):00005           endif
                      (on/engine/api.asm):00275                 _api AABB_list_bonus
                      (             _api):00001           ifdef ENGINE_RESIDENT
0000                  (             _api):00002         AABB_list_bonus EXPORT
                      (             _api):00003           else
                      (             _api):00004         AABB_list_bonus EXTERNAL
                      (             _api):00005           endif
                      (on/engine/api.asm):00276                 _api AABB_list_foefire
                      (             _api):00001           ifdef ENGINE_RESIDENT
0000                  (             _api):00002         AABB_list_foefire EXPORT
                      (             _api):00003           else
                      (             _api):00004         AABB_list_foefire EXTERNAL
                      (             _api):00005           endif
                      (on/engine/api.asm):00277                 _api AABB_list_forcepod
                      (             _api):00001           ifdef ENGINE_RESIDENT
0000                  (             _api):00002         AABB_list_forcepod EXPORT
                      (             _api):00003           else
                      (             _api):00004         AABB_list_forcepod EXTERNAL
                      (             _api):00005           endif
                      (on/engine/api.asm):00278         
                      (on/engine/api.asm):00279                 ; --- la chaine de tir ennemi : residente, comme dans le main v1
                      (on/engine/api.asm):00280                 ; (main.asm:565-568). tryFoeFire est appele par l'ennemi, qui tourne
                      (on/engine/api.asm):00281                 ; en page montee ; setDirectionTo par createFoeFire, monte lui aussi.
                      (on/engine/api.asm):00282                 ; FoeFireTarget est la cible que tryFoeFire pose avant de tirer ---
                      (on/engine/api.asm):00283                 ; --- the log block : les sites des unites paginees appellent la
                      (on/engine/api.asm):00284                 ; routine residente ; le loader porte sa propre copie du meme code,
                      (on/engine/api.asm):00285                 ; les deux ecrivent le MEME bloc ($9EF0). log.halt est l'ancre du
                      (on/engine/api.asm):00286                 ; superviseur (breakpoint) quand aucun watchpoint n'est pose. ---
                      (on/engine/api.asm):00287                 _api log.write
                      (             _api):00001           ifdef ENGINE_RESIDENT
0000                  (             _api):00002         log.write EXPORT
                      (             _api):00003           else
                      (             _api):00004         log.write EXTERNAL
                      (             _api):00005           endif
                      (on/engine/api.asm):00288                 _api log.halt
                      (             _api):00001           ifdef ENGINE_RESIDENT
0000                  (             _api):00002         log.halt EXPORT
                      (             _api):00003           else
                      (             _api):00004         log.halt EXTERNAL
                      (             _api):00005           endif
                      (on/engine/api.asm):00289         
                      (on/engine/api.asm):00290                 _api tryFoeFire
                      (             _api):00001           ifdef ENGINE_RESIDENT
0000                  (             _api):00002         tryFoeFire EXPORT
                      (             _api):00003           else
                      (             _api):00004         tryFoeFire EXTERNAL
                      (             _api):00005           endif
                      (on/engine/api.asm):00291                 _api tryFoeFireShell
                      (             _api):00001           ifdef ENGINE_RESIDENT
0000                  (             _api):00002         tryFoeFireShell EXPORT
                      (             _api):00003           else
                      (             _api):00004         tryFoeFireShell EXTERNAL
                      (             _api):00005           endif
                      (on/engine/api.asm):00292                 _api setDirectionTo
                      (             _api):00001           ifdef ENGINE_RESIDENT
0000                  (             _api):00002         setDirectionTo EXPORT
                      (             _api):00003           else
                      (             _api):00004         setDirectionTo EXTERNAL
                      (             _api):00005           endif
                      (on/engine/api.asm):00293                 _api FoeFireTarget
                      (             _api):00001           ifdef ENGINE_RESIDENT
0000                  (             _api):00002         FoeFireTarget EXPORT
                      (             _api):00003           else
                      (             _api):00004         FoeFireTarget EXTERNAL
                      (             _api):00005           endif
                      (on/engine/api.asm):00294                 ; Le centre de la rotonde, resident avec la chaine de tir : la v1 le
                      (on/engine/api.asm):00295                 ; range dans le meme fichier (global/projectile.asm), et le shell y
                      (on/engine/api.asm):00296                 ; ajoute son rayon pour se placer. Deux noms, parce que le troisieme
                      (on/engine/api.asm):00297                 ; (circleCenter lui-meme) est une equate relative — rien a lier.
                      (on/engine/api.asm):00298                 _api circleCenter.x_pos
                      (             _api):00001           ifdef ENGINE_RESIDENT
0000                  (             _api):00002         circleCenter.x_pos EXPORT
                      (             _api):00003           else
                      (             _api):00004         circleCenter.x_pos EXTERNAL
                      (             _api):00005           endif
                      (on/engine/api.asm):00299                 _api circleCenter.y_pos
                      (             _api):00001           ifdef ENGINE_RESIDENT
0000                  (             _api):00002         circleCenter.y_pos EXPORT
                      (             _api):00003           else
                      (             _api):00004         circleCenter.y_pos EXTERNAL
                      (             _api):00005           endif
                      (on/engine/api.asm):00300                 _api moveXPos8.8
                      (             _api):00001           ifdef ENGINE_RESIDENT
0000                  (             _api):00002         moveXPos8.8 EXPORT
                      (             _api):00003           else
                      (             _api):00004         moveXPos8.8 EXTERNAL
                      (             _api):00005           endif
                      (on/engine/api.asm):00301                 _api moveYPos8.8
                      (             _api):00001           ifdef ENGINE_RESIDENT
0000                  (             _api):00002         moveYPos8.8 EXPORT
                      (             _api):00003           else
                      (             _api):00004         moveYPos8.8 EXTERNAL
                      (             _api):00005           endif
                      (on/engine/api.asm):00302         
                      (on/engine/api.asm):00303                 ; --- score, qui survit aux stages comme les vies ---
                      (on/engine/api.asm):00304                 ; globals.score N'EST PAS ici : c'est une equate absolue de la zone
                      (on/engine/api.asm):00305                 ; reservee `globals`, partagee a l'assemblage par variables.asm. La
                      (on/engine/api.asm):00306                 ; faire passer par le lien la ferait rebaser.
                      (on/engine/api.asm):00307                 _api AwardScore
                      (             _api):00001           ifdef ENGINE_RESIDENT
0000                  (             _api):00002         AwardScore EXPORT
                      (             _api):00003           else
                      (             _api):00004         AwardScore EXTERNAL
                      (             _api):00005           endif
                      (on/engine/api.asm):00308         
                      (on/engine/api.asm):00309                 ; --- son : la boite aux lettres que le macro _soundFX.play ecrit
                      (on/engine/api.asm):00310                 ; depuis la page de l'objet qui demande un bruitage ---
                      (on/engine/api.asm):00311                 _api soundFX.curSound
                      (             _api):00001           ifdef ENGINE_RESIDENT
0000                  (             _api):00002         soundFX.curSound EXPORT
                      (             _api):00003           else
                      (             _api):00004         soundFX.curSound EXTERNAL
                      (             _api):00005           endif
                      (on/engine/api.asm):00312                 _api soundFX.newSound
                      (             _api):00001           ifdef ENGINE_RESIDENT
0000                  (             _api):00002         soundFX.newSound EXPORT
                      (             _api):00003           else
                      (             _api):00004         soundFX.newSound EXTERNAL
                      (             _api):00005           endif
                      (on/engine/api.asm):00313         
                      (on/engine/api.asm):00314                 ; --- alea ---
                      (on/engine/api.asm):00315                 _api InitRNG
                      (             _api):00001           ifdef ENGINE_RESIDENT
0000                  (             _api):00002         InitRNG EXPORT
                      (             _api):00003           else
                      (             _api):00004         InitRNG EXTERNAL
                      (             _api):00005           endif
                      (on/engine/api.asm):00316                 _api RandomNumber
                      (             _api):00001           ifdef ENGINE_RESIDENT
0000                  (             _api):00002         RandomNumber EXPORT
                      (             _api):00003           else
                      (             _api):00004         RandomNumber EXTERNAL
                      (             _api):00005           endif
                      (on/engine/api.asm):00317         
                      (on/engine/api.asm):00318                 ; --- controllers ---
                      (on/engine/api.asm):00319                 _api joypad.init
                      (             _api):00001           ifdef ENGINE_RESIDENT
0000                  (             _api):00002         joypad.init EXPORT
                      (             _api):00003           else
                      (             _api):00004         joypad.init EXTERNAL
                      (             _api):00005           endif
                      (on/engine/api.asm):00320                 _api joypad.read
                      (             _api):00001           ifdef ENGINE_RESIDENT
0000                  (             _api):00002         joypad.read EXPORT
                      (             _api):00003           else
                      (             _api):00004         joypad.read EXTERNAL
                      (             _api):00005           endif
                      (on/engine/api.asm):00321                 _api joypad.held.dpad
                      (             _api):00001           ifdef ENGINE_RESIDENT
0000                  (             _api):00002         joypad.held.dpad EXPORT
                      (             _api):00003           else
                      (             _api):00004         joypad.held.dpad EXTERNAL
                      (             _api):00005           endif
                      (on/engine/api.asm):00322         
                      (on/engine/api.asm):00323                 ; --- state that outlives a stage : the engine holds it, so a stage
                      (on/engine/api.asm):00324                 ; swap cannot take it with it ---
                      (on/engine/api.asm):00325                 _api game.stage
                      (             _api):00001           ifdef ENGINE_RESIDENT
0000                  (             _api):00002         game.stage EXPORT
                      (             _api):00003           else
                      (             _api):00004         game.stage EXTERNAL
                      (             _api):00005           endif
                      (on/engine/api.asm):00326                 _api cheat.invincible
                      (             _api):00001           ifdef ENGINE_RESIDENT
0000                  (             _api):00002         cheat.invincible EXPORT
                      (             _api):00003           else
                      (             _api):00004         cheat.invincible EXTERNAL
                      (             _api):00005           endif
                      (on/engine/api.asm):00327                 _api cheat.extraLives
                      (             _api):00001           ifdef ENGINE_RESIDENT
0000                  (             _api):00002         cheat.extraLives EXPORT
                      (             _api):00003           else
                      (             _api):00004         cheat.extraLives EXTERNAL
                      (             _api):00005           endif
                      (on/engine/api.asm):00328                 _api game.fresh
                      (             _api):00001           ifdef ENGINE_RESIDENT
0000                  (             _api):00002         game.fresh EXPORT
                      (             _api):00003           else
                      (             _api):00004         game.fresh EXTERNAL
                      (             _api):00005           endif
                      (on/engine/api.asm):00329                 _api game.continueUsed
                      (             _api):00001           ifdef ENGINE_RESIDENT
0000                  (             _api):00002         game.continueUsed EXPORT
                      (             _api):00003           else
                      (             _api):00004         game.continueUsed EXTERNAL
                      (             _api):00005           endif
                      (on/engine/api.asm):00330                 ; Armer un morceau depuis une unite paginee : le relais qui commute la
                      (on/engine/api.asm):00331                 ; page du lecteur et la rend. Voir engine.asm.
                      (on/engine/api.asm):00332                 _api game.music.play
                      (             _api):00001           ifdef ENGINE_RESIDENT
0000                  (             _api):00002         game.music.play EXPORT
                      (             _api):00003           else
                      (             _api):00004         game.music.play EXTERNAL
                      (             _api):00005           endif
                      (on/engine/api.asm):00333         
                      (on/engine/api.asm):00334                 ; --- l'échange lui-même : il doit être résident, puisqu'il survit à
                      (on/engine/api.asm):00335                 ; l'écrasement de la région du stage qui l'appelle ---
                      (on/engine/api.asm):00336                 _api game.stage.switch
                      (             _api):00001           ifdef ENGINE_RESIDENT
0000                  (             _api):00002         game.stage.switch EXPORT
                      (             _api):00003           else
                      (             _api):00004         game.stage.switch EXTERNAL
                      (             _api):00005           endif
                      (on/engine/api.asm):00337                 _api game.stage.unload
                      (             _api):00001           ifdef ENGINE_RESIDENT
0000                  (             _api):00002         game.stage.unload EXPORT
                      (             _api):00003           else
                      (             _api):00004         game.stage.unload EXTERNAL
                      (             _api):00005           endif
                      (on/engine/api.asm):00338         
                      (on/engine/api.asm):00339          ENDC
                      (ast-zoid.unit.asm):00024         
                      (ast-zoid.unit.asm):00025          SECTION code
                      (ast-zoid.unit.asm):00026         
                      (ast-zoid.unit.asm):00027                 INCLUDE "engine/system/to8/memory-map.equ"
                      (o8/memory-map.equ):00001         * Garde d'inclusion : un membre de pageset porte plusieurs units qui
                      (o8/memory-map.equ):00002         * incluent chacun cet en-tete. Un en-tete doit pouvoir etre inclus deux
                      (o8/memory-map.equ):00003         * fois — c'est vrai independamment du pageset.
                      (o8/memory-map.equ):00004          IFNDEF TO8_MEMORY_MAP_EQU
     0001             (o8/memory-map.equ):00005         TO8_MEMORY_MAP_EQU equ 1
                      (o8/memory-map.equ):00006         
                      (o8/memory-map.equ):00007         ; Thomson TO8 - Memory map
                      (o8/memory-map.equ):00008         
                      (o8/memory-map.equ):00009         ; mc6846
     E7C0             (o8/memory-map.equ):00010         MC6846.CSR      equ $E7C0
     E7C1             (o8/memory-map.equ):00011         MC6846.CRC      equ $E7C1
     E7C2             (o8/memory-map.equ):00012         MC6846.DDRC     equ $E7C2
     E7C3             (o8/memory-map.equ):00013         MC6846.PRC      equ $E7C3
     E7C4             (o8/memory-map.equ):00014         MC6846.CSR2     equ $E7C4
     E7C5             (o8/memory-map.equ):00015         MC6846.TCR      equ $E7C5 ; irq timer ctrl
     E7C6             (o8/memory-map.equ):00016         MC6846.TMSB     equ $E7C6 ; irq timer MSB
     E7C7             (o8/memory-map.equ):00017         MC6846.TLSB     equ $E7C7 ; irq timer LSB
                      (o8/memory-map.equ):00018         
                      (o8/memory-map.equ):00019         ; mc6821 system
     E7C8             (o8/memory-map.equ):00020         MC6821.PRA      equ $E7C8
     E7C9             (o8/memory-map.equ):00021         MC6821.PRB      equ $E7C9
     E7CA             (o8/memory-map.equ):00022         MC6821.CRA      equ $E7CA
     E7CB             (o8/memory-map.equ):00023         MC6821.CRB      equ $E7CB
                      (o8/memory-map.equ):00024         
                      (o8/memory-map.equ):00025         ; mc6821 music and game
     E7CC             (o8/memory-map.equ):00026         MC6821.PRA1     equ $E7CC
     E7CD             (o8/memory-map.equ):00027         MC6821.PRA2     equ $E7CD
     E7CE             (o8/memory-map.equ):00028         MC6821.CRA1     equ $E7CE
     E7CF             (o8/memory-map.equ):00029         MC6821.CRA2     equ $E7CF
                      (o8/memory-map.equ):00030         
                      (o8/memory-map.equ):00031         ; thmfc01 gate controler floppy disk
     E7D0             (o8/memory-map.equ):00032         THMFC01.STAT0   equ $E7D0
     E7D0             (o8/memory-map.equ):00033         THMFC01.CMD0    equ $E7D0
     E7D1             (o8/memory-map.equ):00034         THMFC01.STAT1   equ $E7D1
     E7D1             (o8/memory-map.equ):00035         THMFC01.CMD1    equ $E7D1
     E7D2             (o8/memory-map.equ):00036         THMFC01.CMD2    equ $E7D2
     E7D3             (o8/memory-map.equ):00037         THMFC01.WDATA   equ $E7D3
     E7D3             (o8/memory-map.equ):00038         THMFC01.RDATA   equ $E7D3
     E7D4             (o8/memory-map.equ):00039         THMFC01.WCLK    equ $E7D4
     E7D5             (o8/memory-map.equ):00040         THMFC01.WSECT   equ $E7D5
     E7D6             (o8/memory-map.equ):00041         THMFC01.TRCK    equ $E7D6
     E7D7             (o8/memory-map.equ):00042         THMFC01.CELL    equ $E7D7
                      (o8/memory-map.equ):00043         
                      (o8/memory-map.equ):00044         ; ef9369 palette
     E7DA             (o8/memory-map.equ):00045         EF9369.D        equ $E7DA
     E7DB             (o8/memory-map.equ):00046         EF9369.A        equ $E7DB
                      (o8/memory-map.equ):00047         
                      (o8/memory-map.equ):00048         ; cf74021 gate array page mode - (TO8D: EFG2021FN)
     E7DC             (o8/memory-map.equ):00049         CF74021.LGAMOD  equ $E7DC
     E7DD             (o8/memory-map.equ):00050         CF74021.SYS2    equ $E7DD
     E7E4             (o8/memory-map.equ):00051         CF74021.COM     equ $E7E4
     E7E5             (o8/memory-map.equ):00052         CF74021.DATA    equ $E7E5
     E7E6             (o8/memory-map.equ):00053         CF74021.CART    equ $E7E6
     E7E7             (o8/memory-map.equ):00054         CF74021.SYS1    equ $E7E7
                      (o8/memory-map.equ):00055         
                      (o8/memory-map.equ):00056         ; extension port
     00E7             (o8/memory-map.equ):00057         EXTPORT         equ $E7
     E7F0             (o8/memory-map.equ):00058         IEEE488         equ $E7F0 ; to E7F7
     E7F2             (o8/memory-map.equ):00059         EF5860.CTRL     equ $E7F2 ; MIDI
     E7F3             (o8/memory-map.equ):00060         EF5860.TX       equ $E7F3 ; MIDI
                      (o8/memory-map.equ):00061          ifndef SOUND_CARD_PROTOTYPE
     E7FC             (o8/memory-map.equ):00062         YM2413.A        equ $E7FC
     E7FD             (o8/memory-map.equ):00063         YM2413.D        equ $E7FD
                      (o8/memory-map.equ):00064          ifndef SN76489_JUMPER_LOW
     E7F7             (o8/memory-map.equ):00065         SN76489.D       equ $E7F7
                      (o8/memory-map.equ):00066          else
0000                  (o8/memory-map.equ):00067         SN76489.D       equ $E7F6
                      (o8/memory-map.equ):00068          endc
                      (o8/memory-map.equ):00069          else
0000                  (o8/memory-map.equ):00070         YM2413.A        equ $E7FC
0000                  (o8/memory-map.equ):00071         YM2413.D        equ $E7FD
                      (o8/memory-map.equ):00072          ifndef SN76489_JUMPER_LOW
0000                  (o8/memory-map.equ):00073         SN76489.D       equ $E7FF
                      (o8/memory-map.equ):00074          else
0000                  (o8/memory-map.equ):00075         SN76489.D       equ $E7FE
                      (o8/memory-map.equ):00076          endc
                      (o8/memory-map.equ):00077          endc
     E7FE             (o8/memory-map.equ):00078         MEA8000.D       equ $E7FE
     E7FF             (o8/memory-map.equ):00079         MEA8000.A       equ $E7FF
                      (o8/memory-map.equ):00080         
                      (o8/memory-map.equ):00081         ; ROM routines
     E806             (o8/memory-map.equ):00082         GETC            equ $E806
     E809             (o8/memory-map.equ):00083         KTST            equ $E809
     E82A             (o8/memory-map.equ):00084         DKCO            equ $E82A ; read or write floppy disk routine
     E830             (o8/memory-map.equ):00085         IRQ.EXIT        equ $E830 ; to exit an irq
                      (o8/memory-map.equ):00086         
                      (o8/memory-map.equ):00087         ; system variables
     6019             (o8/memory-map.equ):00088         STATUS          equ $6019 ; status bitfield
     6048             (o8/memory-map.equ):00089         DK.OPC          equ $6048 ; operation
     6049             (o8/memory-map.equ):00090         DK.DRV          equ $6049 ; drive
     604C             (o8/memory-map.equ):00091         DK.SEC          equ $604C ; sector
     604A             (o8/memory-map.equ):00092         DK.TRK          equ $604A ; $604B ; track
     604E             (o8/memory-map.equ):00093         DK.STA          equ $604E ; return status
     604F             (o8/memory-map.equ):00094         DK.BUF          equ $604F ; $6050 ; data write location
     6023             (o8/memory-map.equ):00095         FIRQPT          equ $6023 ; routine firq
     6027             (o8/memory-map.equ):00096         TIMERPT         equ $6027 ; routine irq timer
     6081             (o8/memory-map.equ):00097         CF74021.SYS1.R  equ $6081 ; reading value for CF74021.SYS1
                      (o8/memory-map.equ):00098         
                      (o8/memory-map.equ):00099         ; constants
     0035             (o8/memory-map.equ):00100         EF5860.TXIRQON  equ %00110101 ; 8bits, no parity check, stop 1, tx interrupt
     0015             (o8/memory-map.equ):00101         EF5860.TXIRQOFF equ %00010101 ; 8bits, no parity check, stop 1, no interrupt
     4DFF             (o8/memory-map.equ):00102         IRQ.ONEFRAME    equ 312*64-1  ; one frame timer (lines*cycles_per_lines-1), timer launch at -1
                      (o8/memory-map.equ):00103         
                      (o8/memory-map.equ):00104         ; -----------------------------------------------------------------------------
                      (o8/memory-map.equ):00105         
                      (o8/memory-map.equ):00106         ; mapping to core routines
                      (o8/memory-map.equ):00107         
     E7CD             (o8/memory-map.equ):00108         CORE.DAC        equ MC6821.PRA2
     E7E6             (o8/memory-map.equ):00109         CORE.RND        equ CF74021.CART
                      (o8/memory-map.equ):00110         
                      (o8/memory-map.equ):00111          ENDC
                      (ast-zoid.unit.asm):00028                 INCLUDE "src/common/engine/ram.const.asm"
                      (ine/ram.const.asm):00001         * Garde d'inclusion : un membre de pageset porte plusieurs units qui
                      (ine/ram.const.asm):00002         * incluent chacun cet en-tete. Un en-tete doit pouvoir etre inclus deux
                      (ine/ram.const.asm):00003         * fois — c'est vrai independamment du pageset.
                      (ine/ram.const.asm):00004          IFNDEF RTYPE_RAM_CONST
     0001             (ine/ram.const.asm):00005         RTYPE_RAM_CONST equ 1
                      (ine/ram.const.asm):00006         
                      (ine/ram.const.asm):00007         * ===========================================================================
                      (ine/ram.const.asm):00008         * Object pool geometry and resident RAM — frozen for the whole game
                      (ine/ram.const.asm):00009         * ===========================================================================
                      (ine/ram.const.asm):00010         * Lane 4 of the stage boundary : these equates are baked into the engine when
                      (ine/ram.const.asm):00011         * it is assembled, and the engine is assembled once. Every stage therefore
                      (ine/ram.const.asm):00012         * shares them, which is the decision recorded in the boundary analysis — v1
                      (ine/ram.const.asm):00013         * already used the same values in all its game modes.
                      (ine/ram.const.asm):00014         *
                      (ine/ram.const.asm):00015         * Everything is an equate, never a fill : a v2 unit is relocatable, its first
                      (ine/ram.const.asm):00016         * byte is its entry point, and reserving space with fill would both push the
                      (ine/ram.const.asm):00017         * entry point away from offset zero and leave the tables wherever the linker
                      (ine/ram.const.asm):00018         * happened to put the code.
                      (ine/ram.const.asm):00019         
                      (ine/ram.const.asm):00020         * Les pas de moveByScript, dans l'echelle de la v1 (global/scale.asm) : un
                      (ine/ram.const.asm):00021         * pixel horizontal vaut 0,375 et un vertical 0,75 dans le repere du jeu.
     FFA0             (ine/ram.const.asm):00022         moveByScript.NEGXSTEP        equ -$0060
     0060             (ine/ram.const.asm):00023         moveByScript.POSXSTEP        equ  $0060
     FF40             (ine/ram.const.asm):00024         moveByScript.NEGYSTEP        equ -$00C0
     00C0             (ine/ram.const.asm):00025         moveByScript.POSYSTEP        equ  $00C0
                      (ine/ram.const.asm):00026         
                      (ine/ram.const.asm):00027         ; 46, et non les 50 de la v1 : le stage 1 porte le sequencement du boss (2),
                      (ine/ram.const.asm):00028         ; la sequence de fin (1) et la lib log residente (1) — voir les commits. Ce qui
                      (ine/ram.const.asm):00029         ; DOIT etre resident (cinq objets pagines l'appellent, et la fenetre cartouche
                      (ine/ram.const.asm):00030         ; ne monte qu'une page a la fois). La RAM residente de la page 1 est saturee —
                      (ine/ram.const.asm):00031         ; le moteur n'avait pas la marge — donc les octets sortent du
                      (ine/ram.const.asm):00032         ; pool. TROIS valeurs bougent ensemble et rien ne verifie leur accord :
                      (ine/ram.const.asm):00033         ; ce nombre, <reserved name="objects.pool"> et <region name="stage"> du layout.
                      (ine/ram.const.asm):00034         ;
                      (ine/ram.const.asm):00035         ; 46 -> 45 (banc d'echange) : le 46e slot rend ses 117 octets, dont 16 logent
                      (ine/ram.const.asm):00036         ; les temoins du banc (bench.const.asm, <reserved name="bench"> a $8766). La
                      (ine/ram.const.asm):00037         ; page 1 n'a pas un octet libre par construction — le bloc `globals` est plein
                      (ine/ram.const.asm):00038         ; a +147 et au-dessus c'est la pile — donc les temoins EMPRUNTENT un slot
                      (ine/ram.const.asm):00039         ; d'objet, rendu quand le banc partira. Le banc ne cree qu'une dizaine
                      (ine/ram.const.asm):00040         ; d'objets, la marge reste large.
                      (ine/ram.const.asm):00041         ;
                      (ine/ram.const.asm):00042         ; 44 -> 43 (2026-08-19, decision auteur) : le title a grossi d'un octet et son
                      (ine/ram.const.asm):00043         ; dernier octet — l'entree 15 de Pal_loading — atterrissait SUR bench.magic
                      (ine/ram.const.asm):00044         ; ($8766) : entree 15 bleue a l'ecran LOADING, en silence, jusqu'a ce que la
                      (ine/ram.const.asm):00045         ; garde <reserved> du builder le refuse. Le pool rend un slot : sa base monte
                      (ine/ram.const.asm):00046         ; a $8850, bench ($87DB) et cast ($87EB) remontent d'autant, et les unites
                      (ine/ram.const.asm):00047         ; title/stage disposent de $8000-$87DA (+117 octets).
                      (ine/ram.const.asm):00048         ;
                      (ine/ram.const.asm):00049         ; 43 -> 60 ET DEMENAGEMENT (2026-08-20, decision auteur) : depuis l'overlay,
                      (ine/ram.const.asm):00050         ; la demi-page 0 ($4000-$5FFF) n'a plus de cellules de fond — c'est de la RAM
                      (ine/ram.const.asm):00051         ; stable (PRC bit 0 epingle par _gfxlock.init sous OverlayMode, il ne suit
                      (ine/ram.const.asm):00052         ; plus la parite buffer : sans ca le pool n'existerait qu'une trame sur
                      (ine/ram.const.asm):00053         ; deux). Le pool ET les quatre OST statiques y demenagent : 60 slots
                      (ine/ram.const.asm):00054         ; dynamiques + fondu + les 3 slots d'armement (64 x 117 = $1D40, 704 octets
                      (ine/ram.const.asm):00055         ; de marge dans la demi-page). La page 1 rend $8850-$9DCA (~5,5 Ko) — la
                      (ine/ram.const.asm):00056         ; place du mscroll resident (stage 3) et de la zone par-stage. Les ancres
                      (ine/ram.const.asm):00057         ; qui bougent ENSEMBLE : ces equates, <reserved name="objects.*"> du
                      (ine/ram.const.asm):00058         ; config (passes en page $00) et l'ex <reserved name="background.save">
                      (ine/ram.const.asm):00059         ; retire.
     003C             (ine/ram.const.asm):00060         nb_dynamic_objects           equ 60
     0040             (ine/ram.const.asm):00061         nb_graphical_objects         equ 64
     0014             (ine/ram.const.asm):00062         ext_variables_size           equ 20  ; per dynamic object
                      (ine/ram.const.asm):00063         
                      (ine/ram.const.asm):00064         * The dynamic object pool, in resident RAM above the stage region. La geometrie
                      (ine/ram.const.asm):00065         * est celle de la v1 pour le niveau 1 (game-mode/01/ram_data.asm) :
                      (ine/ram.const.asm):00066         * nb_dynamic_objects = 50, nb_graphical_objects = 64. object_size vaut 117, donc
                      (ine/ram.const.asm):00067         * le pool prend $16DA octets. Le second n'est pas gratuit — il dimensionne les
                      (ine/ram.const.asm):00068         * tables sous-objets et les listes « unset » des buffers de priorite, soit
                      (ine/ram.const.asm):00069         * 8 x nb_graphical_objects, +256 octets au moteur — mais 50 objets dont 32
                      (ine/ram.const.asm):00070         * seulement peuvent etre dessines n'aurait pas de sens.
                      (ine/ram.const.asm):00071         * Le pool remonte jusqu'au bloc `globals` : entre lui et les globales,
                      (ine/ram.const.asm):00072         * il n'y a plus que l'OST statique du fondu. C'est le trou libre de 1 547 octets
                      (ine/ram.const.asm):00073         * qui trainait entre les deux, absorbe.
                      (ine/ram.const.asm):00074         * L'ANCRE, et le piege qu'elle porte : cette valeur DOIT etre l'adresse du bloc
                      (ine/ram.const.asm):00075         * reserve `globals` du layout (to8.config.xml) et de GLOBAL_VARIABLES
                      (ine/ram.const.asm):00076         * (state/variables.asm). Rien ne verifie l'accord — le layout decrit la RAM au
                      (ine/ram.const.asm):00077         * builder, ces equates la decrivent a l'assembleur, et les deux se croient.
                      (ine/ram.const.asm):00078         * Vecu le 2026-08-05 : le bloc globals a recule de $40 pour loger la trainee du
                      (ine/ram.const.asm):00079         * joueur, l'ancre est restee a $9E80, et les OST statiques ont recouvert la
                      (ine/ram.const.asm):00080         * trainee sans un mot. Les trois valeurs bougent ENSEMBLE.
                      (ine/ram.const.asm):00081         * 2026-08-10 : $9E40 -> $9DCB (-117). La pile de 28 octets debordait : la
                      (ine/ram.const.asm):00082         * chaine de mort d'un objet (RemoveAABB/DeleteObject/UnloadObject) sous IRQ
                      (ine/ram.const.asm):00083         * plongeait sous $9ED4 et ecrasait player_pos_ring_buffer_ptr — premier octet
                      (ine/ram.const.asm):00084         * sous le plancher — d'ou la trainee desalignee qui labourait la page directe
                      (ine/ram.const.asm):00085         * puis la fenetre cartouche (gel au 2e passage du stage 1). Le pool rend un
                      (ine/ram.const.asm):00086         * objet (nb_dynamic_objects 45 -> 44) : sa BASE ne bouge pas ($87DB), tout le
                      (ine/ram.const.asm):00087         * haut descend de 117 et la pile passe a 145 octets ($9E5F-$9EF0).
                      (ine/ram.const.asm):00088         * 2026-08-15 : profondeur MESUREE sous toje (sentinelle $55 sous S, campagne
                      (ine/ram.const.asm):00089         * complete : morts, rechargements de checkpoint, game over, sequences de fin,
                      (ine/ram.const.asm):00090         * stages 1..8) : 84 octets au pic. Le debordement de 28 etait donc reel, pas
                      (ine/ram.const.asm):00091         * un bug annexe ; et les 145 gardent ~60 octets de marge — a re-mesurer quand
                      (ine/ram.const.asm):00092         * les casts d'ennemis reels (chaines RunPgSubRoutine plus profondes) seront
                      (ine/ram.const.asm):00093         * branches, avant d'envisager de rendre le pas de 117 au pool.
     9DCB             (ine/ram.const.asm):00094         GLOBALS_BASE                 equ $9DCB
                      (ine/ram.const.asm):00095         ; Le pool vit dans la demi-page 0, ancre en $4000 et croissant — il ne derive
                      (ine/ram.const.asm):00096         ; plus de GLOBALS_BASE (2026-08-20, voir le recit au-dessus). GLOBALS_BASE ne
                      (ine/ram.const.asm):00097         ; borne plus que les globales/pile de la page 1.
     4000             (ine/ram.const.asm):00098         Dynamic_Object_RAM           equ $4000
     4EC4             (ine/ram.const.asm):00099         Dynamic_Object_RAM_End       equ Dynamic_Object_RAM+nb_dynamic_objects*object_size
                      (ine/ram.const.asm):00100         
                      (ine/ram.const.asm):00101         * Les OST HORS POOL : des objets uniques, vivants pour toute la partie, que le
                      (ine/ram.const.asm):00102         * jeu lance par _Obj_RunU avec l'adresse de leur OST. Ils ne passent pas par
                      (ine/ram.const.asm):00103         * l'allocateur — la v1 les declarait de meme dans le ram_data de son game mode.
                      (ine/ram.const.asm):00104         * Ils suivent le pool dans la demi-page 0 (fondu puis les 3 slots d'armement).
                      (ine/ram.const.asm):00105         * Les QUATRE OST statiques de la v1 (game-mode/01/ram_data.asm), dans son ordre
                      (ine/ram.const.asm):00106         * et contigus. Trois d'entre eux attendent encore leur objet — le force pod et
                      (ine/ram.const.asm):00107         * les deux bit devices ne sont pas portes — mais leur PLACE est reservee des
                      (ine/ram.const.asm):00108         * maintenant : c'est elle qui fige la carte de la page residente, et la reserver
                      (ine/ram.const.asm):00109         * apres coup obligerait a re-decouper regions et pool.
                      (ine/ram.const.asm):00110         *
                      (ine/ram.const.asm):00111         * NE PAS RETAILLER un seul de ces emplacements : la v1 le dit en toutes lettres
                      (ine/ram.const.asm):00112         * pour le fondu, qui ecrit o_fade_curwait au-dela de ce qu'un OST trimme
                      (ine/ram.const.asm):00113         * couvrirait, et deborderait alors sur son voisin.
                      (ine/ram.const.asm):00114         *
                      (ine/ram.const.asm):00115         * La v1 les amorce a leur routine Dormant dans Level01_Start puis au
                      (ine/ram.const.asm):00116         * rechargement de checkpoint ; ces deux gestes viendront avec les objets.
     0004             (ine/ram.const.asm):00117         nb_static_objects            equ 4
                      (ine/ram.const.asm):00118         
     4EC4             (ine/ram.const.asm):00119         palettefade                  equ Dynamic_Object_RAM_End
     4F03             (ine/ram.const.asm):00120         forcepodOST                  equ palettefade+object_size
     4F42             (ine/ram.const.asm):00121         bitdevTopOST                 equ forcepodOST+object_size
     4F81             (ine/ram.const.asm):00122         bitdevBotOST                 equ bitdevTopOST+object_size
                      (ine/ram.const.asm):00123         
                      (ine/ram.const.asm):00124         * L'OST DU JOUEUR vit en PAGE DIRECTE, pas dans le pool : le joueur tourne a
                      (ine/ram.const.asm):00125         * chaque trame et ses champs sont lus sans arret, donc la v1 lui donnait
                      (ine/ram.const.asm):00126         * l'espace utilisateur de la page directe (149 o pour un OST de 117).
     9F00             (ine/ram.const.asm):00127         player1                      equ dp
                      (ine/ram.const.asm):00128         
                      (ine/ram.const.asm):00129         * L'etat de la boucle de stage : RUNNING tourne le jeu, DEAD deroule la mort
                      (ine/ram.const.asm):00130         * (le joueur y bascule a la fin de son explosion), CHECKPOINT recharge. Des
                      (ine/ram.const.asm):00131         * CONSTANTES partagees a l'assemblage ; la variable, elle, vit dans le stage
                      (ine/ram.const.asm):00132         * et traverse le lien (le joueur l'ecrit en EXTERNAL).
     0000             (ine/ram.const.asm):00133         mainloop.state.RUNNING       equ   0
     0002             (ine/ram.const.asm):00134         mainloop.state.DEAD          equ   2
     0004             (ine/ram.const.asm):00135         mainloop.state.CHECKPOINT    equ   4
                      (ine/ram.const.asm):00136         
                      (ine/ram.const.asm):00137          ENDC
                      (ast-zoid.unit.asm):00029                 INCLUDE "engine/constants.asm"
                      (ine/constants.asm):00001         * Garde d'inclusion : un membre de pageset porte plusieurs units qui
                      (ine/constants.asm):00002         * incluent chacun cet en-tete. Un en-tete doit pouvoir etre inclus deux
                      (ine/constants.asm):00003         * fois — c'est vrai independamment du pageset.
                      (ine/constants.asm):00004          IFNDEF ENGINE_CONSTANTS
     0001             (ine/constants.asm):00005         ENGINE_CONSTANTS equ 1
                      (ine/constants.asm):00006         
                      (ine/constants.asm):00007         * ---------------------------------------------------------------------------
                      (ine/constants.asm):00008         * Constants
                      (ine/constants.asm):00009         *
                      (ine/constants.asm):00010         * Naming convention
                      (ine/constants.asm):00011         * -----------------
                      (ine/constants.asm):00012         * - lower case
                      (ine/constants.asm):00013         * - underscore-separated names
                      (ine/constants.asm):00014         *
                      (ine/constants.asm):00015         * ---------------------------------------------------------------------------
                      (ine/constants.asm):00016         
                      (ine/constants.asm):00017          ifndef constants.asm
     0001             (ine/constants.asm):00018         constants.asm equ 1
                      (ine/constants.asm):00019         
                      (ine/constants.asm):00020         * ===========================================================================
                      (ine/constants.asm):00021         * TO8 Registers
                      (ine/constants.asm):00022         * ===========================================================================
                      (ine/constants.asm):00023         
                      (ine/constants.asm):00024         ; Disk routine registers (ROM)
                      (ine/constants.asm):00025         
     6049             (ine/constants.asm):00026         dk_drive                      equ $6049
     604A             (ine/constants.asm):00027         dk_track                      equ $604A
     604B             (ine/constants.asm):00028         dk_track_lsb                  equ $604B
     604C             (ine/constants.asm):00029         dk_sector                     equ $604C
     604F             (ine/constants.asm):00030         dk_write_location             equ $604F
                      (ine/constants.asm):00031         
                      (ine/constants.asm):00032         * ===========================================================================
                      (ine/constants.asm):00033         * Globals
                      (ine/constants.asm):00034         * ===========================================================================
                      (ine/constants.asm):00035         
                      (ine/constants.asm):00036         ; WARNING - BuildSprite allow to cross $A000 limit by glb_camera_x_offset/4
                      (ine/constants.asm):00037         ; Graphics routines using S to write may cross by 12 bytes
                      (ine/constants.asm):00038         ; be sure to compile with enough margin here
     9FF4             (ine/constants.asm):00039         glb_ram_end                   equ $A000-12
                      (ine/constants.asm):00040         
                      (ine/constants.asm):00041         ; compilated sprite
     9FF2             (ine/constants.asm):00042         glb_register_s                equ glb_ram_end-2             ; reverved space to store S from ROM routines
                      (ine/constants.asm):00043         
                      (ine/constants.asm):00044         ; DrawSprites
     9FF0             (ine/constants.asm):00045         glb_screen_location_1         equ glb_register_s-2          ; start address for rendering of current sprite Part1     
     9FEE             (ine/constants.asm):00046         glb_screen_location_2         equ glb_screen_location_1-2   ; start address for rendering of current sprite Part2 (DEPENDENCY Must follow Part1)
                      (ine/constants.asm):00047         
     9FEC             (ine/constants.asm):00048         glb_camera_height             equ glb_screen_location_2-2
     9FEA             (ine/constants.asm):00049         glb_camera_width              equ glb_camera_height-2
     9FE8             (ine/constants.asm):00050         glb_camera_x_pos_coarse       equ glb_camera_width-2        ; ((glb_camera_x_pos - 64) / 64) * 64
     9FE6             (ine/constants.asm):00051         glb_camera_x_pos              equ glb_camera_x_pos_coarse-2 ; 16.8 camera x position in palyfield coordinates
     9FE5             (ine/constants.asm):00052         glb_camera_x_sub              equ glb_camera_x_pos-1        ; 
     9FE4             (ine/constants.asm):00053         glb_camera_y_pos              equ glb_camera_x_pos-2        ; 16.8 camera y position in palyfield coordinates
     9FE3             (ine/constants.asm):00054         glb_camera_y_sub              equ glb_camera_y_pos-1        ;
     9FE2             (ine/constants.asm):00055         glb_camera_x_min_pos          equ glb_camera_y_pos-2
     9FE0             (ine/constants.asm):00056         glb_camera_y_min_pos          equ glb_camera_x_min_pos-2
     9FDE             (ine/constants.asm):00057         glb_camera_x_max_pos          equ glb_camera_y_min_pos-2
     9FDC             (ine/constants.asm):00058         glb_camera_y_max_pos          equ glb_camera_x_max_pos-2
     9FDA             (ine/constants.asm):00059         glb_camera_x_offset           equ glb_camera_y_max_pos-2
     9FD8             (ine/constants.asm):00060         glb_camera_y_offset           equ glb_camera_x_offset-2
     9FD7             (ine/constants.asm):00061         glb_force_sprite_refresh      equ glb_camera_y_offset-1
     9FD6             (ine/constants.asm):00062         glb_camera_move               equ glb_force_sprite_refresh-1
     9FD5             (ine/constants.asm):00063         glb_alphaTiles                equ glb_camera_move-1
     9FD4             (ine/constants.asm):00064         glb_timer_second              equ glb_alphaTiles-1
     9FD3             (ine/constants.asm):00065         glb_timer_minute              equ glb_timer_second-1
     9FD3             (ine/constants.asm):00066         glb_timer                     equ glb_timer_minute
     9FD2             (ine/constants.asm):00067         glb_timer_frame               equ glb_timer-1
                      (ine/constants.asm):00068         
                      (ine/constants.asm):00069         ; BankSwitch
     9FD1             (ine/constants.asm):00070         glb_Page                      equ glb_timer_frame-1
     9FB3             (ine/constants.asm):00071         dp_engine                     equ glb_Page-30  ; engine routines tmp var space
     9F97             (ine/constants.asm):00072         dp_extreg                     equ dp_engine-28 ; extra register space (user and engine common)
     9F00             (ine/constants.asm):00073         dp                            equ $9F00        ; user space (149 bytes max)
     9EF0             (ine/constants.asm):00074         glb_system_stack              equ dp-16 ; the log block owns dp-16..dp-1
                      (ine/constants.asm):00075                                                  ; ($9EF0-$9EFF, engine/log/log.const.asm) :
                      (ine/constants.asm):00076                                                  ; the stack tops right below it
                      (ine/constants.asm):00077         
                      (ine/constants.asm):00078         ; generic direct page extra registers
                      (ine/constants.asm):00079         ; -----------------------------------
     9F97             (ine/constants.asm):00080         glb_d0   equ   dp_extreg
     9F98             (ine/constants.asm):00081         glb_d0_b equ   dp_extreg+1
                      (ine/constants.asm):00082         ; must be a free byte here for 24bits computation
     9F9A             (ine/constants.asm):00083         glb_d1   equ   dp_extreg+3
     9F9B             (ine/constants.asm):00084         glb_d1_b equ   dp_extreg+4
                      (ine/constants.asm):00085         ; must be a free byte here for 24bits computation
     9F9D             (ine/constants.asm):00086         glb_d2   equ   dp_extreg+6
     9F9E             (ine/constants.asm):00087         glb_d2_b equ   dp_extreg+7
                      (ine/constants.asm):00088         ; must be a free byte here for 24bits computation
     9FA0             (ine/constants.asm):00089         glb_d3   equ   dp_extreg+9
     9FA1             (ine/constants.asm):00090         glb_d3_b equ   dp_extreg+10
                      (ine/constants.asm):00091         ; must be a free byte here for 24bits computation
     9FA3             (ine/constants.asm):00092         glb_d4   equ   dp_extreg+12
     9FA4             (ine/constants.asm):00093         glb_d4_b equ   dp_extreg+13
     9FA5             (ine/constants.asm):00094         glb_d5   equ   dp_extreg+14
     9FA6             (ine/constants.asm):00095         glb_d5_b equ   dp_extreg+15
     9FA7             (ine/constants.asm):00096         glb_d6   equ   dp_extreg+16
     9FA8             (ine/constants.asm):00097         glb_d6_b equ   dp_extreg+17
     9FA9             (ine/constants.asm):00098         glb_a0   equ   dp_extreg+18
     9FAA             (ine/constants.asm):00099         glb_a0_b equ   dp_extreg+19
     9FAB             (ine/constants.asm):00100         glb_a1   equ   dp_extreg+20
     9FAC             (ine/constants.asm):00101         glb_a1_b equ   dp_extreg+21
     9FAD             (ine/constants.asm):00102         glb_a2   equ   dp_extreg+22
     9FAE             (ine/constants.asm):00103         glb_a2_b equ   dp_extreg+23
     9FAF             (ine/constants.asm):00104         glb_a3   equ   dp_extreg+24
     9FB0             (ine/constants.asm):00105         glb_a3_b equ   dp_extreg+25
     9FB1             (ine/constants.asm):00106         glb_a4   equ   dp_extreg+26
     9FB2             (ine/constants.asm):00107         glb_a4_b equ   dp_extreg+27
                      (ine/constants.asm):00108         
                      (ine/constants.asm):00109         * V2-DEVIATION: Irq_one_frame et Irq_one_line viennent de irq/Irq.asm. La
                      (ine/constants.asm):00110         * periode d'IRQ est une constante du standard video (312 lignes x 64 cycles),
                      (ine/constants.asm):00111         * pas une adresse : une unite paginee qui arme l'IRQ doit la voir ici, a
                      (ine/constants.asm):00112         * l'assemblage.
     4DFF             (ine/constants.asm):00113         Irq_one_frame                 equ 312*64-1 ; one frame timer (lines*cycles_per_lines-1), timer launch at -1
     0040             (ine/constants.asm):00114         Irq_one_line                  equ 64
                      (ine/constants.asm):00115         
                      (ine/constants.asm):00116         * V2-DEVIATION: ces quatre equates viennent de moveByScript.asm.
                      (ine/constants.asm):00117         * Les registres de travail que moveByScript partage avec l'objet appelant.
                      (ine/constants.asm):00118         * Ils vivent ici, et non dans moveByScript.asm, parce qu'une unite paginee
                      (ine/constants.asm):00119         * doit les connaitre a l'assemblage : ce sont des ADRESSES ABSOLUES de page
                      (ine/constants.asm):00120         * directe, pas des etiquettes de code. Les faire franchir la frontiere de
                      (ine/constants.asm):00121         * lien (EXPORT/EXTERNAL) les ferait rebaser par le linker -- $9FA9 devient
                      (ine/constants.asm):00122         * $00A9, l'objet ecrit son callback dans sa propre page, et moveByScript
                      (ine/constants.asm):00123         * rappelle l'adresse $0000.
                      (ine/constants.asm):00124         * Cas de migration : docs/lang/en/migration/equates-link-boundary.md
     9FA9             (ine/constants.asm):00125         moveByScript.callback       equ glb_a0     ; object routine that must be called each move step
     9F97             (ine/constants.asm):00126         moveByScript.anim.speed     equ glb_d0     ; number of move steps by frame
     9F98             (ine/constants.asm):00127         moveByScript.anim.end       equ glb_d0_b   ; boolean to inform object that script is over
     9F99             (ine/constants.asm):00128         moveByScript.anim.loops     equ glb_d0_b+1 ; will run the routine n times to compensate frame drop
                      (ine/constants.asm):00129         
                      (ine/constants.asm):00130         * ===========================================================================
                      (ine/constants.asm):00131         * Display Constants
                      (ine/constants.asm):00132         * ===========================================================================
                      (ine/constants.asm):00133         
     00A0             (ine/constants.asm):00134         screen_width                  equ 160             ; in pixel
     00C8             (ine/constants.asm):00135         screen_height                 equ 200             ; in pixel
     001C             (ine/constants.asm):00136         screen_top                    equ (256-200)/2     ; in pixel
     00E3             (ine/constants.asm):00137         screen_bottom                 equ screen_top+199  ; in pixel
     0030             (ine/constants.asm):00138         screen_left                   equ (256-160)/2     ; in pixel
     00CF             (ine/constants.asm):00139         screen_right                  equ screen_left+159 ; in pixel
     0008             (ine/constants.asm):00140         nb_priority_levels            equ 8               ; number of priority levels (need code change if modified)
                      (ine/constants.asm):00141         
                      (ine/constants.asm):00142         * ===========================================================================
                      (ine/constants.asm):00143         * Images Constants
                      (ine/constants.asm):00144         * ===========================================================================
                      (ine/constants.asm):00145         
     0004             (ine/constants.asm):00146         image_x_size                  equ 4
     0005             (ine/constants.asm):00147         image_y_size                  equ 5
     0006             (ine/constants.asm):00148         image_center_offset           equ 6
                      (ine/constants.asm):00149         
     0004             (ine/constants.asm):00150         image_subset_x1_offset        equ 4
     0005             (ine/constants.asm):00151         image_subset_y1_offset        equ 5
                      (ine/constants.asm):00152         
     0000             (ine/constants.asm):00153         page_draw_routine             equ 0
     0001             (ine/constants.asm):00154         draw_routine                  equ 1
     0003             (ine/constants.asm):00155         page_erase_routine            equ 3
     0004             (ine/constants.asm):00156         erase_routine                 equ 4
     0006             (ine/constants.asm):00157         erase_nb_cell                 equ 6
                      (ine/constants.asm):00158         
                      (ine/constants.asm):00159         * ===========================================================================
                      (ine/constants.asm):00160         * Sound Constants
                      (ine/constants.asm):00161         * ===========================================================================
                      (ine/constants.asm):00162         
     0000             (ine/constants.asm):00163         sound_page        equ 0
     0001             (ine/constants.asm):00164         sound_start_addr  equ 1
     0003             (ine/constants.asm):00165         sound_end_addr    equ 3
     0005             (ine/constants.asm):00166         sound_meta_size   equ 5
                      (ine/constants.asm):00167         
                      (ine/constants.asm):00168         * ===========================================================================
                      (ine/constants.asm):00169         * Object Constants
                      (ine/constants.asm):00170         * ===========================================================================
                      (ine/constants.asm):00171         
                      (ine/constants.asm):00172         ; ext_variables_size should be declared in game source code
                      (ine/constants.asm):00173         
     0026             (ine/constants.asm):00174         object_base_size              equ 38  ; the size of an object without rsvd and ext_vars
                      (ine/constants.asm):00175          ifndef OverlayMode
0000                  (ine/constants.asm):00176         object_rsvd_size              equ 59
                      (ine/constants.asm):00177          else
     0005             (ine/constants.asm):00178         object_rsvd_size              equ 5
                      (ine/constants.asm):00179          endc
                      (ine/constants.asm):00180         
     003A             (ine/constants.asm):00181         object_rsvd                   equ object_base_size+ext_variables_size
     003F             (ine/constants.asm):00182         object_size                   equ object_base_size+ext_variables_size+object_rsvd_size ; the size of a dynamic object
     003F             (ine/constants.asm):00183         next_object                   equ object_size
     0026             (ine/constants.asm):00184         ext_variables                 equ object_base_size ; start of reserved space for additionnal variables
                      (ine/constants.asm):00185         
     0000             (ine/constants.asm):00186         id                            equ 0   ; reference to object model id (ObjID_) (0: free slot)
     0001             (ine/constants.asm):00187         subtype                       equ 1   ; reference to object subtype (Sub_) DEPENDENCY subtype must follow id
     0001             (ine/constants.asm):00188         subtype_w                     equ 1   ; reference to object subtype (Sub_) takes 2 bytes and overlap render_flags DEPENDENCY subtype must follow id
     0002             (ine/constants.asm):00189         render_flags                  equ 2
     0003             (ine/constants.asm):00190         run_object_prev               equ 3   ; previous object to update when deleting current object
     0005             (ine/constants.asm):00191         run_object_next               equ 5   ; next object to run by RunObjects
                      (ine/constants.asm):00192         
                      (ine/constants.asm):00193          ifndef OverlayMode
                      (ine/constants.asm):00194         * --- render_flags bitfield variables --- background erase pack
0000                  (ine/constants.asm):00195         render_xmirror_mask           equ $01 ; (bit 0) DEPENDENCY should be bit 0 - tell display engine to mirror sprite on horizontal axis
0000                  (ine/constants.asm):00196         render_ymirror_mask           equ $02 ; (bit 1) DEPENDENCY should be bit 1 - tell display engine to mirror sprite on vertical axis
0000                  (ine/constants.asm):00197         render_overlay_mask           equ $04 ; (bit 2) DEPENDENCY should be bit 2 - compilated sprite with no background save
0000                  (ine/constants.asm):00198         render_playfieldcoord_mask    equ $08 ; (bit 3) tell display engine to use playfield (1) or screen (0) coordinates
0000                  (ine/constants.asm):00199         render_xloop_mask             equ $10 ; (bit 4) (in screen coordinate) tell display engine to hide sprite when x is out of screen (0) or to display (1)  
0000                  (ine/constants.asm):00200         render_todelete_mask          equ $20 ; (bit 5) tell display engine to delete sprite and clear OST for this object
0000                  (ine/constants.asm):00201         render_subobjects_mask        equ $40 ; (bit 6) tell display engine to render subobjects for this object
0000                  (ine/constants.asm):00202         render_hide_mask              equ $80 ; (bit 7) tell display engine to hide sprite (keep priority and mapping_frame)
                      (ine/constants.asm):00203          else
                      (ine/constants.asm):00204         ; --- render_flags bitfield variables --- overlay pack
     0001             (ine/constants.asm):00205         render_xmirror_mask           equ $01 ; (bit 0) DEPENDENCY should be bit 0 - tell display engine to mirror sprite on horizontal axis
     0002             (ine/constants.asm):00206         render_ymirror_mask           equ $02 ; (bit 1) DEPENDENCY should be bit 1 - tell display engine to mirror sprite on vertical axis
                      (ine/constants.asm):00207         
     0008             (ine/constants.asm):00208         render_playfieldcoord_mask    equ $08 ; (bit 3) tell display engine to use playfield (1) or screen (0) coordinates
     0010             (ine/constants.asm):00209         render_xloop_mask             equ $10 ; (bit 4) (in screen coordinate) tell display engine to hide sprite when x is out of screen (0) or to display (1)  
     0020             (ine/constants.asm):00210         render_no_range_ctrl_mask     equ $20 ; (bit 5) tell display engine to skip out of range controls (this may lead to memory corruption BEWARE)
     0040             (ine/constants.asm):00211         render_subobjects_mask        equ $40 ; (bit 6) tell display engine to render subobjects for this object
     0080             (ine/constants.asm):00212         render_hide_mask              equ $80 ; (bit 7) tell display engine to hide sprite (keep priority and mapping_frame)
                      (ine/constants.asm):00213          endc
                      (ine/constants.asm):00214         
     0007             (ine/constants.asm):00215         priority                      equ 7           ; display priority (0: nothing to display, 1:front, ..., 8:back)
     0008             (ine/constants.asm):00216         anim                          equ 8  ; and 9  ; reference to current animation (Ani_)
     000A             (ine/constants.asm):00217         prev_anim                     equ 10 ; and 11 ; reference to previous animation (Ani_)
     000A             (ine/constants.asm):00218         sub_anim                      equ 10 ; and 11 ; reference to sub animation
     000C             (ine/constants.asm):00219         anim_frame                    equ 12          ; index of current frame in animation
     000D             (ine/constants.asm):00220         anim_frame_duration           equ 13          ; number of frames for each image in animation, range: 00-7F (0-127), 0 means display only during one frame
     000D             (ine/constants.asm):00221         wave_frame_drop               equ 13          ; share the same position as anim_frame_duration, used by object wave management to keep object creation frame drop
     000E             (ine/constants.asm):00222         anim_flags                    equ 14          ; byte offset to reference an anim_flags LUT (adv) / store a link flag (non adv)
                      (ine/constants.asm):00223         
                      (ine/constants.asm):00224         * --- anim_flags bitfield variables ---
     0004             (ine/constants.asm):00225         anim_link_mask                equ $04 ; (bit 2) if set, allow the load of a new animation without reseting anim_frame and anim_frame_duration
                      (ine/constants.asm):00226         
     000E             (ine/constants.asm):00227         status_flags                  equ 14          ; orientation of sprite, is applied to animation xmirror flag during AnimateSprite
                      (ine/constants.asm):00228         
                      (ine/constants.asm):00229         * --- status_flags bitfield variables ---
     0001             (ine/constants.asm):00230         status_xflip_mask             equ $01 ; (bit 0) X Flip
     0002             (ine/constants.asm):00231         status_yflip_mask             equ $02 ; (bit 1) Y Flip
                      (ine/constants.asm):00232         
     0010             (ine/constants.asm):00233         image_set                     equ 16 ; and 17 ; reference to current image (Img_) (0000 if no image)
     0012             (ine/constants.asm):00234         x_pos                         equ 18 ; and 19 ; x playfield coordinate
     0014             (ine/constants.asm):00235         x_sub                         equ 20          ; x subpixel (1/256 of a pixel), must follow x_pos in data structure
     0015             (ine/constants.asm):00236         y_pos                         equ 21 ; and 22 ; y playfield coordinate
     0017             (ine/constants.asm):00237         y_sub                         equ 23          ; y subpixel (1/256 of a pixel), must follow y_pos in data structure
     0018             (ine/constants.asm):00238         xy_pixel                      equ 24          ; x and y screen coordinate
     0018             (ine/constants.asm):00239         x_pixel                       equ 24          ; x screen coordinate
     0019             (ine/constants.asm):00240         y_pixel                       equ 25          ; y screen coordinate, must follow x_pixel
     001A             (ine/constants.asm):00241         x_vel                         equ 26 ; and 27 ; s8.8 horizontal velocity
     001C             (ine/constants.asm):00242         y_vel                         equ 28 ; and 29 ; s8.8 vertical velocity
     001E             (ine/constants.asm):00243         x_acl                         equ 30 ; and 31 ; s8.8 horizontal gravity
     0020             (ine/constants.asm):00244         y_acl                         equ 32 ; and 33 ; s8.8 vertical gravity
     0022             (ine/constants.asm):00245         routine                       equ 34          ; index of current object routine
     0023             (ine/constants.asm):00246         routine_secondary             equ 35          ; index of current secondary routine
     0024             (ine/constants.asm):00247         routine_tertiary              equ 36          ; index of current tertiary routine
     0025             (ine/constants.asm):00248         routine_quaternary            equ 37          ; index of current quaternary routine
                      (ine/constants.asm):00249         
                      (ine/constants.asm):00250          ifndef OverlayMode
                      (ine/constants.asm):00251         * ---------------------------------------------------------------------------
                      (ine/constants.asm):00252         * reserved variables (read/write by engine)
                      (ine/constants.asm):00253         
0000                  (ine/constants.asm):00254         rsv_render_flags              equ object_rsvd
                      (ine/constants.asm):00255         
                      (ine/constants.asm):00256         * --- rsv_render_flags bitfield variables ---
0000                  (ine/constants.asm):00257         rsv_render_checkrefresh_mask  equ $01 ; (bit 0) if erasesprite and display sprite flag are processed for this frame
0000                  (ine/constants.asm):00258         rsv_render_erasesprite_mask   equ $02 ; (bit 1) if a sprite need to be cleared on screen
0000                  (ine/constants.asm):00259         rsv_render_displaysprite_mask equ $04 ; (bit 2) if a sprite need to be rendered on screen
0000                  (ine/constants.asm):00260         rsv_render_outofrange_mask    equ $08 ; (bit 3) if a sprite is out of range for full rendering in screen
0000                  (ine/constants.asm):00261         rsv_render_onscreen_mask      equ $80 ; (bit 7) DEPENDENCY should be bit 7 - has been rendered on last screen buffer (may be 0 or 1)
                      (ine/constants.asm):00262         
0000                  (ine/constants.asm):00263         rsv_prev_anim                 equ object_rsvd+1 ; and +2 ; reference to previous animation (Ani_) w * UTILE ?
0000                  (ine/constants.asm):00264         rsv_image_center_offset       equ object_rsvd+3 ; 0 or 1 offset that indicate if image center is even or odd (DRS_XYToAddress)
0000                  (ine/constants.asm):00265         rsv_image_subset              equ object_rsvd+4 ; and +5 ; reference to current image regarding mirror flags w
0000                  (ine/constants.asm):00266         rsv_mapping_frame             equ object_rsvd+6 ; and +7 ; reference to current image regarding mirror flags, overlay flag and x precision w
0000                  (ine/constants.asm):00267         rsv_erase_nb_cell             equ object_rsvd+8 ; b 
0000                  (ine/constants.asm):00268         rsv_page_draw_routine         equ object_rsvd+9 ; b
0000                  (ine/constants.asm):00269         rsv_draw_routine              equ object_rsvd+10 ; and +11 ; w
0000                  (ine/constants.asm):00270         rsv_page_erase_routine        equ object_rsvd+12 ; b
0000                  (ine/constants.asm):00271         rsv_erase_routine             equ object_rsvd+13 ; and +14 ; w 
0000                  (ine/constants.asm):00272         rsv_xy1_pixel                 equ object_rsvd+15 ;
0000                  (ine/constants.asm):00273         rsv_x1_pixel                  equ object_rsvd+15 ; x+x_offset-(x_size/2) screen coordinate
0000                  (ine/constants.asm):00274         rsv_y1_pixel                  equ object_rsvd+16 ; y+y_offset-(y_size/2) screen coordinate, must follow rsv_x1_pixel
0000                  (ine/constants.asm):00275         rsv_xy2_pixel                 equ object_rsvd+17 ;
0000                  (ine/constants.asm):00276         rsv_x2_pixel                  equ object_rsvd+17 ; x+x_offset+(x_size/2) screen coordinate
0000                  (ine/constants.asm):00277         rsv_y2_pixel                  equ object_rsvd+18 ; y+y_offset+(y_size/2) screen coordinate, must follow rsv_x2_pixel
                      (ine/constants.asm):00278         
                      (ine/constants.asm):00279         * ---------------------------------------------------------------------------
                      (ine/constants.asm):00280         * reserved variables (engine) - buffer specific
                      (ine/constants.asm):00281         
0000                  (ine/constants.asm):00282         rsv_buffer_0                  equ object_rsvd+19 ; Start index of buffer 0 variables
0000                  (ine/constants.asm):00283         rsv_priority_0                equ object_rsvd+19 ; internal value that hold priority in video buffer 0
0000                  (ine/constants.asm):00284         rsv_priority_prev_obj_0       equ object_rsvd+20 ; and +21 ; previous object (OST address) in display priority list for video buffer 0 (0000 if none) w
0000                  (ine/constants.asm):00285         rsv_priority_next_obj_0       equ object_rsvd+22 ; and +23 ; next object (OST address) in display priority list for video buffer 0 (0000 if none) w
0000                  (ine/constants.asm):00286         rsv_prev_mapping_frame_0      equ object_rsvd+24 ; and +25 ; reference to previous image in video buffer 0 w
0000                  (ine/constants.asm):00287         rsv_prev_erase_nb_cell_0      equ object_rsvd+26 : b
0000                  (ine/constants.asm):00288         rsv_prev_page_erase_routine_0 equ object_rsvd+27 ; b
0000                  (ine/constants.asm):00289         rsv_prev_erase_routine_0      equ object_rsvd+28 ; and +29 ; w
0000                  (ine/constants.asm):00290         rsv_bgdata_0                  equ object_rsvd+30 ; and +31 ; address of background data in screen 0 w
0000                  (ine/constants.asm):00291         rsv_prev_xy_pixel_0           equ object_rsvd+32 ;
0000                  (ine/constants.asm):00292         rsv_prev_x_pixel_0            equ object_rsvd+32 ; previous x screen coordinate b
0000                  (ine/constants.asm):00293         rsv_prev_y_pixel_0            equ object_rsvd+33 ; previous y screen coordinate b, must follow x_pixel
0000                  (ine/constants.asm):00294         rsv_prev_xy1_pixel_0          equ object_rsvd+34 ;
0000                  (ine/constants.asm):00295         rsv_prev_x1_pixel_0           equ object_rsvd+34 ; previous x+x_offset-(x_size/2) screen coordinate b
0000                  (ine/constants.asm):00296         rsv_prev_y1_pixel_0           equ object_rsvd+35 ; previous y+y_offset-(y_size/2) screen coordinate b, must follow x1_pixel
0000                  (ine/constants.asm):00297         rsv_prev_xy2_pixel_0          equ object_rsvd+36 ;
0000                  (ine/constants.asm):00298         rsv_prev_x2_pixel_0           equ object_rsvd+36 ; previous x+x_offset+(x_size/2) screen coordinate b
0000                  (ine/constants.asm):00299         rsv_prev_y2_pixel_0           equ object_rsvd+37 ; previous y+y_offset+(y_size/2) screen coordinate b, must follow x2_pixel
0000                  (ine/constants.asm):00300         rsv_prev_render_flags_0       equ object_rsvd+38 ;
                      (ine/constants.asm):00301         * --- rsv_prev_render_flags_0 bitfield variables ---
0000                  (ine/constants.asm):00302         rsv_prev_render_overlay_mask  equ $01 ; (bit 0) if a sprite has been rendered with compilated sprite and no background save on screen buffer 0/1
0000                  (ine/constants.asm):00303         rsv_prev_render_onscreen_mask equ $80 ; (bit 7) DEPENDENCY should be bit 7 - has been rendered on screen buffer 0/1
                      (ine/constants.asm):00304         
0000                  (ine/constants.asm):00305         rsv_buffer_1                  equ object_rsvd+39 ; Start index of buffer 1 variables
0000                  (ine/constants.asm):00306         rsv_priority_1                equ object_rsvd+39 ; internal value that hold priority in video buffer 1
0000                  (ine/constants.asm):00307         rsv_priority_prev_obj_1       equ object_rsvd+40 ; and +41 ; previous object (OST address) in display priority list for video buffer 1 (0000 if none) w
0000                  (ine/constants.asm):00308         rsv_priority_next_obj_1       equ object_rsvd+42 ; and +43 ; next object (OST address) in display priority list for video buffer 1 (0000 if none) w
0000                  (ine/constants.asm):00309         rsv_prev_mapping_frame_1      equ object_rsvd+44 ; and +45 ; reference to previous image in video buffer 1 w
0000                  (ine/constants.asm):00310         rsv_prev_erase_nb_cell_1      equ object_rsvd+46 ; b
0000                  (ine/constants.asm):00311         rsv_prev_page_erase_routine_1 equ object_rsvd+47 ; b
0000                  (ine/constants.asm):00312         rsv_prev_erase_routine_1      equ object_rsvd+48 ; and +49 ; w
0000                  (ine/constants.asm):00313         rsv_bgdata_1                  equ object_rsvd+50 ; and +51 ; address of background data in screen 1 w
0000                  (ine/constants.asm):00314         rsv_prev_xy_pixel_1           equ object_rsvd+52 ;
0000                  (ine/constants.asm):00315         rsv_prev_x_pixel_1            equ object_rsvd+52 ; previous x screen coordinate b
0000                  (ine/constants.asm):00316         rsv_prev_y_pixel_1            equ object_rsvd+53 ; previous y screen coordinate b, must follow x_pixel
0000                  (ine/constants.asm):00317         rsv_prev_xy1_pixel_1          equ object_rsvd+54 ;
0000                  (ine/constants.asm):00318         rsv_prev_x1_pixel_1           equ object_rsvd+54 ; previous x+x_size screen coordinate b
0000                  (ine/constants.asm):00319         rsv_prev_y1_pixel_1           equ object_rsvd+55 ; previous y+y_size screen coordinate b, must follow x_pixel
0000                  (ine/constants.asm):00320         rsv_prev_xy2_pixel_1          equ object_rsvd+56 ;
0000                  (ine/constants.asm):00321         rsv_prev_x2_pixel_1           equ object_rsvd+56 ; previous x+x_size screen coordinate b
0000                  (ine/constants.asm):00322         rsv_prev_y2_pixel_1           equ object_rsvd+57 ; previous y+y_size screen coordinate b, must follow x_pixel
0000                  (ine/constants.asm):00323         rsv_prev_render_flags_1       equ object_rsvd+58 ;
                      (ine/constants.asm):00324         
0000                  (ine/constants.asm):00325         buf_priority                  equ 0  ; offset for each rsv_buffer variables
0000                  (ine/constants.asm):00326         buf_priority_prev_obj         equ 1  ;
0000                  (ine/constants.asm):00327         buf_priority_next_obj         equ 3  ;
0000                  (ine/constants.asm):00328         buf_prev_mapping_frame        equ 5  ;
0000                  (ine/constants.asm):00329         buf_erase_nb_cell             equ 7  ;
0000                  (ine/constants.asm):00330         buf_page_erase_routine        equ 8 ;
0000                  (ine/constants.asm):00331         buf_erase_routine             equ 9 ;
0000                  (ine/constants.asm):00332         buf_bgdata                    equ 11 ;
0000                  (ine/constants.asm):00333         buf_prev_xy_pixel             equ 13 ;
0000                  (ine/constants.asm):00334         buf_prev_x_pixel              equ 13 ;
0000                  (ine/constants.asm):00335         buf_prev_y_pixel              equ 14 ;
0000                  (ine/constants.asm):00336         buf_prev_xy1_pixel            equ 15 ;
0000                  (ine/constants.asm):00337         buf_prev_x1_pixel             equ 15 ;
0000                  (ine/constants.asm):00338         buf_prev_y1_pixel             equ 16 ;
0000                  (ine/constants.asm):00339         buf_prev_xy2_pixel            equ 17 ;
0000                  (ine/constants.asm):00340         buf_prev_x2_pixel             equ 17 ;
0000                  (ine/constants.asm):00341         buf_prev_y2_pixel             equ 18 ;
0000                  (ine/constants.asm):00342         buf_prev_render_flags         equ 19 ;
                      (ine/constants.asm):00343          else
                      (ine/constants.asm):00344         * ---------------------------------------------------------------------------
                      (ine/constants.asm):00345         * reserved variables (engine) - buffer specific - overlay pack
                      (ine/constants.asm):00346         
     003A             (ine/constants.asm):00347         rsv_priority                  equ object_rsvd   ; internal value that hold priority in video buffer 0
     003B             (ine/constants.asm):00348         rsv_priority_prev_obj         equ object_rsvd+1 ; and +2 ; previous object (OST address) in display priority list for video buffer 0 (0000 if none) w
     003D             (ine/constants.asm):00349         rsv_priority_next_obj         equ object_rsvd+3 ; and +4 ; next object (OST address) in display priority list for video buffer 0 (0000 if none) w
                      (ine/constants.asm):00350         
                      (ine/constants.asm):00351         ; ---------------------------------------------------------------------------
                      (ine/constants.asm):00352         ; when childsprites are activated (i.e. bit #6 of render_flags set)
                      (ine/constants.asm):00353         ; object_base_size+ext_variables_size should cover at least 7+56 bytes 
                      (ine/constants.asm):00354         ; subtype is recovered
     0001             (ine/constants.asm):00355         mainspr_childsprites    equ   subtype         ; amount of child sprites
     0007             (ine/constants.asm):00356         mainspr_width           equ   run_object_next+2
     0008             (ine/constants.asm):00357         mainspr_height          equ   run_object_next+3
     0009             (ine/constants.asm):00358         mainspr_x_pos           equ   mainspr_height+1
     000B             (ine/constants.asm):00359         mainspr_y_pos           equ   mainspr_height+3
     000D             (ine/constants.asm):00360         mainspr_mapframe        equ   mainspr_height+5
     000F             (ine/constants.asm):00361         sub2_x_pos              equ   mainspr_x_pos+6
     0011             (ine/constants.asm):00362         sub2_y_pos              equ   mainspr_y_pos+6
     0013             (ine/constants.asm):00363         sub2_mapframe           equ   mainspr_mapframe+6
     0015             (ine/constants.asm):00364         sub3_x_pos              equ   sub2_x_pos+6
     0017             (ine/constants.asm):00365         sub3_y_pos              equ   sub2_y_pos+6
     0019             (ine/constants.asm):00366         sub3_mapframe           equ   sub2_mapframe+6
     001B             (ine/constants.asm):00367         sub4_x_pos              equ   sub3_x_pos+6
     001D             (ine/constants.asm):00368         sub4_y_pos              equ   sub3_y_pos+6
     001F             (ine/constants.asm):00369         sub4_mapframe           equ   sub3_mapframe+6
     0021             (ine/constants.asm):00370         sub5_x_pos              equ   sub4_x_pos+6
     0023             (ine/constants.asm):00371         sub5_y_pos              equ   sub4_y_pos+6
     0025             (ine/constants.asm):00372         sub5_mapframe           equ   sub4_mapframe+6
     0027             (ine/constants.asm):00373         sub6_x_pos              equ   sub5_x_pos+6
     0029             (ine/constants.asm):00374         sub6_y_pos              equ   sub5_y_pos+6
     002B             (ine/constants.asm):00375         sub6_mapframe           equ   sub5_mapframe+6
     002D             (ine/constants.asm):00376         sub7_x_pos              equ   sub6_x_pos+6
     002F             (ine/constants.asm):00377         sub7_y_pos              equ   sub6_y_pos+6
     0031             (ine/constants.asm):00378         sub7_mapframe           equ   sub6_mapframe+6
     0033             (ine/constants.asm):00379         sub8_x_pos              equ   sub7_x_pos+6
     0035             (ine/constants.asm):00380         sub8_y_pos              equ   sub7_y_pos+6
     0037             (ine/constants.asm):00381         sub8_mapframe           equ   sub7_mapframe+6
     0039             (ine/constants.asm):00382         sub9_x_pos              equ   sub8_x_pos+6
     003B             (ine/constants.asm):00383         sub9_y_pos              equ   sub8_y_pos+6
     003D             (ine/constants.asm):00384         sub9_mapframe           equ   sub8_mapframe+6
     0006             (ine/constants.asm):00385         next_subspr             equ   6 ; size of a subsprite data
                      (ine/constants.asm):00386          endc
                      (ine/constants.asm):00387          endc
                      (ine/constants.asm):00388         
                      (ine/constants.asm):00389          ENDC
                      (ast-zoid.unit.asm):00030                 INCLUDE "engine/macros.asm"
                      (engine/macros.asm):00001         * Garde d'inclusion : un membre de pageset porte plusieurs units qui
                      (engine/macros.asm):00002         * incluent chacun cet en-tete. Un en-tete doit pouvoir etre inclus deux
                      (engine/macros.asm):00003         * fois — c'est vrai independamment du pageset.
                      (engine/macros.asm):00004          IFNDEF ENGINE_MACROS
     0001             (engine/macros.asm):00005         ENGINE_MACROS equ 1
                      (engine/macros.asm):00006         
0000                  (engine/macros.asm):00007         _ldd MACRO
                      (engine/macros.asm):00008                 ldd   #((\1)*256)+\2
                      (engine/macros.asm):00009          ENDM
                      (engine/macros.asm):00010          
0000                  (engine/macros.asm):00011         _ldx MACRO
                      (engine/macros.asm):00012                 ldx   #((\1)*256)+\2
                      (engine/macros.asm):00013          ENDM
                      (engine/macros.asm):00014          
0000                  (engine/macros.asm):00015         _ldy MACRO
                      (engine/macros.asm):00016                 ldy   #((\1)*256)+\2
                      (engine/macros.asm):00017          ENDM
                      (engine/macros.asm):00018          
0000                  (engine/macros.asm):00019         _ldu MACRO
                      (engine/macros.asm):00020                 ldu   #((\1)*256)+\2
                      (engine/macros.asm):00021          ENDM  
                      (engine/macros.asm):00022          
0000                  (engine/macros.asm):00023         _lds MACRO
                      (engine/macros.asm):00024                 lds   #((\1)*256)+\2
                      (engine/macros.asm):00025          ENDM   
                      (engine/macros.asm):00026          
0000                  (engine/macros.asm):00027         _SetCartPageA MACRO
                      (engine/macros.asm):00028          IFDEF T2
                      (engine/macros.asm):00029                 jsr   SetCartPageA
                      (engine/macros.asm):00030          ELSE
                      (engine/macros.asm):00031                 sta   $E7E6                    ; selection de la page RAM en zone cartouche
                      (engine/macros.asm):00032          ENDC
                      (engine/macros.asm):00033          ENDM      
                      (engine/macros.asm):00034          
0000                  (engine/macros.asm):00035         _GetCartPageA MACRO
                      (engine/macros.asm):00036          IFDEF T2
                      (engine/macros.asm):00037                 jsr   GetCartPageA
                      (engine/macros.asm):00038          ELSE
                      (engine/macros.asm):00039                 lda   $E7E6
                      (engine/macros.asm):00040          ENDC
                      (engine/macros.asm):00041          ENDM
                      (engine/macros.asm):00042         
0000                  (engine/macros.asm):00043         _SetCartPageB MACRO
                      (engine/macros.asm):00044          IFDEF T2
                      (engine/macros.asm):00045                 jsr   SetCartPageB
                      (engine/macros.asm):00046          ELSE
                      (engine/macros.asm):00047                 stb   $E7E6                    ; selection de la page RAM en zone cartouche
                      (engine/macros.asm):00048          ENDC
                      (engine/macros.asm):00049          ENDM      
                      (engine/macros.asm):00050          
0000                  (engine/macros.asm):00051         _GetCartPageB MACRO
                      (engine/macros.asm):00052          IFDEF T2
                      (engine/macros.asm):00053                 jsr   GetCartPageB
                      (engine/macros.asm):00054          ELSE
                      (engine/macros.asm):00055                 ldb   $E7E6
                      (engine/macros.asm):00056          ENDC
                      (engine/macros.asm):00057          ENDM     
                      (engine/macros.asm):00058         
0000                  (engine/macros.asm):00059         _RunObjectSwap MACRO
                      (engine/macros.asm):00060                 ; param 1 : ObjID_
                      (engine/macros.asm):00061                 ; param 2 : Object data RAM address
                      (engine/macros.asm):00062                 ; manual launch of an object from a different dynamic memory page and not from the resident page 1
                      (engine/macros.asm):00063                 lda   Obj_Index_Page+\1
                      (engine/macros.asm):00064                 sta   PSR_Page   
                      (engine/macros.asm):00065                 ldd   Obj_Index_Address+2*\1
                      (engine/macros.asm):00066                 std   PSR_Address       
                      (engine/macros.asm):00067                 ldu   \2             
                      (engine/macros.asm):00068                 jsr   RunPgSubRoutine
                      (engine/macros.asm):00069          ENDM    
                      (engine/macros.asm):00070         
0000                  (engine/macros.asm):00071         _RunObjectSwapRoutine MACRO
                      (engine/macros.asm):00072                 ; param 1 : ObjID_
                      (engine/macros.asm):00073                 ; param 2 : Object routine
                      (engine/macros.asm):00074                 ; manual launch of an object from a different dynamic memory page and not from the resident page 1
                      (engine/macros.asm):00075                 lda   Obj_Index_Page+\1   
                      (engine/macros.asm):00076                 sta   PSR_Page   
                      (engine/macros.asm):00077                 ldd   Obj_Index_Address+2*\1
                      (engine/macros.asm):00078                 std   PSR_Address       
                      (engine/macros.asm):00079                 ldb   \2        
                      (engine/macros.asm):00080                 jsr   RunPgSubRoutine
                      (engine/macros.asm):00081          ENDM 
                      (engine/macros.asm):00082          
0000                  (engine/macros.asm):00083         _MountObject MACRO 
                      (engine/macros.asm):00084                 ; param 1 : ObjID_
                      (engine/macros.asm):00085                 ; manual mount of an object from the resident page 1
                      (engine/macros.asm):00086                 lda   Obj_Index_Page+\1
                      (engine/macros.asm):00087                 _SetCartPageA
                      (engine/macros.asm):00088                 ldx   Obj_Index_Address+2*\1
                      (engine/macros.asm):00089          ENDM
                      (engine/macros.asm):00090         
0000                  (engine/macros.asm):00091         _RunObject MACRO 
                      (engine/macros.asm):00092                 ; param 1 : ObjID_
                      (engine/macros.asm):00093                 ; param 2 : Object data RAM address
                      (engine/macros.asm):00094                 ; manual launch of an object from the resident page 1
                      (engine/macros.asm):00095                 _MountObject \1
                      (engine/macros.asm):00096                 ldu   \2        
                      (engine/macros.asm):00097                 jsr   ,x
                      (engine/macros.asm):00098          ENDM
                      (engine/macros.asm):00099         
0000                  (engine/macros.asm):00100         _RunObjectRoutineA MACRO 
                      (engine/macros.asm):00101                 ; param 1 : ObjID_
                      (engine/macros.asm):00102                 ; param 2 : Object routine
                      (engine/macros.asm):00103                 ; manual launch of an object from the resident page 1
                      (engine/macros.asm):00104                 ; this object does not need or have a data structure for this routine
                      (engine/macros.asm):00105                 _MountObject \1
                      (engine/macros.asm):00106                 lda   \2        
                      (engine/macros.asm):00107                 jsr   ,x
                      (engine/macros.asm):00108          ENDM
                      (engine/macros.asm):00109         
0000                  (engine/macros.asm):00110         _RunObjectRoutineB MACRO 
                      (engine/macros.asm):00111                 ; param 1 : ObjID_
                      (engine/macros.asm):00112                 ; param 2 : Object routine
                      (engine/macros.asm):00113                 ; manual launch of an object from the resident page 1
                      (engine/macros.asm):00114                 ; this object does not need or have a data structure for this routine
                      (engine/macros.asm):00115                 _MountObject \1
                      (engine/macros.asm):00116                 ldb   \2        
                      (engine/macros.asm):00117                 jsr   ,x
                      (engine/macros.asm):00118          ENDM
                      (engine/macros.asm):00119         
0000                  (engine/macros.asm):00120         _SwitchScreenBuffer MACRO
                      (engine/macros.asm):00121                 ldb   $E7E5
                      (engine/macros.asm):00122                 eorb  #1                       ; switch btw page 2 and 3
                      (engine/macros.asm):00123                 orb   #$02
                      (engine/macros.asm):00124                 stb   $E7E5
                      (engine/macros.asm):00125          ENDM
                      (engine/macros.asm):00126         
0000                  (engine/macros.asm):00127         _asld MACRO
                      (engine/macros.asm):00128                 aslb
                      (engine/macros.asm):00129                 rola
                      (engine/macros.asm):00130          ENDM        
                      (engine/macros.asm):00131          
0000                  (engine/macros.asm):00132         _asrd MACRO
                      (engine/macros.asm):00133                 asra
                      (engine/macros.asm):00134                 rorb
                      (engine/macros.asm):00135          ENDM      
                      (engine/macros.asm):00136          
0000                  (engine/macros.asm):00137         _lsld MACRO
                      (engine/macros.asm):00138                 lslb
                      (engine/macros.asm):00139                 rola
                      (engine/macros.asm):00140          ENDM        
                      (engine/macros.asm):00141          
0000                  (engine/macros.asm):00142         _lsrd MACRO
                      (engine/macros.asm):00143                 lsra
                      (engine/macros.asm):00144                 rorb
                      (engine/macros.asm):00145          ENDM
                      (engine/macros.asm):00146          
0000                  (engine/macros.asm):00147         _rold MACRO
                      (engine/macros.asm):00148                 rolb
                      (engine/macros.asm):00149                 rola
                      (engine/macros.asm):00150          ENDM    
                      (engine/macros.asm):00151          
0000                  (engine/macros.asm):00152         _rord MACRO
                      (engine/macros.asm):00153                 rora
                      (engine/macros.asm):00154                 rorb
                      (engine/macros.asm):00155          ENDM
                      (engine/macros.asm):00156         
0000                  (engine/macros.asm):00157         _negd MACRO
                      (engine/macros.asm):00158                 nega
                      (engine/macros.asm):00159                 negb
                      (engine/macros.asm):00160                 sbca  #0
                      (engine/macros.asm):00161          ENDM
                      (engine/macros.asm):00162         
0000                  (engine/macros.asm):00163         _cba MACRO
                      (engine/macros.asm):00164                 pshs  b
                      (engine/macros.asm):00165                 cmpa  ,s+
                      (engine/macros.asm):00166          ENDM
                      (engine/macros.asm):00167         
0000                  (engine/macros.asm):00168         _aba MACRO
                      (engine/macros.asm):00169                 pshs  b
                      (engine/macros.asm):00170                 adda  ,s+
                      (engine/macros.asm):00171          ENDM
                      (engine/macros.asm):00172         
0000                  (engine/macros.asm):00173         _sba MACRO
                      (engine/macros.asm):00174                 pshs  b
                      (engine/macros.asm):00175                 suba  ,s+
                      (engine/macros.asm):00176          ENDM
                      (engine/macros.asm):00177         
0000                  (engine/macros.asm):00178         _cab MACRO
                      (engine/macros.asm):00179                 pshs  a
                      (engine/macros.asm):00180                 cmpb  ,s+
                      (engine/macros.asm):00181          ENDM
                      (engine/macros.asm):00182         
0000                  (engine/macros.asm):00183         _aab MACRO
                      (engine/macros.asm):00184                 pshs  a
                      (engine/macros.asm):00185                 addb  ,s+
                      (engine/macros.asm):00186          ENDM
                      (engine/macros.asm):00187         
0000                  (engine/macros.asm):00188         _sab MACRO
                      (engine/macros.asm):00189                 pshs  a
                      (engine/macros.asm):00190                 subb  ,s+
                      (engine/macros.asm):00191          ENDM
                      (engine/macros.asm):00192         
0000                  (engine/macros.asm):00193         _breakpoint MACRO
                      (engine/macros.asm):00194          IFDEF DEBUG
                      (engine/macros.asm):00195                 pshs  CC
                      (engine/macros.asm):00196                 sta   >$ffff
                      (engine/macros.asm):00197                 puls  CC
                      (engine/macros.asm):00198          ENDC
                      (engine/macros.asm):00199          ENDM
                      (engine/macros.asm):00200         
0000                  (engine/macros.asm):00201         _waitFrames MACRO
                      (engine/macros.asm):00202                lda   \1
0000                  (engine/macros.asm):00203         @l1    tst   $E7E7 ; beam is not in the screen
                      (engine/macros.asm):00204                bpl   @l1   ; until the bit is 0 loop
0000                  (engine/macros.asm):00205         @l2    tst   $E7E7 ; beam is in the screen
                      (engine/macros.asm):00206                bmi   @l2   ; until the bit is 1 loop
                      (engine/macros.asm):00207                deca
                      (engine/macros.asm):00208                bne   @l1
                      (engine/macros.asm):00209          ENDM
                      (engine/macros.asm):00210          
                      (engine/macros.asm):00211         
                      (engine/macros.asm):00212          ENDC
                      (ast-zoid.unit.asm):00031                 INCLUDE "engine/collision/macros.asm"
                      (lision/macros.asm):00001         * Garde d'inclusion : un membre de pageset porte plusieurs units qui
                      (lision/macros.asm):00002         * incluent chacun cet en-tete. Un en-tete doit pouvoir etre inclus deux
                      (lision/macros.asm):00003         * fois — c'est vrai independamment du pageset.
                      (lision/macros.asm):00004          IFNDEF COLLISION_MACROS
     0001             (lision/macros.asm):00005         COLLISION_MACROS equ 1
                      (lision/macros.asm):00006         
                      (lision/macros.asm):00007         ; usage:
                      (lision/macros.asm):00008         ;
                      (lision/macros.asm):00009         ; in the main code :
                      (lision/macros.asm):00010         ; AABB_List_friend fdb   0,0
                      (lision/macros.asm):00011         ; AABB_List_ennemy fdb   0,0
                      (lision/macros.asm):00012         ; AABB_List_player fdb   0,0
                      (lision/macros.asm):00013         ; AABB_List_bonus  fdb   0,0
                      (lision/macros.asm):00014         ; 
                      (lision/macros.asm):00015         ; in the object code :
                      (lision/macros.asm):00016         ; AABB_0 equ ext_variables ; 9 bytes
                      (lision/macros.asm):00017         ;
                      (lision/macros.asm):00018         ; _Collision_AddAABB AABB_0,AABB_list_friend
                      (lision/macros.asm):00019         ; _Collision_RemoveAABB AABB_0,AABB_list_friend
                      (lision/macros.asm):00020         ; _Collision_CleanLinksAABB AABB_0
                      (lision/macros.asm):00021         ; _Collision_Do AABB_list_friend,AABB_list_ennemy
                      (lision/macros.asm):00022         ;
                      (lision/macros.asm):00023         ; WARNING !
                      (lision/macros.asm):00024         ; - When a box change from a list to another, you MUST use CleanLinksAABB after removing and before adding
                      (lision/macros.asm):00025         ; - Never use a single box in two or more lists
                      (lision/macros.asm):00026         ; --------------------------------------
                      (lision/macros.asm):00027         
0000                  (lision/macros.asm):00028         _Collision_AddAABB MACRO
                      (lision/macros.asm):00029                 pshs  u,x,y
                      (lision/macros.asm):00030                 leax  \1,u
                      (lision/macros.asm):00031                 ldy   #\2
                      (lision/macros.asm):00032                 jsr   Collision_AddAABB
                      (lision/macros.asm):00033                 puls  u,x,y
                      (lision/macros.asm):00034          ENDM
                      (lision/macros.asm):00035         
0000                  (lision/macros.asm):00036         _Collision_AddAABB_x MACRO
                      (lision/macros.asm):00037                 pshs  u,x,y
                      (lision/macros.asm):00038                 leax  \1,x
                      (lision/macros.asm):00039                 ldy   #\2
                      (lision/macros.asm):00040                 jsr   Collision_AddAABB
                      (lision/macros.asm):00041                 puls  u,x,y
                      (lision/macros.asm):00042          ENDM
                      (lision/macros.asm):00043         
                      (lision/macros.asm):00044         ; --------------------------------------
                      (lision/macros.asm):00045         
0000                  (lision/macros.asm):00046         _Collision_RemoveAABB MACRO
                      (lision/macros.asm):00047                 pshs  d,u,x,y
                      (lision/macros.asm):00048                 ldx   #\2
                      (lision/macros.asm):00049                 stx   Collision_Remove_1
                      (lision/macros.asm):00050                 stx   Collision_Remove_3
                      (lision/macros.asm):00051                 leax  2,x
                      (lision/macros.asm):00052                 stx   Collision_Remove_2
                      (lision/macros.asm):00053                 leax  \1,u
                      (lision/macros.asm):00054                 jsr   Collision_RemoveAABB
                      (lision/macros.asm):00055                 puls  d,u,x,y
                      (lision/macros.asm):00056          ENDM
                      (lision/macros.asm):00057         
                      (lision/macros.asm):00058         ; --------------------------------------
                      (lision/macros.asm):00059         
0000                  (lision/macros.asm):00060         _Collision_CleanLinksAABB MACRO
                      (lision/macros.asm):00061                 ldd   #0
                      (lision/macros.asm):00062                 std   \1+AABB.prev,u
                      (lision/macros.asm):00063                 std   \1+AABB.next,u
                      (lision/macros.asm):00064          ENDM
                      (lision/macros.asm):00065         
                      (lision/macros.asm):00066         ; --------------------------------------
                      (lision/macros.asm):00067         
0000                  (lision/macros.asm):00068         _Collision_Do MACRO
                      (lision/macros.asm):00069                 ldd   \1
                      (lision/macros.asm):00070                 std   Collision_Do_1
                      (lision/macros.asm):00071                 ldd   \2
                      (lision/macros.asm):00072                 std   Collision_Do_2
                      (lision/macros.asm):00073                 jsr   Collision_Do
                      (lision/macros.asm):00074          ENDM
                      (lision/macros.asm):00075         
                      (lision/macros.asm):00076          ENDC
                      (ast-zoid.unit.asm):00032                 INCLUDE "engine/collision/struct_AABB.equ"
                      (n/struct_AABB.equ):00001         * Garde d'inclusion : un membre de pageset porte plusieurs units qui
                      (n/struct_AABB.equ):00002         * incluent chacun cet en-tete. Un en-tete doit pouvoir etre inclus deux
                      (n/struct_AABB.equ):00003         * fois — c'est vrai independamment du pageset.
                      (n/struct_AABB.equ):00004          IFNDEF STRUCT_AABB_EQU
     0001             (n/struct_AABB.equ):00005         STRUCT_AABB_EQU equ 1
                      (n/struct_AABB.equ):00006         
                      (n/struct_AABB.equ):00007         
                      (n/struct_AABB.equ):00008          ifndef struct_AABB
     0001             (n/struct_AABB.equ):00009         struct_AABB equ 1
                      (n/struct_AABB.equ):00010         
                      (n/struct_AABB.equ):00011         AABB struct
0000s                 (n/struct_AABB.equ):00012         p       rmb   1
0001s                 (n/struct_AABB.equ):00013         rx      rmb   1
0002s                 (n/struct_AABB.equ):00014         ry      rmb   1
0003s                 (n/struct_AABB.equ):00015         cx      rmb   1
0004s                 (n/struct_AABB.equ):00016         cy      rmb   1
0005s                 (n/struct_AABB.equ):00017         prev    rmb   2
0007s                 (n/struct_AABB.equ):00018         next    rmb   2
0009s                 (n/struct_AABB.equ):00019          endstruct
                      (n/struct_AABB.equ):00020          endc
                      (n/struct_AABB.equ):00021         
                      (n/struct_AABB.equ):00022          ENDC
                      (ast-zoid.unit.asm):00033                 INCLUDE "src/stages/02/objid.const.asm"
                      (2/objid.const.asm):00001         * Object ids of stage 2 : the shared prefix, then the stage's own.
                      (2/objid.const.asm):00002         * Hand-maintained since the <objectindex> retirement (2026-08-11) — the dev
                      (2/objid.const.asm):00003         * owns the numbering, the builder places, links and bakes.
                      (2/objid.const.asm):00004         
                      (2/objid.const.asm):00005          IFNDEF OBJID_CONST_02
     0001             (2/objid.const.asm):00006         OBJID_CONST_02 equ 1
                      (2/objid.const.asm):00007         
                      (2/objid.const.asm):00008                 INCLUDE "src/common/objid-common.const.asm"
                      (-common.const.asm):00001         * Object ids shared by every stage — TIER 1 of the numbering model.
                      (-common.const.asm):00002         *
                      (-common.const.asm):00003         * The resident engine and the common units bake these numbers once, so every
                      (-common.const.asm):00004         * stage index MUST carry them at these exact slots ; a stage that has no
                      (-common.const.asm):00005         * provider for one of them plugs the slot (stage.placeholder). Stage-local
                      (-common.const.asm):00006         * ids start AFTER this prefix, in the stage's own objid.const.asm — they are
                      (-common.const.asm):00007         * free per stage, nothing outside the stage cites them.
                      (-common.const.asm):00008         *
                      (-common.const.asm):00009         * Hand-maintained since the <objectindex> retirement (2026-08-11) : the
                      (-common.const.asm):00010         * include IS the invariant — the old generator only promised it in a comment.
                      (-common.const.asm):00011         
                      (-common.const.asm):00012          IFNDEF OBJID_COMMON
     0001             (-common.const.asm):00013         OBJID_COMMON equ 1
                      (-common.const.asm):00014         
     0001             (-common.const.asm):00015         ObjID_animation equ 1
     0002             (-common.const.asm):00016         ObjID_explosion equ 2
     0003             (-common.const.asm):00017         ObjID_fade equ 3
     0004             (-common.const.asm):00018         ObjID_Player1 equ 4
     0005             (-common.const.asm):00019         ObjID_Weapon equ 5
     0006             (-common.const.asm):00020         ObjID_commonmissile equ 6
     0007             (-common.const.asm):00021         ObjID_beamcharge equ 7
     0008             (-common.const.asm):00022         ObjID_beamp equ 8
     0009             (-common.const.asm):00023         ObjID_emitter_flash equ 9
     000A             (-common.const.asm):00024         ObjID_collision equ 10
     000B             (-common.const.asm):00025         ObjID_createFoeFire equ 11
     000C             (-common.const.asm):00026         ObjID_loadFirePreset equ 12
     000D             (-common.const.asm):00027         ObjID_foefire equ 13
     000E             (-common.const.asm):00028         ObjID_initlevel1 equ 14
     000F             (-common.const.asm):00029         ObjID_engineflames equ 15
     0010             (-common.const.asm):00030         ObjID_messages equ 16
     0011             (-common.const.asm):00031         ObjID_endstage equ 17
     0012             (-common.const.asm):00032         ObjID_pow_optionbox equ 18
     0013             (-common.const.asm):00033         ObjID_bitdevice equ 19
     0014             (-common.const.asm):00034         ObjID_forcepod equ 20
     0015             (-common.const.asm):00035         ObjID_forcepod_simplefire equ 21
     0016             (-common.const.asm):00036         ObjID_forcepod_reboundlaser equ 22
     0017             (-common.const.asm):00037         ObjID_forcepod_counterairlaser equ 23
     0018             (-common.const.asm):00038         ObjID_scantfire equ 24
     0019             (-common.const.asm):00039         ObjID_tabrokcanon equ 25
     001A             (-common.const.asm):00040         ObjID_shellEraser equ 26
     001B             (-common.const.asm):00041         ObjID_commonmissileflame equ 27
     001C             (-common.const.asm):00042         ObjID_dobkeratops_saw equ 28
     001D             (-common.const.asm):00043         ObjID_dobkeratops_explosion equ 29
                      (-common.const.asm):00044         
     001D             (-common.const.asm):00045         objid.common.count equ 29
                      (-common.const.asm):00046         
                      (-common.const.asm):00047         * The specific ids of every co-loadable set (stage/title objid.const.asm)
                      (-common.const.asm):00048         * start at 30 : the shared prefix must stay below that base. Growing past
                      (-common.const.asm):00049         * it would silently collide with every set's first specific id.
                      (-common.const.asm):00050          IFGE objid.common.count-30
                      (-common.const.asm):00051                 ERROR common object ids overflow the specific base (30)
                      (-common.const.asm):00052          ENDC
                      (-common.const.asm):00053         
                      (-common.const.asm):00054          ENDC
                      (2/objid.const.asm):00009         
     001E             (2/objid.const.asm):00010         ObjID_pow equ 30
     001F             (2/objid.const.asm):00011         ObjID_checkpoint equ 31
     0020             (2/objid.const.asm):00012         ObjID_bossmusic equ 32
                      (2/objid.const.asm):00013         * Le cast du chantier 3 — squelettes (spawn + delete immédiat), les
                      (2/objid.const.asm):00014         * implémentations viendront de la référence arcade, ennemi par ennemi.
     0021             (2/objid.const.asm):00015         ObjID_gouger equ 33
     0022             (2/objid.const.asm):00016         ObjID_wick equ 34
     0023             (2/objid.const.asm):00017         ObjID_brood equ 35
     0024             (2/objid.const.asm):00018         ObjID_outslay equ 36
     0025             (2/objid.const.asm):00019         ObjID_gomander equ 37
                      (2/objid.const.asm):00020         * Les segments d'outslay : la chaine en pose 22, le role voyageant par le
                      (2/objid.const.asm):00021         * subtype. L'emetteur (ObjID_outslay) est ce que la wave spawne ; lui seul
                      (2/objid.const.asm):00022         * apparait dans wave.asm.
                      (2/objid.const.asm):00023         * DEUX ids, et c'est Img_Page_Index qui l'impose : cette table donne UNE page
                      (2/objid.const.asm):00024         * d'imagesets par identifiant, or les 16 poses de tete/finalizer vivent dans
                      (2/objid.const.asm):00025         * leur propre direntry (stage2.cast.imgHead) faute de tenir dans les 16 Ko du
                      (2/objid.const.asm):00026         * cast. Le code est le meme des deux cotes (outslay.Segment) ; seule la page
                      (2/objid.const.asm):00027         * d'images differe.
     0026             (2/objid.const.asm):00028         ObjID_outslay_segment equ 38
     0027             (2/objid.const.asm):00029         ObjID_outslay_head equ 39
                      (2/objid.const.asm):00030         * Le porteur du rendu groupe des segments : un seul objet moteur pour les 20
                      (2/objid.const.asm):00031         * sprites du corps (schema du tailmgr du Dobkeratops).
     0028             (2/objid.const.asm):00032         ObjID_outslay_render equ 40
                      (2/objid.const.asm):00033         * Le projectile de la salve en etoile : art et boite DEDIES cote arcade
                      (2/objid.const.asm):00034         * (tick 95f1, recipes 1000:417e, AABB 1000:4196), pas le bullet commun.
     0029             (2/objid.const.asm):00035         ObjID_outslay_shot equ 41
                      (2/objid.const.asm):00036         * L'animation de decor comme objet : le boss en instancie une par ouverture
                      (2/objid.const.asm):00037         * de tube, elle vit sa duree et se rend. Voir common/fx/tilemapanim/obj.asm.
     002A             (2/objid.const.asm):00038         ObjID_tilemapanim equ 42
                      (2/objid.const.asm):00039         * Le gouger a HUIT identifiants : un par direction, et le double parce que
                      (2/objid.const.asm):00040         * chaque pose est coupee en deux moities dessinees par DEUX objets.
                      (2/objid.const.asm):00041         * Ce n'est pas un caprice. Img_Page_Index ne donne QU'UNE page d'images par
                      (2/objid.const.asm):00042         * identifiant, et les 46 demi-sprites 24x48 du gouger pesent plus de deux
                      (2/objid.const.asm):00043         * pages : chaque direction a donc son direntry et son id, et l'objet bascule
                      (2/objid.const.asm):00044         * sur celui de sa variante des l'init sans en changer — la variante est figee
                      (2/objid.const.asm):00045         * a la naissance (meme motif que la tete et la queue du serpent).
                      (2/objid.const.asm):00046         * La coupe en deux, elle, vient du moteur : BuildSprites rejette EN BLOC un
                      (2/objid.const.asm):00047         * sprite qui deborde de l'ecran, la ou l'arcade le decoupe. Le gouger attend a
                      (2/objid.const.asm):00048         * demi enterre dans la paroi, donc il debordait toujours et n'etait pas dessine
                      (2/objid.const.asm):00049         * du tout. Coupe, seule la moitie enfouie est rejetee. Le parent porte la
                      (2/objid.const.asm):00050         * moitie TOP, son enfant la BOTTOM ; ils partagent la meme position, l'ancre
                      (2/objid.const.asm):00051         * de chaque demi-image faisant le reste.
     002B             (2/objid.const.asm):00052         ObjID_gouger_tl equ 43
     002C             (2/objid.const.asm):00053         ObjID_gouger_tr equ 44
     002D             (2/objid.const.asm):00054         ObjID_gouger_bl equ 45
     002E             (2/objid.const.asm):00055         ObjID_gouger_br equ 46
     002F             (2/objid.const.asm):00056         ObjID_gouger_tl_bottom equ 47
     0030             (2/objid.const.asm):00057         ObjID_gouger_tr_bottom equ 48
     0031             (2/objid.const.asm):00058         ObjID_gouger_bl_bottom equ 49
     0032             (2/objid.const.asm):00059         ObjID_gouger_br_bottom equ 50
                      (2/objid.const.asm):00060         * Le wick visible. La ligne de wave spawne un EMETTEUR (ObjID_wick, 34) ; le
                      (2/objid.const.asm):00061         * wick qu'on voit est son enfant et porte donc son propre identifiant — c'est
                      (2/objid.const.asm):00062         * lui qui designe la page d'images, l'emetteur n'en ayant aucune.
     0033             (2/objid.const.asm):00063         ObjID_wick_unit equ 51
                      (2/objid.const.asm):00064         * Le parasite pondu par le brood. Enfant d'execution (jamais dans une wave) :
                      (2/objid.const.asm):00065         * ses trois tables d'images vivent dans leur propre direntry, que
                      (2/objid.const.asm):00066         * Img_Page_Index designe par cet identifiant.
     0034             (2/objid.const.asm):00067         ObjID_zoid equ 52
                      (2/objid.const.asm):00068         
     0034             (2/objid.const.asm):00069         objid.count equ 52
     0001             (2/objid.const.asm):00070         objid.animation equ ObjID_animation
                      (2/objid.const.asm):00071         
                      (2/objid.const.asm):00072         * RunObjects scales an id with aslb+abx (id*2 in B, RunObjects.asm) : an id
                      (2/objid.const.asm):00073         * past 127 loses its top bit in the shift and indexes the wrong entry,
                      (2/objid.const.asm):00074         * silently. Ceiling for the whole co-loadable set, shared prefix included.
                      (2/objid.const.asm):00075          IFGT objid.count-127
                      (2/objid.const.asm):00076                 ERROR object ids exceed the RunObjects ceiling (127)
                      (2/objid.const.asm):00077          ENDC
                      (2/objid.const.asm):00078         
                      (2/objid.const.asm):00079          ENDC
                      (ast-zoid.unit.asm):00034                 INCLUDE "src/enemies/enemies_properties.asm"
                      (es_properties.asm):00001         ; Garde d'inclusion : un membre de PAGESET porte plusieurs blocs qui
                      (es_properties.asm):00002         ; incluent chacun cet en-tete. Un en-tete doit pouvoir etre inclus deux
                      (es_properties.asm):00003         ; fois — c'est vrai independamment du pageset.
                      (es_properties.asm):00004          IFNDEF ENEMIES_PROPERTIES
     0001             (es_properties.asm):00005         ENEMIES_PROPERTIES equ 1
                      (es_properties.asm):00006         
                      (es_properties.asm):00007         ; ***********************************************************************************************
                      (es_properties.asm):00008         ;
                      (es_properties.asm):00009         ; Defines the properties for each enemies. A properties is declined into 4 equates :
                      (es_properties.asm):00010         ; 
                      (es_properties.asm):00011         ; - spritename_scoreIdx  : Reward index into scoreTable (global/score.asm); see AwardScore
                      (es_properties.asm):00012         ; - spritename_hitbox_x  : X radius of collision sensibility
                      (es_properties.asm):00013         ; - spritename_hitbox_y  : Y radius of collision sensibility
                      (es_properties.asm):00014         ; - spritename_hitdamage : Damage sensibility
                      (es_properties.asm):00015         ;                          -128 to -1 : invincible hitbox, potential is never changed
                      (es_properties.asm):00016         ;                          0          : disabled hitbox
                      (es_properties.asm):00017         ;                          1 to 126   : hitbox with remaining potential, when collide potential decrease (min 0)
                      (es_properties.asm):00018         ;                          127        : weak hitbox, when collide hitbox is directly disabled and do no harm to other hitbox
                      (es_properties.asm):00019         ; ***********************************************************************************************
                      (es_properties.asm):00020         
                      (es_properties.asm):00021         ; reward indices into scoreTable (global/score.asm) - arcade score_rewards_table/100
     0000             (es_properties.asm):00022         blaster_scoreIdx              equ 0
     0001             (es_properties.asm):00023         patapata_scoreIdx             equ 1
     0001             (es_properties.asm):00024         bug_scoreIdx                  equ 1
     0001             (es_properties.asm):00025         bink_scoreIdx                 equ 1
     0002             (es_properties.asm):00026         cancer_scoreIdx               equ 2
     0007             (es_properties.asm):00027         tabrok_scoreIdx               equ 7
     0002             (es_properties.asm):00028         dobkeratops_eye_scoreIdx      equ 2
     000B             (es_properties.asm):00029         dobkeratops_monster_scoreIdx  equ 11
     0000             (es_properties.asm):00030         wick_scoreIdx                 equ 0
     0003             (es_properties.asm):00031         mid_scoreIdx                  equ 3
     0008             (es_properties.asm):00032         dop_scoreIdx                  equ 8
     0004             (es_properties.asm):00033         gouger_scoreIdx               equ 4
     0009             (es_properties.asm):00034         boldo_scoreIdx                equ 9
     0002             (es_properties.asm):00035         pursuer_scoreIdx              equ 2
     0002             (es_properties.asm):00036         newt_scoreIdx                 equ 2
     0003             (es_properties.asm):00037         cytron_scoreIdx               equ 3
     0001             (es_properties.asm):00038         shell_scoreIdx                equ 1
     0006             (es_properties.asm):00039         brood_scoreIdx                equ 6
     0007             (es_properties.asm):00040         slither_head_scoreIdx         equ 7
     0002             (es_properties.asm):00041         slither_body_scoreIdx         equ 2
     0001             (es_properties.asm):00042         geld_scoreIdx                 equ 1
     0001             (es_properties.asm):00043         outslay_scoreIdx              equ 1
     0001             (es_properties.asm):00044         mikun_scoreIdx                equ 1
     0007             (es_properties.asm):00045         cheetah_scoreIdx              equ 7
     0004             (es_properties.asm):00046         zoid_scoreIdx                 equ 4
     0001             (es_properties.asm):00047         fast_scoreIdx                 equ 1
     0004             (es_properties.asm):00048         scant_scoreIdx                equ 4
     0004             (es_properties.asm):00049         p_staff_scoreIdx              equ 4
     000C             (es_properties.asm):00050         gomander_scoreIdx             equ 12
     000B             (es_properties.asm):00051         compiler_scoreIdx             equ 11
     000A             (es_properties.asm):00052         bellmite_scoreIdx             equ 10
     0002             (es_properties.asm):00053         bellmite_satellite_scoreIdx   equ 2
     0000             (es_properties.asm):00054         bronco_segment_scoreIdx       equ 0
     0003             (es_properties.asm):00055         bronco_chaser_scoreIdx        equ 3
     000D             (es_properties.asm):00056         bronco_subchild_scoreIdx      equ 13
     000E             (es_properties.asm):00057         bydo_core_scoreIdx            equ 14
     0005             (es_properties.asm):00058         warship_subpart_scoreIdx      equ 5
     0007             (es_properties.asm):00059         warship_reactor_scoreIdx      equ 7
     0003             (es_properties.asm):00060         warship_turret_front_scoreIdx equ 3
     0006             (es_properties.asm):00061         warship_multi_turret_scoreIdx equ 6
     0002             (es_properties.asm):00062         warship_big_turret_scoreIdx   equ 2
     0001             (es_properties.asm):00063         warship_small_turret_scoreIdx equ 1
     000D             (es_properties.asm):00064         warship_core_scoreIdx         equ 13
     0007             (es_properties.asm):00065         warship_capsule_scoreIdx      equ 7
                      (es_properties.asm):00066         
                      (es_properties.asm):00067         ; cytron — arcade AABB 0x1000:2E36 = -12..+12 sur les deux axes ; x0,375 et
                      (es_properties.asm):00068         ; x0,75 donnent 4 et 9. PV arcade indexes par la difficulte (3/5/8/14) : on
                      (es_properties.asm):00069         ; prend la premiere, comme le reste du cast.
     0004             (es_properties.asm):00070         cytron_hitbox_x         equ 4
     0009             (es_properties.asm):00071         cytron_hitbox_y         equ 9
     0003             (es_properties.asm):00072         cytron_hitdamage        equ 3
                      (es_properties.asm):00073         
     0004             (es_properties.asm):00074         patapata_hitbox_x       equ 4
     0008             (es_properties.asm):00075         patapata_hitbox_y       equ 8
     0001             (es_properties.asm):00076         patapata_hitdamage      equ 1
                      (es_properties.asm):00077         
     0004             (es_properties.asm):00078         bug_hitbox_x            equ 4
     0008             (es_properties.asm):00079         bug_hitbox_y            equ 8
     0001             (es_properties.asm):00080         bug_hitdamage           equ 1
                      (es_properties.asm):00081         
     0004             (es_properties.asm):00082         blaster_hitbox_x        equ 4
     0007             (es_properties.asm):00083         blaster_hitbox_y        equ 7
     0001             (es_properties.asm):00084         blaster_hitdamage       equ 1
                      (es_properties.asm):00085         
     0006             (es_properties.asm):00086         bink_hitbox_x           equ 6
     000D             (es_properties.asm):00087         bink_hitbox_y           equ 13
     0001             (es_properties.asm):00088         bink_hitdamage          equ 1
                      (es_properties.asm):00089         
     0006             (es_properties.asm):00090         cancer_hitbox_x         equ 6
     000D             (es_properties.asm):00091         cancer_hitbox_y         equ 13
     0001             (es_properties.asm):00092         cancer_hitdamage        equ 1
                      (es_properties.asm):00093         
     0006             (es_properties.asm):00094         tabrok_hitbox_x         equ 6   ; FIX E : arcade demi-largeur 16 × 0.375 = 6
     0012             (es_properties.asm):00095         tabrok_hitbox_y         equ 18  ; FIX E : arcade demi-hauteur 24 × 0.75 = 18
     001E             (es_properties.asm):00096         tabrok_hitdamage        equ $1e
                      (es_properties.asm):00097         
     0004             (es_properties.asm):00098         dobkeratops_monster_hitbox_x  equ 4
     0008             (es_properties.asm):00099         dobkeratops_monster_hitbox_y  equ 8
     001E             (es_properties.asm):00100         dobkeratops_monster_hitdamage equ 30 ; ARCADE VERIFIED OK (1e)
                      (es_properties.asm):00101         
     0002             (es_properties.asm):00102         dobkeratops_tail_hitbox_x  equ 2
     0004             (es_properties.asm):00103         dobkeratops_tail_hitbox_y  equ 4
     FF80             (es_properties.asm):00104         dobkeratops_tail_hitdamage equ -128
                      (es_properties.asm):00105         
     0003             (es_properties.asm):00106         dobkeratops_saw_hitbox_x  equ 3
     0006             (es_properties.asm):00107         dobkeratops_saw_hitbox_y  equ 6
     FF80             (es_properties.asm):00108         dobkeratops_saw_hitdamage equ -128
                      (es_properties.asm):00109         
     0003             (es_properties.asm):00110         dobkeratops_eye_hitbox_x  equ 3
     0006             (es_properties.asm):00111         dobkeratops_eye_hitbox_y  equ 6
     0001             (es_properties.asm):00112         dobkeratops_eye_hitdamage equ 1
                      (es_properties.asm):00113         
                      (es_properties.asm):00114         ; Gouger (stage 2). Boite arcade 1000:31ee : ee ff 12 00 ee ff 12 00, soit
                      (es_properties.asm):00115         ; -18..+18 sur les deux axes — un RAYON de 18. A l'echelle du fichier
                      (es_properties.asm):00116         ; (x 0.375 en X, x 0.75 en Y) : 18 x 0.375 = 6.75 -> 7, 18 x 0.75 = 13.5 -> 14.
                      (es_properties.asm):00117         ; Les PV viennent du spawner (40:6fb2), qui ecrase la table de difficulte par
                      (es_properties.asm):00118         ; un $0A inconditionnel.
     0007             (es_properties.asm):00119         gouger_hitbox_x equ 7
     000E             (es_properties.asm):00120         gouger_hitbox_y equ 14
     000A             (es_properties.asm):00121         gouger_hitdamage        equ 10
                      (es_properties.asm):00122         
                      (es_properties.asm):00123         ; Brood (stage 2). Boites arcade 1000:3846, DIFFERENTES par orientation et
                      (es_properties.asm):00124         ; ASYMETRIQUES : plafond x -24..+24 y -16..+32, sol x -24..+24 y -32..+16.
                      (es_properties.asm):00125         ; L'axe Y arcade monte, donc le corps est du cote de la paroi dans les deux
                      (es_properties.asm):00126         ; cas. Demi-etendues a l'echelle du fichier : 24 x 0,375 = 9 en X,
                      (es_properties.asm):00127         ; 24 x 0,75 = 18 en Y. Le centre, lui, est decale de 8 arcade = 6 v2, vers le
                      (es_properties.asm):00128         ; haut au plafond et vers le bas au sol — c'est le code objet qui le pose sur
                      (es_properties.asm):00129         ; cy, notre AABB n'ayant pas d'excentrage.
                      (es_properties.asm):00130         ; 40 PV (0x28), score $8700.
     0009             (es_properties.asm):00131         brood_hitbox_x          equ 9
     0012             (es_properties.asm):00132         brood_hitbox_y          equ 18
     0028             (es_properties.asm):00133         brood_hitdamage         equ 40
     0006             (es_properties.asm):00134         brood_cy_offset         equ 6
                      (es_properties.asm):00135         
                      (es_properties.asm):00136         ; Zoid (stage 2), le parasite que le brood crache. Boite 1000:3f6e.
                      (es_properties.asm):00137         ; 4 PV a l'eclosion (0x04) ; l'oeuf et l'eclosion sont invulnerables — l'oeuf
                      (es_properties.asm):00138         ; eclot au premier coup au lieu d'encaisser, l'eclosion jette le resultat.
     0004             (es_properties.asm):00139         zoid_hitbox_x           equ 4
     0008             (es_properties.asm):00140         zoid_hitbox_y           equ 8
     0004             (es_properties.asm):00141         zoid_hitdamage          equ 4
                      (es_properties.asm):00142         
                      (es_properties.asm):00143         ; Wick (stage 2). Boite arcade 1000:3c12 : f8 ff 08 00 des deux cotes, soit
                      (es_properties.asm):00144         ; -8..+8 — un RAYON de 8. A l'echelle du fichier : 8 x 0,375 = 3 en X et
                      (es_properties.asm):00145         ; 8 x 0,75 = 6 en Y. Il meurt au premier coup, d'ou 1 PV ; son score est le
                      (es_properties.asm):00146         ; plus bas de la table arcade ($86E8), ce que wick_scoreIdx = 0 dit deja.
     0003             (es_properties.asm):00147         wick_hitbox_x           equ 3
     0006             (es_properties.asm):00148         wick_hitbox_y           equ 6
     0001             (es_properties.asm):00149         wick_hitdamage          equ 1
                      (es_properties.asm):00150         
                      (es_properties.asm):00151         ; Outslay (stage 2). Boite arcade 1000:427c : 16x16 centree, soit 8 px de
                      (es_properties.asm):00152         ; demi-cote -> 8 x 0.375 = 3 en X et 8 x 0.75 = 6 en Y... mais l'arcade
                      (es_properties.asm):00153         ; compte en pixels arcade et la boite v2 en pixels larges : la demi-largeur
                      (es_properties.asm):00154         ; utile est celle du sprite (12x24 large-dot), d'ou 6 et 12.
                      (es_properties.asm):00155         ; Seul le CORPS est vulnerable et il meurt au premier coup (933c zerote
                      (es_properties.asm):00156         ; [+0x1f] a l'install et body_tick ne le rearme jamais) ; tete, cou, queue,
                      (es_properties.asm):00157         ; finalizer et cadavre reappliquent l'immunite a chaque trame (929b/929f).
                      (es_properties.asm):00158         ; Gomander (boss du stage 2). L'arcade teste la boite de l'ORBE, son point
                      (es_properties.asm):00159         ; faible : les 8 premiers octets de gomander_orb_sprite_offsets (1000:54ea)
                      (es_properties.asm):00160         ; donnent -16..+16 en X et -8..+8 en Y, arcade -> 16*0.375 = 6 et 8*0.75 = 6.
                      (es_properties.asm):00161         ; 8 PV (a256), mais UN coup par exposition : voir gomander/obj.asm.
     0006             (es_properties.asm):00162         gomander_hitbox_x       equ 6
     0006             (es_properties.asm):00163         gomander_hitbox_y       equ 6
     0008             (es_properties.asm):00164         gomander_hitdamage      equ 8
                      (es_properties.asm):00165         
     0006             (es_properties.asm):00166         outslay_hitbox_x        equ 6
     000C             (es_properties.asm):00167         outslay_hitbox_y        equ 12
     0001             (es_properties.asm):00168         outslay_hitdamage       equ 1
     FF80             (es_properties.asm):00169         outslay_hitdamage_immune equ -128
                      (es_properties.asm):00170         
                      (es_properties.asm):00171         ; slither (stage 5). Les TROIS boites arcade sont centrees et donnent des
                      (es_properties.asm):00172         ; DEMI-extensions : 1000:37c6 pour la tete (f0 ff 10 00 = -16..+16 sur les
                      (es_properties.asm):00173         ; deux axes, donc rayon 16), 1000:37ce pour un corps et 1000:37d6 pour la
                      (es_properties.asm):00174         ; queue (f6 ff 0a 00 = rayon 10 ; les deux tables sont numeriquement
                      (es_properties.asm):00175         ; identiques, d'ou une seule paire d'equates ici).
                      (es_properties.asm):00176         ; Echelle du fichier : rayon arcade x 0.375 en X, x 0.75 en Y — la meme que
                      (es_properties.asm):00177         ; tabrok, gomander et outslay_shot.
                      (es_properties.asm):00178         ;   corps/queue : 10 x 0.375 = 3.75 -> 4   |  10 x 0.75 = 7.5 -> 8
                      (es_properties.asm):00179         ;   tete        : 16 x 0.375 = 6           |  16 x 0.75  = 12
                      (es_properties.asm):00180         ; CORRECTION 25/08/2026 : ces quatre valeurs etaient le DOUBLE (8/15 et
                      (es_properties.asm):00181         ; 12/24). L'echelle etait juste mais appliquee a la taille PLEINE, alors que
                      (es_properties.asm):00182         ; l'en-tete de ce fichier definit hitbox_x/y comme des RAYONS — le serpent
                      (es_properties.asm):00183         ; etait deux fois trop facile a toucher, surtout verticalement.
                      (es_properties.asm):00184         ; Pas d'exception a la Outslay ici : celle-la elargit sciemment la boite a la
                      (es_properties.asm):00185         ; demi-largeur du sprite large-dot (voir plus haut), on reste ici fidele a
                      (es_properties.asm):00186         ; l'arcade comme demande.
                      (es_properties.asm):00187         ; Le hitdamage porte les PV, que la passe de collision decremente :
                      (es_properties.asm):00188         ; 0x0E (14) pour la tete d'apres head_ctor, 6 pour le corps et la queue.
     0004             (es_properties.asm):00189         slither_hitbox_x        equ 4
     0008             (es_properties.asm):00190         slither_hitbox_y        equ 8
     0006             (es_properties.asm):00191         slither_hitdamage       equ 6
     0006             (es_properties.asm):00192         slither_head_hitbox_x   equ 6
     000C             (es_properties.asm):00193         slither_head_hitbox_y   equ 12
     000E             (es_properties.asm):00194         slither_head_hitdamage  equ 14
                      (es_properties.asm):00195         
                      (es_properties.asm):00196         ; Le bydo shot de la salve en etoile. Sa boite est la SIENNE (1000:4196,
                      (es_properties.asm):00197         ; fc ff 04 00 fc ff 04 00 = rayon 4 sur les deux axes), le double du bullet
                      (es_properties.asm):00198         ; commun (1000:84c6, rayon 2) qu'on lui pretait jusqu'ici.
                      (es_properties.asm):00199         ; 4 x 0.375 = 1.5 -> 2 en X, 4 x 0.75 = 3 en Y.
     0002             (es_properties.asm):00200         outslay_shot_hitbox_x   equ 2
     0003             (es_properties.asm):00201         outslay_shot_hitbox_y   equ 3
     0001             (es_properties.asm):00202         outslay_shot_hitdamage  equ 1
                      (es_properties.asm):00203         
                      (es_properties.asm):00204         ; --- HP set inline in the obj (centralised here for the stage-1 catalogue) ---
                      (es_properties.asm):00205         ; Arcade-verified via doc/arcade-combat-reference.md (section 4 roster).
     0006             (es_properties.asm):00206         p_staff_hitdamage         equ 6      ; arcade create_p_staff @0x74b4 : +0x2F = 6 (v2)
     001E             (es_properties.asm):00207         scant_hitdamage           equ $1e    ; arcade : +0x2F = 30 (v2) ; arcade St.7, reused St.1
                      (es_properties.asm):00208         ; Shell : corps maintenu invincible ($80 = -128) jusqu'a l'ancrage de progression ;
                      (es_properties.asm):00209         ;   le vrai kill = le coeur bleu expose. Logique speciale dans shell/obj.asm
                      (es_properties.asm):00210         ;   (invincible_full_potential + potential_set), pas un simple PV initial.
                      (es_properties.asm):00211         
                      (es_properties.asm):00212          ENDC
                      (ast-zoid.unit.asm):00035                 INCLUDE "src/common/fx/explosion/explosion.const.asm"
                      (plosion.const.asm):00001         ; Garde d'inclusion : un membre de PAGESET porte plusieurs blocs qui
                      (plosion.const.asm):00002         ; incluent chacun cet en-tete. Un en-tete doit pouvoir etre inclus deux
                      (plosion.const.asm):00003         ; fois — c'est vrai independamment du pageset.
                      (plosion.const.asm):00004          IFNDEF EXPLOSION_CONST
     0001             (plosion.const.asm):00005         EXPLOSION_CONST equ 1
                      (plosion.const.asm):00006         
                      (plosion.const.asm):00007         
     0000             (plosion.const.asm):00008         explosion.subtype.smallx3 equ 0
     0002             (plosion.const.asm):00009         explosion.subtype.smallx2 equ 2
     0004             (plosion.const.asm):00010         explosion.subtype.fwk     equ 4
     0006             (plosion.const.asm):00011         explosion.subtype.mid     equ 6
     0008             (plosion.const.asm):00012         explosion.subtype.big     equ 8
     000A             (plosion.const.asm):00013         explosion.subtype.big.blue equ 10
     000C             (plosion.const.asm):00014         explosion.subtype.big.brown equ 12
     000E             (plosion.const.asm):00015         explosion.subtype.smallx3.erase equ 14
                      (plosion.const.asm):00016         
                      (plosion.const.asm):00017          ENDC
                      (ast-zoid.unit.asm):00036                 INCLUDE "src/common/state/variables.asm"
                      (ate/variables.asm):00001          IFNDEF GLOBAL_VARIABLES
                      (ate/variables.asm):00002         
                      (ate/variables.asm):00003         ; V2-DEVIATION: l'ancre passe de $9E84 a $9E80. En v1 elle etait DERIVEE — le
                      (ate/variables.asm):00004         ; premier octet libre apres un main qui finissait en $9E80 — donc elle n'avait
                      (ate/variables.asm):00005         ; pas de valeur propre. En v2 le contenu resident s'arrete bien plus bas et
                      (ate/variables.asm):00006         ; l'ancre est un choix de layout : $9E80 donne un bloc reserve de $80 pile, et
                      (ate/variables.asm):00007         ; il se retient. Les temoins du banc partagent ce bloc (bench.const.asm).
     9DCB             (ate/variables.asm):00008         GLOBAL_VARIABLES         equ $9DCB ; ancre du bloc reserve `globals` ($9DCB-$9E5E)
                      (ate/variables.asm):00009                                            ; = GLOBALS_BASE (ram.const.asm) = layout —
                      (ate/variables.asm):00010                                            ; les trois bougent ENSEMBLE (2026-08-10 :
                      (ate/variables.asm):00011                                            ; -117 pour agrandir la pile, pool 45 -> 44)
     9DCB             (ate/variables.asm):00012         globals.nextGameMode     equ GLOBAL_VARIABLES+0 ; 1 byte
     9DCC             (ate/variables.asm):00013         globals.score            equ GLOBAL_VARIABLES+1 ; 3 bytes (24-bit, unit=100pts, MSB first; cap 99999=$01869F)
     9DCF             (ate/variables.asm):00014         globals.lives            equ GLOBAL_VARIABLES+4 ; 1 byte
     9DD0             (ate/variables.asm):00015         globals.backgroundSolid  equ GLOBAL_VARIABLES+5 ; 1 byte
     9DD1             (ate/variables.asm):00016         globals.difficulty       equ GLOBAL_VARIABLES+6 ; 1 byte
     9DD2             (ate/variables.asm):00017         globals.lifeUpIdx        equ GLOBAL_VARIABLES+7 ; 1 byte
     9DD3             (ate/variables.asm):00018         globals.bossDefeated     equ GLOBAL_VARIABLES+8 ; 1 byte
     9DD4             (ate/variables.asm):00019         globals.stageScoreBase   equ GLOBAL_VARIABLES+9 ; 3 bytes (score at stage start)
                      (ate/variables.asm):00020         ; --- arme missile joueur : STATUT D'ARME persistant (doit survivre au changement de stage) ---
     9DD7             (ate/variables.asm):00021         globals.missileUnlocked  equ GLOBAL_VARIABLES+12 ; 1 byte (1 = missile débloqué par le bonus)
                      (ate/variables.asm):00022         
                      (ate/variables.asm):00023         * LA TRAINEE DU JOUEUR : 32 positions (x,y) sur 4 octets, que le force pod
                      (ate/variables.asm):00024         * relit avec 30 trames de retard pour le suivre en revenant au vaisseau.
                      (ate/variables.asm):00025         *
                      (ate/variables.asm):00026         * Elle vivait dans la page du JOUEUR tant qu'il etait seul a la lire. Le force
                      (ate/variables.asm):00027         * pod vit dans SA page : quand il tourne, celle du joueur n'est pas montee, et
                      (ate/variables.asm):00028         * deux etiquettes dans deux pages ne sont pas la meme variable — exactement ce
                      (ate/variables.asm):00029         * que globals.missileUnlocked a deja enseigne. Elle rejoint donc la zone
                      (ate/variables.asm):00030         * reservee, ou la v1 la met aussi (ram_data.asm du game mode).
                      (ate/variables.asm):00031         *
                      (ate/variables.asm):00032         * PIEGE : la v1 initialise le pointeur DEPUIS SON BINAIRE (`fdb
                      (ate/variables.asm):00033         * player_pos_ring_buffer`). Un bloc <reserved> n'est ni charge ni mis a zero :
                      (ate/variables.asm):00034         * le corps commun du stage doit le semer a l'ouverture, comme il seme les OST
                      (ate/variables.asm):00035         * statiques. Cf. docs/lang/en/migration/reserved-ram-is-not-zeroed.md
     9DD8             (ate/variables.asm):00036         player_pos_ring_buffer     equ GLOBAL_VARIABLES+13  ; 4*32 = 128 octets
     9E58             (ate/variables.asm):00037         player_pos_ring_buffer_ptr equ GLOBAL_VARIABLES+141 ; 2 octets
                      (ate/variables.asm):00038         
                      (ate/variables.asm):00039         * L'etat du gestionnaire de missiles. Il vivait dans la page du JOUEUR, seul a
                      (ate/variables.asm):00040         * le lire — et la note d'a cote disait de le ranger dans la RAM du stage. Les
                      (ate/variables.asm):00041         * deux sont perimees depuis que le missile est porte : il est COMMUN (page du
                      (ate/variables.asm):00042         * cast, partagee par tous les stages) et il decompte le meme compteur que le
                      (ate/variables.asm):00043         * joueur incremente. Deux etiquettes dans deux pages ne sont pas la meme
                      (ate/variables.asm):00044         * variable — meme lecon que globals.missileUnlocked et la trainee du joueur.
                      (ate/variables.asm):00045         *
                      (ate/variables.asm):00046         * Le bloc reserve n'est ni charge ni mis a zero : c'est l'Init du joueur qui
                      (ate/variables.asm):00047         * seme les trois, comme la v1 (player1.asm).
     9E5A             (ate/variables.asm):00048         missilePairCount           equ GLOBAL_VARIABLES+143 ; 1 octet, missiles vivants
     9E5B             (ate/variables.asm):00049         missileTgtTop              equ GLOBAL_VARIABLES+144 ; 2 octets, OST cible du haut
     9E5D             (ate/variables.asm):00050         missileTgtBot              equ GLOBAL_VARIABLES+146 ; 2 octets, OST cible du bas
                      (ate/variables.asm):00051         
                      (ate/variables.asm):00052         * LE CROCHET DE COUCHE DESTRUCTIBLE (24/08/2026).
                      (ate/variables.asm):00053         *
                      (ate/variables.asm):00054         * Un stage peut porter une couche de decor que les tirs du joueur DETRUISENT —
                      (ate/variables.asm):00055         * le champ de gommes du stage 4 aujourd'hui. Le code d'arme, lui, est COMMUN :
                      (ate/variables.asm):00056         * il est charge une fois au boot et sert les huit stages, donc il ne peut pas
                      (ate/variables.asm):00057         * referencer un symbole qui n'existe que sur l'un d'eux (le lien se resoudrait
                      (ate/variables.asm):00058         * a zero sur les sept autres, et le premier tir sauterait dans le vide).
                      (ate/variables.asm):00059         *
                      (ate/variables.asm):00060         * D'ou ce vecteur : le corps commun du stage le pose sur le neutre, le stage
                      (ate/variables.asm):00061         * qui a une couche destructible le pointe sur LE SIEN. Il designe une table de
                      (ate/variables.asm):00062         * deux `jmp`, a la maniere de terrainCollision.unit :
                      (ate/variables.asm):00063         *
                      (ate/variables.asm):00064         *   +0  EFFACER    [x] = x de carte, [b] = ligne ecran
                      (ate/variables.asm):00065         *                  rend Z=0 si quelque chose a ete detruit.
                      (ate/variables.asm):00066         *                  `jsr [stage.gum.hook]` tombe dessus tel quel.
                      (ate/variables.asm):00067         *   +3  CHERCHER   le senseur terrainCollision est deja pose par l'appelant
                      (ate/variables.asm):00068         *                  rend D = le x de carte de la premiere cellule destructible
                      (ate/variables.asm):00069         *                  a DROITE du senseur, 0 si aucune.
                      (ate/variables.asm):00070         *                  `ldx stage.gum.hook / jsr 3,x`
                      (ate/variables.asm):00071         *   +6  RECTANGLE  [x] = le coin haut-gauche du bloc au DEPART (x de carte),
                      (ate/variables.asm):00072         *                  [y] = le meme x a l'ARRIVEE,
                      (ate/variables.asm):00073         *                  [b] = la ligne ecran du haut,
                      (ate/variables.asm):00074         *                  [a] = la taille du bloc, quartet HAUT = largeur, BAS =
                      (ate/variables.asm):00075         *                        hauteur, en cellules ($12 = le beam, $44 = le pod).
                      (ate/variables.asm):00076         *                  Efface la surface BALAYEE par le bloc entre les deux points.
                      (ate/variables.asm):00077         *                  Les bords sont rabotes au champ, pas refuses.
                      (ate/variables.asm):00078         *                  Pour une arme qui CREUSE au lieu de mourir sur la premiere
                      (ate/variables.asm):00079         *                  cellule. Le depart et l'arrivee sont ce qui rend la
                      (ate/variables.asm):00080         *                  compensation de trames gratuite : la reunion des passes
                      (ate/variables.asm):00081         *                  d'une trame est un seul rectangle, quel qu'en soit le
                      (ate/variables.asm):00082         *                  nombre.
                      (ate/variables.asm):00083         *
                      (ate/variables.asm):00084         * POURQUOI DEUX ENTREES (25/08/2026). Sonder a la position courante une fois
                      (ate/variables.asm):00085         * par trame ne marche pas a bas regime : le tir simple avance de 6*frameDrop
                      (ate/variables.asm):00086         * d'un coup — 24 px a 12 img/s, huit cellules — donc il enjambe des gommes et
                      (ate/variables.asm):00087         * mange celle sur laquelle il retombe, loin devant son sprite d'impact. La
                      (ate/variables.asm):00088         * recherche resout ca comme le mur l'est deja depuis la v1 : UN balayage a la
                      (ate/variables.asm):00089         * naissance donne le point d'arrivee au pixel, et il ne depend plus du regime.
     9E5F             (ate/variables.asm):00090         stage.gum.hook             equ GLOBAL_VARIABLES+148 ; 2 octets, vecteur
                      (ate/variables.asm):00091         
                      (ate/variables.asm):00092         * L'ARMEMENT DU JOUEUR — CE QUE LA PARTIE POSSEDE (25/08/2026).
                      (ate/variables.asm):00093         *
                      (ate/variables.asm):00094         * Ces cinq octets vivaient dans `player1+ext_variables`, donc dans la PAGE
                      (ate/variables.asm):00095         * DIRECTE — et la page directe est balayee DEUX FOIS a chaque entree de stage
                      (ate/variables.asm):00096         * (InitGlobals, puis ObjectDp_Clear via checkpoint.load). Le joueur perdait
                      (ate/variables.asm):00097         * donc pod, bits, vitesse et missiles en passant d'un niveau au suivant, alors
                      (ate/variables.asm):00098         * que la borne les conserve : la seule chose qu'on y perd, c'est en mourant.
                      (ate/variables.asm):00099         *
                      (ate/variables.asm):00100         * Ils rejoignent le bloc reserve pour la meme raison que
                      (ate/variables.asm):00101         * globals.missileUnlocked juste au-dessus, dont le commentaire disait deja
                      (ate/variables.asm):00102         * « STATUT D'ARME persistant (doit survivre au changement de stage) » — les
                      (ate/variables.asm):00103         * quatre autres n'avaient simplement jamais suivi. Une seule copie de la
                      (ate/variables.asm):00104         * verite, et plus aucun effaceur ne passe dessus.
                      (ate/variables.asm):00105         *
                      (ate/variables.asm):00106         * CE QUI RESTE DANS L'OST DU JOUEUR : beam_value (la charge se perd, comme en
                      (ate/variables.asm):00107         * arcade), forcepod_attached et forcepod_mount_side — de l'etat COURANT du
                      (ate/variables.asm):00108         * pod, pas de la propriete. Comme sur la borne, le pod reste ou il est pendant
                      (ate/variables.asm):00109         * la sequence de fin ; c'est l'entree du stage suivant qui le remet accroche
                      (ate/variables.asm):00110         * (decision auteur, 25/08/2026 : un rappel avait ete essaye, il rendait mal a
                      (ate/variables.asm):00111         * l'ecran). Accroche, sa position se rederive du vaisseau a chaque trame — il
                      (ate/variables.asm):00112         * n'y a donc rien a conserver de son etat courant.
                      (ate/variables.asm):00113         *
                      (ate/variables.asm):00114         * LE BLOC RESERVE N'EST NI CHARGE NI MIS A ZERO : c'est le semis de partie
                      (ate/variables.asm):00115         * fraiche qui les efface, et la mort qui les reprend — voir
                      (ate/variables.asm):00116         * checkpoint.armament dans src/common/flow/checkpoint.unit.asm : c'est
                      (ate/variables.asm):00117         * checkpoint.reload — la porte de la MORT — qui les reprend, la ou
                      (ate/variables.asm):00118         * checkpoint.load, l'ouverture d'un stage, les rend.
     9E61             (ate/variables.asm):00119         globals.forcepodlevel      equ GLOBAL_VARIABLES+150 ; 1 octet, 0 a 3 (0 = pas de pod)
     9E62             (ate/variables.asm):00120         globals.forcepodtype       equ GLOBAL_VARIABLES+151 ; 1 octet, = player_one_laser_type arcade
     9E63             (ate/variables.asm):00121         globals.bitdevice          equ GLOBAL_VARIABLES+152 ; 1 octet, nombre de bit devices (0, 1 ou 2)
     9E64             (ate/variables.asm):00122         globals.speedlevel         equ GLOBAL_VARIABLES+153 ; 2 octets, offset dans la table speed.preset
     0005             (ate/variables.asm):00123         globals.ARMAMENT_SIZE      equ 5                    ; ce que checkpoint.armament efface
                      (ate/variables.asm):00124         
                      (ate/variables.asm):00125          ENDC
                      (ast-zoid.unit.asm):00037                 INCLUDE "src/common/lib/scale.asm"
                      (mon/lib/scale.asm):00001         ; Garde d'inclusion : un membre de PAGESET porte plusieurs blocs qui
                      (mon/lib/scale.asm):00002         ; incluent chacun cet en-tete. Un en-tete doit pouvoir etre inclus deux
                      (mon/lib/scale.asm):00003         ; fois — c'est vrai independamment du pageset.
                      (mon/lib/scale.asm):00004          IFNDEF SCALE_CONST
     0001             (mon/lib/scale.asm):00005         SCALE_CONST equ 1
                      (mon/lib/scale.asm):00006         
     FFA0             (mon/lib/scale.asm):00007         scale.XN1PX equ -$0060 ; x:-0.375
     0060             (mon/lib/scale.asm):00008         scale.XP1PX equ $0060  ; x:+0.375
     FF40             (mon/lib/scale.asm):00009         scale.YN1PX equ -$00C0 ; y:-0.75
     00C0             (mon/lib/scale.asm):00010         scale.YP1PX equ $00C0  ; y:+0.75
                      (mon/lib/scale.asm):00011         
                      (mon/lib/scale.asm):00012          ENDC
                      (ast-zoid.unit.asm):00038                 INCLUDE "src/common/fx/animation/index.equ"
                      (imation/index.equ):00001         ; Garde d'inclusion : un membre de PAGESET porte plusieurs blocs qui
                      (imation/index.equ):00002         ; incluent chacun cet en-tete. Un en-tete doit pouvoir etre inclus deux
                      (imation/index.equ):00003         ; fois — c'est vrai independamment du pageset.
                      (imation/index.equ):00004          IFNDEF ANIM_INDEX_EQU
     0001             (imation/index.equ):00005         ANIM_INDEX_EQU equ 1
                      (imation/index.equ):00006         
     0000             (imation/index.equ):00007         anim_192EC    equ   0  ; bug
     0020             (imation/index.equ):00008         anim_19A96    equ   32 ; pow
     0022             (imation/index.equ):00009         anim_19AA2    equ   34 ; pow
     0024             (imation/index.equ):00010         anim_19AB2    equ   36 ; pow
     0026             (imation/index.equ):00011         anim_19ACE    equ   38 ; pata pata
     0028             (imation/index.equ):00012         anim_19AF8    equ   40 ; bink (jump left)
     002A             (imation/index.equ):00013         anim_19B0A    equ   42 ; bink (jump right)
     002C             (imation/index.equ):00014         anim_1A652    equ   44 ; outslay (variante 4 du spawn, stage 2)
     002E             (imation/index.equ):00015         anim_1A4E6    equ   46 ; outslay variante 0 (combat gomander)
     0030             (imation/index.equ):00016         anim_1A530    equ   48 ; outslay variante 1 (combat gomander)
     0032             (imation/index.equ):00017         anim_1A56E    equ   50 ; outslay variante 2 (combat gomander)
     0034             (imation/index.equ):00018         anim_1A626    equ   52 ; outslay variante 3 (combat gomander)
                      (imation/index.equ):00019         ; cytron : les seize variantes du quartet haut du subtype, treize scripts
                      (imation/index.equ):00020         ; distincts (12..15 partagent le dernier). Voir movescript.asm.
     0036             (imation/index.equ):00021         anim_19D32    equ   54 ; cytron variante 0
     0038             (imation/index.equ):00022         anim_19D68    equ   56 ; cytron variante 1
     003A             (imation/index.equ):00023         anim_19DA4    equ   58 ; cytron variante 2
     003C             (imation/index.equ):00024         anim_19E0A    equ   60 ; cytron variante 3
     003E             (imation/index.equ):00025         anim_19E4E    equ   62 ; cytron variante 4
     0040             (imation/index.equ):00026         anim_19EF8    equ   64 ; cytron variante 5
     0042             (imation/index.equ):00027         anim_19F2E    equ   66 ; cytron variante 6
     0044             (imation/index.equ):00028         anim_19F7C    equ   68 ; cytron variante 7
     0046             (imation/index.equ):00029         anim_19FBC    equ   70 ; cytron variante 8
     0048             (imation/index.equ):00030         anim_19FDE    equ   72 ; cytron variante 9
     004A             (imation/index.equ):00031         anim_1A000    equ   74 ; cytron variante 10
     004C             (imation/index.equ):00032         anim_1A046    equ   76 ; cytron variante 11
     004E             (imation/index.equ):00033         anim_1A086    equ   78 ; cytron variantes 12 a 15
                      (imation/index.equ):00034         ; Le slither prend SEIZE entrees contiguës : le quartet haut du descripteur
                      (imation/index.equ):00035         ; de wave choisit la variante, l'init calcule base + quartet*2. Les scripts
                      (imation/index.equ):00036         ; eux-memes etaient DEJA dans le pool commun (script.asm) — seule la table
                      (imation/index.equ):00037         ; d'index leur manquait, soit 32 octets.
                      (imation/index.equ):00038         ; Il vient APRES le cytron : les deux ont ete ajoutes a l'offset 54 sur des
                      (imation/index.equ):00039         ; branches paralleles, et le cytron occupe 54..78.
     0050             (imation/index.equ):00040         anim_slither  equ   80 ; slither, base des seize variantes (stage 5)
                      (imation/index.equ):00041         ; Les DEUX scripts de vol libre du cadavre (40:7b85 en choisit un selon la
                      (imation/index.equ):00042         ; pose : < 9 -> 1000:A3E6, sinon 1000:A380). Ils etaient deja dans le pool
                      (imation/index.equ):00043         ; commun, comme les seize variantes — seules les deux lignes d'index
                      (imation/index.equ):00044         ; manquaient. Contigus et dans CET ordre : l'init du cadavre fait
                      (imation/index.equ):00045         ; base + 2 si la pose est haute.
     0070             (imation/index.equ):00046         anim_slither_corpse equ 112 ; slither, vol libre du cadavre (stage 5)
                      (imation/index.equ):00047         ; L'oeuf de zoid ne vole pas droit : le brood choisit sa liste de segments par
                      (imation/index.equ):00048         ; (orientation, creneau de ponte), d'ou SIX entrees contigues — les trois
                      (imation/index.equ):00049         ; premieres pour un brood de plafond, les trois suivantes pour un de sol.
                      (imation/index.equ):00050         ; L'init de l'oeuf fait base + orientation*6 + creneau*2.
                      (imation/index.equ):00051         ; Les scripts etaient DEJA dans le pool commun (script.asm, ref_1A434 et
                      (imation/index.equ):00052         ; suivants) : seules ces six lignes d'index manquaient. J'avais commence a
                      (imation/index.equ):00053         ; les re-extraire de la ROM — inutile, tout le pool arcade est importe.
                      (imation/index.equ):00054         ; (114 d'abord — faux : le cadavre du slither occupe 112 ET 114, ses DEUX
                      (imation/index.equ):00055         ; entrees comptent. La base du zoid est le rang suivant.)
     0074             (imation/index.equ):00056         anim_zoid     equ 116 ; zoid, base des six listes de ponte (stage 2)
                      (imation/index.equ):00057         
                      (imation/index.equ):00058          ENDC
                      (ast-zoid.unit.asm):00039         
                      (ast-zoid.unit.asm):00040                 INCLUDE "src/enemies/zoid/zoid.equ"
                      (ies/zoid/zoid.equ):00001         ; L'etat du zoid dans son OST — partage entre son implementation et la ponte
                      (ies/zoid/zoid.equ):00002         ; du brood (brood.Egg seme deux graines ici avant le premier tick). Le zoid
                      (ies/zoid/zoid.equ):00003         ; vit dans SON unite (stage2.cast.zoid) : la page du cast etait pleine, et il
                      (ies/zoid/zoid.equ):00004         ; n'a aucun couplage de label avec les autres — seules ces equates franchissent
                      (ies/zoid/zoid.equ):00005         ; la frontiere, et une equate ne se lie pas, elle s'assemble.
     0026             (ies/zoid/zoid.equ):00006         zoid.AABB       equ ext_variables      ; 0..8  la boite
     002F             (ies/zoid/zoid.equ):00007         zoid.lock       equ ext_variables+9    ; 9     verrou : le PROCHAIN cap vise le joueur
     0030             (ies/zoid/zoid.equ):00008         zoid.freeze     equ ext_variables+10   ; 10    pose figee pendant le recul (+0x38)
     0031             (ies/zoid/zoid.equ):00009         zoid.count      equ ext_variables+11   ; 11    compteur de phase — la ponte y laisse
                      (ies/zoid/zoid.equ):00010                                                ;       l'index de script pour l'init
     0032             (ies/zoid/zoid.equ):00011         zoid.anim       equ ext_variables+12   ; 12    accumulateur de pose — la ponte y
                      (ies/zoid/zoid.equ):00012                                                ;       laisse le retard de naissance
     0033             (ies/zoid/zoid.equ):00013         zoid.lastP      equ ext_variables+13   ; 13    dernier potentiel vu (detection de coup)
                      (ast-zoid.unit.asm):00041                 INCLUDE "src/enemies/zoid/obj.asm"
                      (mies/zoid/obj.asm):00001         ;*******************************************************************************
                      (mies/zoid/obj.asm):00002         ; zoid — le parasite pondu par le brood, trois phases et DEUX ANCRAGES
                      (mies/zoid/obj.asm):00003         ;
                      (mies/zoid/obj.asm):00004         ; FICHE DE PORTAGE (base Ghidra `maincpu`, subsystem brood/zoid)
                      (mies/zoid/obj.asm):00005         ; -------------------------------------------------------------------------
                      (mies/zoid/obj.asm):00006         ;   40:8058 create_zoid ............ la ponte (implementee dans brood.Egg)
                      (mies/zoid/obj.asm):00007         ;   40:8d85 run_zoid_egg ........... l'oeuf, vole sur un script, suit le decor
                      (mies/zoid/obj.asm):00008         ;   40:8dc6 run_zoid_hatch ......... l'eclosion, 31 trames, immobile A L'ECRAN
                      (mies/zoid/obj.asm):00009         ;   40:8e15 run_zoid_parasite ...... le rodage, ancre ecran, vitesse 8.8
                      (mies/zoid/obj.asm):00010         ;   40:8efa zoid_retarget .......... le choix de cap (table de 16 ou joueur)
                      (mies/zoid/obj.asm):00011         ;   40:8ecc zoid_recoil_on_hit ..... le recul au coup encaisse
                      (mies/zoid/obj.asm):00012         ;   40:8e86 zoid_killed_by_player .. mort : score 0x86F8, explosion e7be
                      (mies/zoid/obj.asm):00013         ;   1000:3ee6 les seize destinations de rodage (positions d'ECRAN)
                      (mies/zoid/obj.asm):00014         ;   1000:3f6e la boite (+-10 x +-10 arcade -> rayons 4 et 8)
                      (mies/zoid/obj.asm):00015         ;
                      (mies/zoid/obj.asm):00016         ; L'OEUF. Ne a la position du parent (80c2/80c8), il vole sur une liste de
                      (mies/zoid/obj.asm):00017         ; segments moveByScript choisie par (orientation du brood, creneau de ponte)
                      (mies/zoid/obj.asm):00018         ; — six listes contigues a anim_zoid dans la LUT commune, TROIS commandes de
                      (mies/zoid/obj.asm):00019         ; script par trame (80be : MOV byte ptr [SI+0x17],0x3 — la plate Ghidra
                      (mies/zoid/obj.asm):00020         ; l'appelle « HP », c'est la vitesse d'interprete, le +0x17 de move_by_script).
                      (mies/zoid/obj.asm):00021         ; Il suit le decor (le tick applique 0x2ED0) : chez nous repere PLAYFIELD,
                      (mies/zoid/obj.asm):00022         ; c'est-a-dire AUCUN code — la logique d'ancrage est inversee entre les deux
                      (mies/zoid/obj.asm):00023         ; moteurs. Quatre poses tenues quatre trames, sur compteur libre.
                      (mies/zoid/obj.asm):00024         ; Il eclot a la FIN DU SCRIPT ou au PREMIER COUP encaisse (8dbb), le premier
                      (mies/zoid/obj.asm):00025         ; des deux ; le coup se lit sur AABB.p : toute entaille fait eclore.
                      (mies/zoid/obj.asm):00026         ;
                      (mies/zoid/obj.asm):00027         ; L'ECLOSION. 31 trames (+0x26 := $1F), pose = bits 3-4 du compte a rebours
                      (mies/zoid/obj.asm):00028         ; (elle descend 3,2,1,0). IMMOBILE A L'ECRAN : le tick 8dc6 n'applique PLUS
                      (mies/zoid/obj.asm):00029         ; 0x2ED0 — c'est ICI que l'ancrage bascule, pas a la fin de l'eclosion.
                      (mies/zoid/obj.asm):00030         ; x_pos/y_pos deviennent des accumulateurs 8.8 d'ecran (entier en octet
                      (mies/zoid/obj.asm):00031         ; haut), render_flags passe a zero. Invulnerable : le resultat de la
                      (mies/zoid/obj.asm):00032         ; collision est JETE (8dfa) — AABB.p est reposee a chaque trame, le contact
                      (mies/zoid/obj.asm):00033         ; blesse toujours le joueur. A la fin : 4 PV (8e08), verrou vierge, et
                      (mies/zoid/obj.asm):00034         ; +0x26 := 1 — il rode DES la trame suivante.
                      (mies/zoid/obj.asm):00035         ;
                      (mies/zoid/obj.asm):00036         ; LE RODAGE (8e15 + 8efa). Compte a rebours de 128 trames ; a l'echeance,
                      (mies/zoid/obj.asm):00037         ; nouveau cap : 75 % vers l'une des seize destinations d'ECRAN de 1000:3ee6,
                      (mies/zoid/obj.asm):00038         ; et une fois sur quatre un verrou s'arme pour que le PROCHAIN cap vise le
                      (mies/zoid/obj.asm):00039         ; joueur (verrou a un coup, il ne colle jamais). La vitesse est
                      (mies/zoid/obj.asm):00040         ; delta << 1 en 8.8 — soit delta/128 par trame : il ARRIVE quand le compte
                      (mies/zoid/obj.asm):00041         ; expire. La formule est invariante d'echelle, elle se recopie telle quelle
                      (mies/zoid/obj.asm):00042         ; en coordonnees v2. Quatre poses tenues huit trames.
                      (mies/zoid/obj.asm):00043         ;
                      (mies/zoid/obj.asm):00044         ; LE RECUL (8ecc). vx := 0 dans les deux cas. Le seuil arcade y >= 0xB0
                      (mies/zoid/obj.asm):00045         ; (v2 : y <= 165, l'axe arcade monte — les presets du brood le prouvent,
                      (mies/zoid/obj.asm):00046         ; plafond 368 -> 21) : repousse vers le BAS de 3 px arcade/trame (v2 +2,25,
                      (mies/zoid/obj.asm):00047         ; $0240), pose FIGEE (+0x38), fenetre (y_arc - 0xB0)/2 + 1 trames — en v2
                      (mies/zoid/obj.asm):00048         ; (165 - y) x 2/3 + 1, approchee par x171/256. Sous le seuil (pres du sol) :
                      (mies/zoid/obj.asm):00049         ; pas de recul, cap recalcule a la trame suivante. La plate Ghidra lit ce
                      (mies/zoid/obj.asm):00050         ; recul avec l'axe inverse (« knock upward ») ; les octets et les presets
                      (mies/zoid/obj.asm):00051         ; tranchent, le geste repousse vers le bas, loin du plafond.
                      (mies/zoid/obj.asm):00052         ;
                      (mies/zoid/obj.asm):00053         ; CONVERSIONS. Destinations et seuils par la formule de la table :
                      (mies/zoid/obj.asm):00054         ; x = (x_arc - 320) x 0,375 + 8, y = 297 - 0,75 x y_arc, repere ecran 0-base
                      (mies/zoid/obj.asm):00055         ; (l'octet x_pixel/y_pixel recoit +screen_left/+screen_top au dessin).
                      (mies/zoid/obj.asm):00056         ; FIX #1 : la destination 2 (352,144) convertit en y = 189, dont le bas de
                      (mies/zoid/obj.asm):00057         ; sprite (189+11) depasse la ligne 199 et ferait rejeter le dessin en bloc —
                      (mies/zoid/obj.asm):00058         ; ecretee a 188, un demi-pixel arcade.
                      (mies/zoid/obj.asm):00059         ;
                      (mies/zoid/obj.asm):00060         ; ABANDONNE (meme arbitrage que le brood) : les sons (0x5D ponte, 0x57 coup,
                      (mies/zoid/obj.asm):00061         ; 0x52 mort), le clignotement de coup par palette d'objet (0x55), et
                      (mies/zoid/obj.asm):00062         ; l'escalade de PV du second loop (8e08 : 70 PV si [0x2F2D] — pas de second
                      (mies/zoid/obj.asm):00063         ; loop chez nous).
                      (mies/zoid/obj.asm):00064         ;*******************************************************************************
                      (mies/zoid/obj.asm):00065         ; -----------------------------------------------------------------------------
                      (mies/zoid/obj.asm):00066         ; L'ETAT : dans zoid.equ — la ponte du brood, dans l'AUTRE unite, seme deux
                      (mies/zoid/obj.asm):00067         ; graines dans ces champs.
                      (mies/zoid/obj.asm):00068         ; -----------------------------------------------------------------------------
     00A5             (mies/zoid/obj.asm):00069         zoid.RECOILY    equ 165                ; arcade $B0 : la frontiere du recul
     0240             (mies/zoid/obj.asm):00070         zoid.RECOILVY   equ $0240              ; arcade -3 px/trame -> v2 +2,25 vers le bas
                      (mies/zoid/obj.asm):00071         
0000                  (mies/zoid/obj.asm):00072         zoid.Object
0000 A6C822           (mies/zoid/obj.asm):00073                 lda   routine,u
0003 48               (mies/zoid/obj.asm):00074                 asla
0004 8E0000           (mies/zoid/obj.asm):00075                 ldx   #zoid.Routines
0007 6E96             (mies/zoid/obj.asm):00076                 jmp   [a,x]
0009                  (mies/zoid/obj.asm):00077         zoid.Routines
0009 0000             (mies/zoid/obj.asm):00078                 fdb   zoid.Init
000B 0000             (mies/zoid/obj.asm):00079                 fdb   zoid.Egg
000D 0000             (mies/zoid/obj.asm):00080                 fdb   zoid.HatchTick
000F 0000             (mies/zoid/obj.asm):00081                 fdb   zoid.Parasite
0011 0000             (mies/zoid/obj.asm):00082                 fdb   zoid.Deleted
                      (mies/zoid/obj.asm):00083         
                      (mies/zoid/obj.asm):00084         ; -----------------------------------------------------------------------------
                      (mies/zoid/obj.asm):00085         ; 0) l'init : le script, la boite, et le rattrapage du retard de naissance.
                      (mies/zoid/obj.asm):00086         ; La ponte a laisse l'index de script dans zoid.count et le retard dans
                      (mies/zoid/obj.asm):00087         ; zoid.anim — lus AVANT de les recycler en compteur de phase et de pose.
                      (mies/zoid/obj.asm):00088         ; -----------------------------------------------------------------------------
0013                  (mies/zoid/obj.asm):00089         zoid.Init
0013 E6C831           (mies/zoid/obj.asm):00090                 ldb   zoid.count,u
0016 4F               (mies/zoid/obj.asm):00091                 clra
0017 1F01             (mies/zoid/obj.asm):00092                 tfr   d,x
0019 BD0000           (mies/zoid/obj.asm):00093                 jsr   moveByScript.initialize
001C 8603             (mies/zoid/obj.asm):00094                 lda   #3                       ; 80be MOV byte ptr [SI+0x17],0x3
001E A74D             (mies/zoid/obj.asm):00095                 sta   anim_frame_duration,u    ; trois commandes de script par trame
0020 8608             (mies/zoid/obj.asm):00096                 lda   #render_playfieldcoord_mask
0022 A742             (mies/zoid/obj.asm):00097                 sta   render_flags,u           ; l'oeuf suit le decor : repere monde
0024 C606             (mies/zoid/obj.asm):00098                 ldb   #6
0026 E747             (mies/zoid/obj.asm):00099                 stb   priority,u
                      (mies/zoid/obj.asm):00100                 _Collision_AddAABB zoid.AABB,AABB_list_ennemy
0028 3470             (Collision_AddAABB):00001                 pshs  u,x,y
002A 30C826           (Collision_AddAABB):00002                 leax  zoid.AABB,u
002D 108E0000         (Collision_AddAABB):00003                 ldy   #AABB_list_ennemy
0031 BD0000           (Collision_AddAABB):00004                 jsr   Collision_AddAABB
0034 3570             (Collision_AddAABB):00005                 puls  u,x,y
0036 8604             (mies/zoid/obj.asm):00101                 lda   #zoid_hitdamage
0038 A7C826           (mies/zoid/obj.asm):00102                 sta   zoid.AABB+AABB.p,u
                      (mies/zoid/obj.asm):00103                 _ldd  zoid_hitbox_x,zoid_hitbox_y
003B CC0408           (             _ldd):00001                 ldd   #((zoid_hitbox_x)*256)+zoid_hitbox_y
003E EDC827           (mies/zoid/obj.asm):00104                 std   zoid.AABB+AABB.rx,u
0041 6FC82F           (mies/zoid/obj.asm):00105                 clr   zoid.lock,u
0044 6FC830           (mies/zoid/obj.asm):00106                 clr   zoid.freeze,u
0047 8601             (mies/zoid/obj.asm):00107                 lda   #1
0049 A7C822           (mies/zoid/obj.asm):00108                 sta   routine,u
                      (mies/zoid/obj.asm):00109                 ; le rattrapage : chaque oeuf d'une meme gueule rejoue SES trames
                      (mies/zoid/obj.asm):00110                 ; perdues, comme les wicks d'une rafale — zoid.anim les porte deja
                      (mies/zoid/obj.asm):00111                 ; en tant qu'accumulateur de pose, zero est legitime.
004C E6C832           (mies/zoid/obj.asm):00112                 ldb   zoid.anim,u
004F 2738             (mies/zoid/obj.asm):00113                 beq   zoid.EggShow             ; ne a l'heure : il se pose la
0051 8E0000           (mies/zoid/obj.asm):00114                 ldx   #zoid.EggCB
0054 BF9FA9           (mies/zoid/obj.asm):00115                 stx   moveByScript.callback
0057 BD0000           (mies/zoid/obj.asm):00116                 jsr   moveByScript.runByB
005A B69F98           (mies/zoid/obj.asm):00117                 lda   moveByScript.anim.end
005D 2668             (mies/zoid/obj.asm):00118                 bne   zoid.HatchInstall        ; un script si court n'existe pas, mais
005F 2028             (mies/zoid/obj.asm):00119                 bra   zoid.EggShow             ; le chemin reste ferme proprement
                      (mies/zoid/obj.asm):00120         
                      (mies/zoid/obj.asm):00121         ; -----------------------------------------------------------------------------
                      (mies/zoid/obj.asm):00122         ; 1) l'oeuf : le vol par script, dans le monde.
                      (mies/zoid/obj.asm):00123         ; -----------------------------------------------------------------------------
0061                  (mies/zoid/obj.asm):00124         zoid.Egg
0061 F60000           (mies/zoid/obj.asm):00125                 ldb   gfxlock.frameDrop.count
0064 2601             (mies/zoid/obj.asm):00126                 bne   >
0066 5C               (mies/zoid/obj.asm):00127                 incb
0067 4F               (mies/zoid/obj.asm):00128         !       clra
0068 FD0000           (mies/zoid/obj.asm):00129                 std   zoid.drop
                      (mies/zoid/obj.asm):00130                 ; touche ? toute entaille fait eclore avant l'heure (8dbb, voie CY
                      (mies/zoid/obj.asm):00131                 ; de la collision)
006B A6C826           (mies/zoid/obj.asm):00132                 lda   zoid.AABB+AABB.p,u
006E 8104             (mies/zoid/obj.asm):00133                 cmpa  #zoid_hitdamage
0070 2655             (mies/zoid/obj.asm):00134                 bne   zoid.HatchInstall
                      (mies/zoid/obj.asm):00135                 ; le script, compense du frame-drop
0072 8E0000           (mies/zoid/obj.asm):00136                 ldx   #zoid.EggCB
0075 BF9FA9           (mies/zoid/obj.asm):00137                 stx   moveByScript.callback
0078 BD0000           (mies/zoid/obj.asm):00138                 jsr   moveByScript.runByFrameDrop
007B B69F98           (mies/zoid/obj.asm):00139                 lda   moveByScript.anim.end
007E 2647             (mies/zoid/obj.asm):00140                 bne   zoid.HatchInstall        ; fin du script : il eclot (8dbb)
0080 A6C832           (mies/zoid/obj.asm):00141                 lda   zoid.anim,u
0083 BB0000           (mies/zoid/obj.asm):00142                 adda  zoid.drop+1
0086 A7C832           (mies/zoid/obj.asm):00143                 sta   zoid.anim,u
0089                  (mies/zoid/obj.asm):00144         zoid.EggShow
                      (mies/zoid/obj.asm):00145                 ; la fenetre, comme le gouger : sorti du cadre = retrait silencieux
0089 ECC812           (mies/zoid/obj.asm):00146                 ldd   x_pos,u
008C B39FE6           (mies/zoid/obj.asm):00147                 subd  glb_camera_x_pos
008F E7C829           (mies/zoid/obj.asm):00148                 stb   zoid.AABB+AABB.cx,u
0092 1083009F         (mies/zoid/obj.asm):00149                 cmpd  #159
0096 10220213         (mies/zoid/obj.asm):00150                 lbhi  zoid.Vanish
009A ECC815           (mies/zoid/obj.asm):00151                 ldd   y_pos,u
009D E7C82A           (mies/zoid/obj.asm):00152                 stb   zoid.AABB+AABB.cy,u
00A0 C30006           (mies/zoid/obj.asm):00153                 addd  #6
00A3 108300D2         (mies/zoid/obj.asm):00154                 cmpd  #204+6
00A7 10220202         (mies/zoid/obj.asm):00155                 lbhi  zoid.Vanish
                      (mies/zoid/obj.asm):00156                 ; quatre poses tenues quatre trames (8d95 : >> 2)
00AB A6C832           (mies/zoid/obj.asm):00157                 lda   zoid.anim,u
00AE 44               (mies/zoid/obj.asm):00158                 lsra
00AF 44               (mies/zoid/obj.asm):00159                 lsra
00B0 8403             (mies/zoid/obj.asm):00160                 anda  #3
00B2 48               (mies/zoid/obj.asm):00161                 asla
00B3 8E0000           (mies/zoid/obj.asm):00162                 ldx   #zoid.EggSets
00B6 AE86             (mies/zoid/obj.asm):00163                 ldx   a,x
00B8 AFC810           (mies/zoid/obj.asm):00164                 stx   image_set,u
00BB 7E0000           (mies/zoid/obj.asm):00165                 jmp   DisplaySprite
                      (mies/zoid/obj.asm):00166         
                      (mies/zoid/obj.asm):00167         ; Le callback de l'interprete : couper la boucle de rattrapage a la fin du
                      (mies/zoid/obj.asm):00168         ; script, sinon il lit au-dela — meme geste que le cadavre du slither.
00BE                  (mies/zoid/obj.asm):00169         zoid.EggCB
00BE B69F98           (mies/zoid/obj.asm):00170                 lda   moveByScript.anim.end
00C1 2703             (mies/zoid/obj.asm):00171                 beq   >
00C3 7F9F99           (mies/zoid/obj.asm):00172                 clr   moveByScript.anim.loops
00C6 39               (mies/zoid/obj.asm):00173         !       rts
                      (mies/zoid/obj.asm):00174         
                      (mies/zoid/obj.asm):00175         ; -----------------------------------------------------------------------------
                      (mies/zoid/obj.asm):00176         ; La bascule d'ancrage : le tick 8dc6 n'applique plus le defilement, l'oeuf
                      (mies/zoid/obj.asm):00177         ; qui eclot se FIGE A L'ECRAN. x_pos/y_pos deviennent des accumulateurs 8.8
                      (mies/zoid/obj.asm):00178         ; d'ecran 0-base (entier en octet haut).
                      (mies/zoid/obj.asm):00179         ; -----------------------------------------------------------------------------
00C7                  (mies/zoid/obj.asm):00180         zoid.HatchInstall
00C7 ECC812           (mies/zoid/obj.asm):00181                 ldd   x_pos,u
00CA B39FE6           (mies/zoid/obj.asm):00182                 subd  glb_camera_x_pos
00CD E7C812           (mies/zoid/obj.asm):00183                 stb   x_pos,u
00D0 6FC813           (mies/zoid/obj.asm):00184                 clr   x_pos+1,u
00D3 A6C816           (mies/zoid/obj.asm):00185                 lda   y_pos+1,u
00D6 A7C815           (mies/zoid/obj.asm):00186                 sta   y_pos,u
00D9 6FC816           (mies/zoid/obj.asm):00187                 clr   y_pos+1,u
00DC 6F42             (mies/zoid/obj.asm):00188                 clr   render_flags,u           ; coordonnees ECRAN
00DE 861F             (mies/zoid/obj.asm):00189                 lda   #$1F                     ; 8dbb : +0x26 := 31 trames d'eclosion
00E0 A7C831           (mies/zoid/obj.asm):00190                 sta   zoid.count,u
00E3 8602             (mies/zoid/obj.asm):00191                 lda   #2
00E5 A7C822           (mies/zoid/obj.asm):00192                 sta   routine,u
                      (mies/zoid/obj.asm):00193                 ; il se dessine des cette trame, pose 3 (compteur haut)
00E8 200A             (mies/zoid/obj.asm):00194                 bra   zoid.HatchBody
                      (mies/zoid/obj.asm):00195         
                      (mies/zoid/obj.asm):00196         ; -----------------------------------------------------------------------------
                      (mies/zoid/obj.asm):00197         ; 2) l'eclosion : 31 trames immobiles, invulnerable.
                      (mies/zoid/obj.asm):00198         ; -----------------------------------------------------------------------------
00EA                  (mies/zoid/obj.asm):00199         zoid.HatchTick
00EA F60000           (mies/zoid/obj.asm):00200                 ldb   gfxlock.frameDrop.count
00ED 2601             (mies/zoid/obj.asm):00201                 bne   >
00EF 5C               (mies/zoid/obj.asm):00202                 incb
00F0 4F               (mies/zoid/obj.asm):00203         !       clra
00F1 FD0000           (mies/zoid/obj.asm):00204                 std   zoid.drop
00F4                  (mies/zoid/obj.asm):00205         zoid.HatchBody
                      (mies/zoid/obj.asm):00206                 ; le resultat de la collision est JETE (8dfa) — la boite reste armee,
                      (mies/zoid/obj.asm):00207                 ; le contact blesse, mais les degats encaisses s'effacent
00F4 8604             (mies/zoid/obj.asm):00208                 lda   #zoid_hitdamage
00F6 A7C826           (mies/zoid/obj.asm):00209                 sta   zoid.AABB+AABB.p,u
00F9 A6C831           (mies/zoid/obj.asm):00210                 lda   zoid.count,u
00FC B00000           (mies/zoid/obj.asm):00211                 suba  zoid.drop+1
00FF 2218             (mies/zoid/obj.asm):00212                 bhi   @tick
                      (mies/zoid/obj.asm):00213                 ; l'eclosion s'acheve (8e04..8e11) : 4 PV, verrou vierge, rodage
                      (mies/zoid/obj.asm):00214                 ; des la prochaine trame
0101 8604             (mies/zoid/obj.asm):00215                 lda   #zoid_hitdamage
0103 A7C833           (mies/zoid/obj.asm):00216                 sta   zoid.lastP,u
0106 6FC82F           (mies/zoid/obj.asm):00217                 clr   zoid.lock,u
0109 6FC830           (mies/zoid/obj.asm):00218                 clr   zoid.freeze,u
010C 8601             (mies/zoid/obj.asm):00219                 lda   #1
010E A7C831           (mies/zoid/obj.asm):00220                 sta   zoid.count,u
0111 8603             (mies/zoid/obj.asm):00221                 lda   #3
0113 A7C822           (mies/zoid/obj.asm):00222                 sta   routine,u
0116 4F               (mies/zoid/obj.asm):00223                 clra                           ; la derniere pose, index 0
0117 2008             (mies/zoid/obj.asm):00224                 bra   @pose
0119 A7C831           (mies/zoid/obj.asm):00225         @tick   sta   zoid.count,u
                      (mies/zoid/obj.asm):00226                 ; pose = bits 3-4 du compte a rebours : elle descend 3,2,1,0 (8dd1)
011C 44               (mies/zoid/obj.asm):00227                 lsra
011D 44               (mies/zoid/obj.asm):00228                 lsra
011E 44               (mies/zoid/obj.asm):00229                 lsra
011F 8403             (mies/zoid/obj.asm):00230                 anda  #3
0121 48               (mies/zoid/obj.asm):00231         @pose   asla
0122 8E0000           (mies/zoid/obj.asm):00232                 ldx   #zoid.HatchSets
0125 AE86             (mies/zoid/obj.asm):00233                 ldx   a,x
0127 AFC810           (mies/zoid/obj.asm):00234                 stx   image_set,u
012A 1600BB           (mies/zoid/obj.asm):00235                 lbra  zoid.ShowScreen
                      (mies/zoid/obj.asm):00236         
                      (mies/zoid/obj.asm):00237         ; -----------------------------------------------------------------------------
                      (mies/zoid/obj.asm):00238         ; 3) le parasite : le rodage a l'ecran.
                      (mies/zoid/obj.asm):00239         ; -----------------------------------------------------------------------------
012D                  (mies/zoid/obj.asm):00240         zoid.Parasite
012D F60000           (mies/zoid/obj.asm):00241                 ldb   gfxlock.frameDrop.count
0130 2601             (mies/zoid/obj.asm):00242                 bne   >
0132 5C               (mies/zoid/obj.asm):00243                 incb
0133 4F               (mies/zoid/obj.asm):00244         !       clra
0134 FD0000           (mies/zoid/obj.asm):00245                 std   zoid.drop
0137 A6C826           (mies/zoid/obj.asm):00246                 lda   zoid.AABB+AABB.p,u
013A 1027014F         (mies/zoid/obj.asm):00247                 lbeq  zoid.Boom
                      (mies/zoid/obj.asm):00248                 ; touche ? (8e6a : recul — sans son ni clignotement chez nous)
013E A1C833           (mies/zoid/obj.asm):00249                 cmpa  zoid.lastP,u
0141 2708             (mies/zoid/obj.asm):00250                 beq   @timer
0143 A7C833           (mies/zoid/obj.asm):00251                 sta   zoid.lastP,u
0146 170113           (mies/zoid/obj.asm):00252                 lbsr  zoid.Recoil
0149 2010             (mies/zoid/obj.asm):00253                 bra   @move
014B                  (mies/zoid/obj.asm):00254         @timer  ; le compte a rebours de cap (8e15 : DEC, a zero -> retarget)
014B A6C831           (mies/zoid/obj.asm):00255                 lda   zoid.count,u
014E B00000           (mies/zoid/obj.asm):00256                 suba  zoid.drop+1
0151 2205             (mies/zoid/obj.asm):00257                 bhi   @run
0153 1700AB           (mies/zoid/obj.asm):00258                 lbsr  zoid.Retarget
0156 2003             (mies/zoid/obj.asm):00259                 bra   @move
0158 A7C831           (mies/zoid/obj.asm):00260         @run    sta   zoid.count,u
015B                  (mies/zoid/obj.asm):00261         @move   ; les vitesses 8.8, compensees, sur les accumulateurs d'ecran —
                      (mies/zoid/obj.asm):00262                 ; les deux mul non signes, produit tronque juste en complement a deux
015B A6C81B           (mies/zoid/obj.asm):00263                 lda   x_vel+1,u
015E F60000           (mies/zoid/obj.asm):00264                 ldb   zoid.drop+1
0161 3D               (mies/zoid/obj.asm):00265                 mul
0162 E3C812           (mies/zoid/obj.asm):00266                 addd  x_pos,u
0165 EDC812           (mies/zoid/obj.asm):00267                 std   x_pos,u
0168 A6C81A           (mies/zoid/obj.asm):00268                 lda   x_vel,u
016B F60000           (mies/zoid/obj.asm):00269                 ldb   zoid.drop+1
016E 3D               (mies/zoid/obj.asm):00270                 mul
016F EBC812           (mies/zoid/obj.asm):00271                 addb  x_pos,u
0172 E7C812           (mies/zoid/obj.asm):00272                 stb   x_pos,u
0175 A6C81D           (mies/zoid/obj.asm):00273                 lda   y_vel+1,u
0178 F60000           (mies/zoid/obj.asm):00274                 ldb   zoid.drop+1
017B 3D               (mies/zoid/obj.asm):00275                 mul
017C E3C815           (mies/zoid/obj.asm):00276                 addd  y_pos,u
017F EDC815           (mies/zoid/obj.asm):00277                 std   y_pos,u
0182 A6C81C           (mies/zoid/obj.asm):00278                 lda   y_vel,u
0185 F60000           (mies/zoid/obj.asm):00279                 ldb   zoid.drop+1
0188 3D               (mies/zoid/obj.asm):00280                 mul
0189 EBC815           (mies/zoid/obj.asm):00281                 addb  y_pos,u
018C E7C815           (mies/zoid/obj.asm):00282                 stb   y_pos,u
                      (mies/zoid/obj.asm):00283                 ; l'ecran ne se quitte pas : l'accumulateur est borne au cadre, la
                      (mies/zoid/obj.asm):00284                 ; vitesse continue de pousser et le prochain cap ramene au centre
                      (mies/zoid/obj.asm):00285                 ; (le recul peut projeter loin sous 199 — l'arcade laisse couler,
                      (mies/zoid/obj.asm):00286                 ; notre octet d'ecran ne le peut pas)
018F A6C81A           (mies/zoid/obj.asm):00287                 lda   x_vel,u
0192 2B0E             (mies/zoid/obj.asm):00288                 bmi   @xneg
0194 A6C812           (mies/zoid/obj.asm):00289                 lda   x_pos,u
0197 819F             (mies/zoid/obj.asm):00290                 cmpa  #159
0199 2311             (mies/zoid/obj.asm):00291                 bls   @x
019B 869F             (mies/zoid/obj.asm):00292                 lda   #159
019D A7C812           (mies/zoid/obj.asm):00293                 sta   x_pos,u
01A0 200A             (mies/zoid/obj.asm):00294                 bra   @x
01A2 A6C812           (mies/zoid/obj.asm):00295         @xneg   lda   x_pos,u
01A5 81A0             (mies/zoid/obj.asm):00296                 cmpa  #160
01A7 2503             (mies/zoid/obj.asm):00297                 blo   @x
01A9 6FC812           (mies/zoid/obj.asm):00298                 clr   x_pos,u
01AC A6C81C           (mies/zoid/obj.asm):00299         @x      lda   y_vel,u
01AF 2B0E             (mies/zoid/obj.asm):00300                 bmi   @yneg
01B1 A6C815           (mies/zoid/obj.asm):00301                 lda   y_pos,u
01B4 81BC             (mies/zoid/obj.asm):00302                 cmpa  #188
01B6 2311             (mies/zoid/obj.asm):00303                 bls   @y
01B8 86BC             (mies/zoid/obj.asm):00304                 lda   #188
01BA A7C815           (mies/zoid/obj.asm):00305                 sta   y_pos,u
01BD 200A             (mies/zoid/obj.asm):00306                 bra   @y
01BF A6C815           (mies/zoid/obj.asm):00307         @yneg   lda   y_pos,u
01C2 81BD             (mies/zoid/obj.asm):00308                 cmpa  #189
01C4 2503             (mies/zoid/obj.asm):00309                 blo   @y
01C6 6FC815           (mies/zoid/obj.asm):00310                 clr   y_pos,u
01C9                  (mies/zoid/obj.asm):00311         @y      ; quatre poses tenues huit trames — figees a la 0 pendant le recul
01C9 A6C830           (mies/zoid/obj.asm):00312                 lda   zoid.freeze,u
01CC 2611             (mies/zoid/obj.asm):00313                 bne   @pose0
01CE A6C832           (mies/zoid/obj.asm):00314                 lda   zoid.anim,u
01D1 BB0000           (mies/zoid/obj.asm):00315                 adda  zoid.drop+1
01D4 A7C832           (mies/zoid/obj.asm):00316                 sta   zoid.anim,u
01D7 44               (mies/zoid/obj.asm):00317                 lsra
01D8 44               (mies/zoid/obj.asm):00318                 lsra
01D9 44               (mies/zoid/obj.asm):00319                 lsra
01DA 8403             (mies/zoid/obj.asm):00320                 anda  #3
01DC 48               (mies/zoid/obj.asm):00321                 asla
01DD 2001             (mies/zoid/obj.asm):00322                 bra   @set
01DF 4F               (mies/zoid/obj.asm):00323         @pose0  clra
01E0 8E0000           (mies/zoid/obj.asm):00324         @set    ldx   #zoid.Sets
01E3 AE86             (mies/zoid/obj.asm):00325                 ldx   a,x
01E5 AFC810           (mies/zoid/obj.asm):00326                 stx   image_set,u
                      (mies/zoid/obj.asm):00327                 ; retombe dans le dessin ecran
                      (mies/zoid/obj.asm):00328         
                      (mies/zoid/obj.asm):00329         ; -----------------------------------------------------------------------------
                      (mies/zoid/obj.asm):00330         ; Le dessin en repere ecran : la boite en 0-base, les octets x/y_pixel
                      (mies/zoid/obj.asm):00331         ; decales du cadre.
                      (mies/zoid/obj.asm):00332         ; -----------------------------------------------------------------------------
01E8                  (mies/zoid/obj.asm):00333         zoid.ShowScreen
01E8 A6C812           (mies/zoid/obj.asm):00334                 lda   x_pos,u
01EB A7C829           (mies/zoid/obj.asm):00335                 sta   zoid.AABB+AABB.cx,u
01EE 8B30             (mies/zoid/obj.asm):00336                 adda  #screen_left
01F0 A7C818           (mies/zoid/obj.asm):00337                 sta   x_pixel,u
01F3 A6C815           (mies/zoid/obj.asm):00338                 lda   y_pos,u
01F6 A7C82A           (mies/zoid/obj.asm):00339                 sta   zoid.AABB+AABB.cy,u
01F9 8B1C             (mies/zoid/obj.asm):00340                 adda  #screen_top
01FB A7C819           (mies/zoid/obj.asm):00341                 sta   y_pixel,u
01FE 7E0000           (mies/zoid/obj.asm):00342                 jmp   DisplaySprite
                      (mies/zoid/obj.asm):00343         
                      (mies/zoid/obj.asm):00344         ; -----------------------------------------------------------------------------
                      (mies/zoid/obj.asm):00345         ; Le choix de cap (8efa). D'abord le verrou : arme, il vise le joueur et se
                      (mies/zoid/obj.asm):00346         ; consomme. Sinon une destination au hasard parmi seize, et une fois sur
                      (mies/zoid/obj.asm):00347         ; quatre le verrou s'arme pour le cap SUIVANT.
                      (mies/zoid/obj.asm):00348         ; -----------------------------------------------------------------------------
0201                  (mies/zoid/obj.asm):00349         zoid.Retarget
0201 6FC830           (mies/zoid/obj.asm):00350                 clr   zoid.freeze,u            ; 8efa : le fige se libere ici
0204 A6C82F           (mies/zoid/obj.asm):00351                 lda   zoid.lock,u
0207 2712             (mies/zoid/obj.asm):00352                 beq   @table
0209 6FC82F           (mies/zoid/obj.asm):00353                 clr   zoid.lock,u              ; 8f29 : verrou a un coup
020C F69F16           (mies/zoid/obj.asm):00354                 ldb   player1+y_pos+1
020F 3404             (mies/zoid/obj.asm):00355                 pshs  b                        ; ty
0211 FC9F12           (mies/zoid/obj.asm):00356                 ldd   player1+x_pos
0214 B39FE6           (mies/zoid/obj.asm):00357                 subd  glb_camera_x_pos         ; le joueur vit dans le monde
0217 3404             (mies/zoid/obj.asm):00358                 pshs  b                        ; tx, ecran 0-base, dessus
0219 2015             (mies/zoid/obj.asm):00359                 bra   @aim
021B BD0000           (mies/zoid/obj.asm):00360         @table  jsr   RandomNumber
021E C40F             (mies/zoid/obj.asm):00361                 andb  #$0F                     ; 8f3f : idx = rand & 15
0220 C104             (mies/zoid/obj.asm):00362                 cmpb  #4
0222 2403             (mies/zoid/obj.asm):00363                 bhs   >
0224 6CC82F           (mies/zoid/obj.asm):00364                 inc   zoid.lock,u              ; 25 % : le PROCHAIN cap vise le joueur
0227 58               (mies/zoid/obj.asm):00365         !       aslb
0228 8E0000           (mies/zoid/obj.asm):00366                 ldx   #zoid.Prowl
022B 3A               (mies/zoid/obj.asm):00367                 abx
022C EC84             (mies/zoid/obj.asm):00368                 ldd   ,x                       ; A = tx, B = ty
022E 3406             (mies/zoid/obj.asm):00369                 pshs  d                        ; tx dessus (,s), ty dessous (1,s)
0230                  (mies/zoid/obj.asm):00370         @aim    ; vx = (tx - x) << 1 en 8.8 : il arrive quand les 128 trames expirent
0230 4F               (mies/zoid/obj.asm):00371                 clra
0231 E6C812           (mies/zoid/obj.asm):00372                 ldb   x_pos,u
0234 FD0000           (mies/zoid/obj.asm):00373                 std   zoid.tmp
0237 4F               (mies/zoid/obj.asm):00374                 clra
0238 E6E4             (mies/zoid/obj.asm):00375                 ldb   ,s                       ; tx
023A B30000           (mies/zoid/obj.asm):00376                 subd  zoid.tmp
023D 58               (mies/zoid/obj.asm):00377                 aslb
023E 49               (mies/zoid/obj.asm):00378                 rola
023F EDC81A           (mies/zoid/obj.asm):00379                 std   x_vel,u
0242 4F               (mies/zoid/obj.asm):00380                 clra
0243 E6C815           (mies/zoid/obj.asm):00381                 ldb   y_pos,u
0246 FD0000           (mies/zoid/obj.asm):00382                 std   zoid.tmp
0249 4F               (mies/zoid/obj.asm):00383                 clra
024A E661             (mies/zoid/obj.asm):00384                 ldb   1,s                      ; ty
024C B30000           (mies/zoid/obj.asm):00385                 subd  zoid.tmp
024F 58               (mies/zoid/obj.asm):00386                 aslb
0250 49               (mies/zoid/obj.asm):00387                 rola
0251 EDC81C           (mies/zoid/obj.asm):00388                 std   y_vel,u
0254 3262             (mies/zoid/obj.asm):00389                 leas  2,s
0256 8680             (mies/zoid/obj.asm):00390                 lda   #128                     ; 8f26 : +0x26 := $80
0258 A7C831           (mies/zoid/obj.asm):00391                 sta   zoid.count,u
025B 39               (mies/zoid/obj.asm):00392                 rts
                      (mies/zoid/obj.asm):00393         
                      (mies/zoid/obj.asm):00394         ; -----------------------------------------------------------------------------
                      (mies/zoid/obj.asm):00395         ; Le recul au coup (8ecc). vx := 0 dans les deux branches ; au-dessus de la
                      (mies/zoid/obj.asm):00396         ; frontiere il est repousse vers le bas, pose figee, fenetre proportionnelle
                      (mies/zoid/obj.asm):00397         ; a la hauteur ; pres du sol, pas de recul et cap immediat.
                      (mies/zoid/obj.asm):00398         ; -----------------------------------------------------------------------------
025C                  (mies/zoid/obj.asm):00399         zoid.Recoil
025C CC0000           (mies/zoid/obj.asm):00400                 ldd   #0
025F EDC81A           (mies/zoid/obj.asm):00401                 std   x_vel,u
0262 A6C815           (mies/zoid/obj.asm):00402                 lda   y_pos,u
0265 81A5             (mies/zoid/obj.asm):00403                 cmpa  #zoid.RECOILY
0267 2218             (mies/zoid/obj.asm):00404                 bhi   @floor
0269 CC0240           (mies/zoid/obj.asm):00405                 ldd   #zoid.RECOILVY
026C EDC81C           (mies/zoid/obj.asm):00406                 std   y_vel,u
026F 8601             (mies/zoid/obj.asm):00407                 lda   #1
0271 A7C830           (mies/zoid/obj.asm):00408                 sta   zoid.freeze,u            ; 8ee6 : +0x38 := 1, pose figee
                      (mies/zoid/obj.asm):00409                 ; fenetre = (165 - y) x 2/3 + 1 — le x2/3 approche par x171/256
0274 86A5             (mies/zoid/obj.asm):00410                 lda   #zoid.RECOILY
0276 A0C815           (mies/zoid/obj.asm):00411                 suba  y_pos,u
0279 C6AB             (mies/zoid/obj.asm):00412                 ldb   #171
027B 3D               (mies/zoid/obj.asm):00413                 mul
027C 4C               (mies/zoid/obj.asm):00414                 inca
027D A7C831           (mies/zoid/obj.asm):00415                 sta   zoid.count,u
0280 39               (mies/zoid/obj.asm):00416                 rts
0281 CC0000           (mies/zoid/obj.asm):00417         @floor  ldd   #0
0284 EDC81C           (mies/zoid/obj.asm):00418                 std   y_vel,u                  ; pas de recul contre le sol
0287 8601             (mies/zoid/obj.asm):00419                 lda   #1
0289 A7C831           (mies/zoid/obj.asm):00420                 sta   zoid.count,u             ; 8ef3 : cap recalcule a la trame suivante
028C 39               (mies/zoid/obj.asm):00421                 rts
                      (mies/zoid/obj.asm):00422         
                      (mies/zoid/obj.asm):00423         ; -----------------------------------------------------------------------------
                      (mies/zoid/obj.asm):00424         ; La mort (8e86) : score, deux petites explosions (e7be), retrait. Les
                      (mies/zoid/obj.asm):00425         ; coordonnees d'ecran repassent dans le monde pour l'explosion.
                      (mies/zoid/obj.asm):00426         ; -----------------------------------------------------------------------------
028D                  (mies/zoid/obj.asm):00427         zoid.Boom
028D C604             (mies/zoid/obj.asm):00428                 ldb   #zoid_scoreIdx
028F BD0000           (mies/zoid/obj.asm):00429                 jsr   AwardScore
0292 BD0000           (mies/zoid/obj.asm):00430                 jsr   LoadObject_x
0295 2716             (mies/zoid/obj.asm):00431                 beq   zoid.Vanish
                      (mies/zoid/obj.asm):00432                 _ldd  ObjID_explosion,explosion.subtype.smallx2
0297 CC0202           (             _ldd):00001                 ldd   #((ObjID_explosion)*256)+explosion.subtype.smallx2
029A ED84             (mies/zoid/obj.asm):00433                 std   id,x
029C E6C812           (mies/zoid/obj.asm):00434                 ldb   x_pos,u
029F 4F               (mies/zoid/obj.asm):00435                 clra
02A0 F39FE6           (mies/zoid/obj.asm):00436                 addd  glb_camera_x_pos
02A3 ED8812           (mies/zoid/obj.asm):00437                 std   x_pos,x
02A6 E6C815           (mies/zoid/obj.asm):00438                 ldb   y_pos,u
02A9 4F               (mies/zoid/obj.asm):00439                 clra
02AA ED8815           (mies/zoid/obj.asm):00440                 std   y_pos,x
02AD                  (mies/zoid/obj.asm):00441         zoid.Vanish
02AD 8604             (mies/zoid/obj.asm):00442                 lda   #4
02AF A7C822           (mies/zoid/obj.asm):00443                 sta   routine,u
                      (mies/zoid/obj.asm):00444                 _Collision_RemoveAABB zoid.AABB,AABB_list_ennemy
02B2 3476             (lision_RemoveAABB):00001                 pshs  d,u,x,y
02B4 8E0000           (lision_RemoveAABB):00002                 ldx   #AABB_list_ennemy
02B7 BF0000           (lision_RemoveAABB):00003                 stx   Collision_Remove_1
02BA BF0000           (lision_RemoveAABB):00004                 stx   Collision_Remove_3
02BD 3002             (lision_RemoveAABB):00005                 leax  2,x
02BF BF0000           (lision_RemoveAABB):00006                 stx   Collision_Remove_2
02C2 30C826           (lision_RemoveAABB):00007                 leax  zoid.AABB,u
02C5 BD0000           (lision_RemoveAABB):00008                 jsr   Collision_RemoveAABB
02C8 3576             (lision_RemoveAABB):00009                 puls  d,u,x,y
02CA 7E0000           (mies/zoid/obj.asm):00445                 jmp   DeleteObject
02CD                  (mies/zoid/obj.asm):00446         zoid.Deleted
02CD 39               (mies/zoid/obj.asm):00447                 rts
                      (mies/zoid/obj.asm):00448         
02CE 0000             (mies/zoid/obj.asm):00449         zoid.drop       fdb 0
02D0 0000             (mies/zoid/obj.asm):00450         zoid.tmp        fdb 0
                      (mies/zoid/obj.asm):00451         
                      (mies/zoid/obj.asm):00452         ; Les seize destinations de rodage (1000:3ee6), converties une a une par la
                      (mies/zoid/obj.asm):00453         ; formule de la table, en repere ecran 0-base. Quatre y figurent deux fois,
                      (mies/zoid/obj.asm):00454         ; comme dans la ROM. FIX #1 : la deuxieme, y 189 -> 188.
02D2                  (mies/zoid/obj.asm):00455         zoid.Prowl
02D2 1445             (mies/zoid/obj.asm):00456                 fcb   20,69                    ; ($0160,$0130)
02D4 14BC             (mies/zoid/obj.asm):00457                 fcb   20,188                   ; ($0160,$0090) — ecretee, voir FIX #1
02D6 832D             (mies/zoid/obj.asm):00458                 fcb   131,45                   ; ($0288,$0150)
02D8 7DAB             (mies/zoid/obj.asm):00459                 fcb   125,171                  ; ($0278,$00A8)
02DA 1A8D             (mies/zoid/obj.asm):00460                 fcb   26,141                   ; ($0170,$00D0)
02DC 2F9F             (mies/zoid/obj.asm):00461                 fcb   47,159                   ; ($01A8,$00B8)
02DE 2675             (mies/zoid/obj.asm):00462                 fcb   38,117                   ; ($0190,$00F0)
02E0 1A8D             (mies/zoid/obj.asm):00463                 fcb   26,141                   ; ($0170,$00D0)
02E2 2F33             (mies/zoid/obj.asm):00464                 fcb   47,51                    ; ($01A8,$0148)
02E4 5063             (mies/zoid/obj.asm):00465                 fcb   80,99                    ; ($0200,$0108)
02E6 8C7B             (mies/zoid/obj.asm):00466                 fcb   140,123                  ; ($02A0,$00E8)
02E8 2F33             (mies/zoid/obj.asm):00467                 fcb   47,51                    ; ($01A8,$0148)
02EA 6B93             (mies/zoid/obj.asm):00468                 fcb   107,147                  ; ($0248,$00C8)
02EC 6B3F             (mies/zoid/obj.asm):00469                 fcb   107,63                   ; ($0248,$0138)
02EE 7A51             (mies/zoid/obj.asm):00470                 fcb   122,81                   ; ($0270,$0120)
02F0 8C7B             (mies/zoid/obj.asm):00471                 fcb   140,123                  ; ($02A0,$00E8)
                      (mies/zoid/obj.asm):00472         
02F2                  (mies/zoid/obj.asm):00473         zoid.EggSets
02F2 0000000000000000 (mies/zoid/obj.asm):00474                 fdb   set_zoid_egg_0,set_zoid_egg_1,set_zoid_egg_2,set_zoid_egg_3
02FA                  (mies/zoid/obj.asm):00475         zoid.HatchSets
02FA 0000000000000000 (mies/zoid/obj.asm):00476                 fdb   set_zoid_hatch_0,set_zoid_hatch_1,set_zoid_hatch_2,set_zoid_hatch_3
0302                  (mies/zoid/obj.asm):00477         zoid.Sets
0302 0000000000000000 (mies/zoid/obj.asm):00478                 fdb   set_zoid_0,set_zoid_1,set_zoid_2,set_zoid_3
                      (ast-zoid.unit.asm):00042         
                      (ast-zoid.unit.asm):00043          ENDSECTION
