machine_frame,rendered,delta,camera,stage,lives
1,0,0,0,4,2
2,0,0,0,4,2
3,0,0,0,4,2
4,0,0,0,4,2
5,0,0,0,4,2
6,0,0,0,4,2
7,0,0,0,4,2
8,0,0,0,4,2
9,0,0,0,4,2
10,0,0,0,4,2
11,0,0,0,4,2
12,0,0,0,4,2
13,0,0,0,4,2
14,0,0,0,4,2
15,0,0,0,4,2
16,0,0,0,4,2
17,0,0,0,4,2
18,0,0,0,4,2
19,0,0,0,4,2
20,0,0,0,4,2
21,0,0,0,4,2
22,0,0,0,4,2
23,0,0,0,4,2
24,0,0,0,4,2
25,0,0,0,4,2
26,1,1,0,4,2
27,1,0,0,4,2
28,1,0,0,4,2
29,1,0,0,4,2
30,1,0,0,4,2
31,2,1,0,4,2
32,2,0,0,4,2
33,2,0,0,4,2
34,2,0,0,4,2
35,3,1,1,4,2
36,3,0,1,4,2
37,3,0,1,4,2
38,3,0,1,4,2
39,3,0,1,4,2
40,4,1,2,4,2
41,4,0,2,4,2
42,4,0,2,4,2
43,4,0,2,4,2
44,4,0,2,4,2
45,5,1,3,4,2
46,5,0,3,4,2
47,5,0,3,4,2
48,5,0,3,4,2
49,6,1,4,4,2
50,6,0,4,4,2
51,6,0,4,4,2
52,6,0,4,4,2
53,7,1,4,4,2
54,7,0,4,4,2
55,7,0,4,4,2
56,7,0,4,4,2
57,7,0,4,4,2
58,8,1,5,4,2
59,8,0,5,4,2
60,8,0,5,4,2
61,8,0,5,4,2
62,9,1,6,4,2
63,9,0,6,4,2
64,9,0,6,4,2
65,9,0,6,4,2
66,9,0,6,4,2
67,10,1,7,4,2
68,10,0,7,4,2
69,10,0,7,4,2
70,10,0,7,4,2
71,10,0,7,4,2
72,10,0,7,4,2
73,11,1,8,4,2
74,11,0,8,4,2
75,11,0,8,4,2
76,11,0,8,4,2
77,11,0,8,4,2
78,12,1,9,4,2
79,12,0,9,4,2
80,12,0,9,4,2
81,12,0,9,4,2
82,12,0,9,4,2
83,13,1,10,4,2
84,13,0,10,4,2
85,13,0,10,4,2
86,13,0,10,4,2
87,14,1,11,4,2
88,14,0,11,4,2
89,14,0,11,4,2
90,14,0,11,4,2
91,14,0,11,4,2
92,15,1,12,4,2
93,15,0,12,4,2
94,15,0,12,4,2
95,15,0,12,4,2
96,16,1,12,4,2
97,16,0,12,4,2
98,16,0,12,4,2
99,16,0,12,4,2
100,16,0,12,4,2
101,17,1,13,4,2
102,17,0,13,4,2
103,17,0,13,4,2
104,17,0,13,4,2
105,17,0,13,4,2
106,18,1,14,4,2
107,18,0,14,4,2
108,18,0,14,4,2
109,18,0,14,4,2
110,18,0,14,4,2
111,19,1,15,4,2
112,19,0,15,4,2
113,19,0,15,4,2
114,19,0,15,4,2
115,19,0,15,4,2
116,20,1,16,4,2
117,20,0,16,4,2
118,20,0,16,4,2
119,20,0,16,4,2
120,20,0,16,4,2
121,21,1,17,4,2
122,21,0,17,4,2
123,21,0,17,4,2
124,21,0,17,4,2
125,21,0,17,4,2
126,22,1,18,4,2
127,22,0,18,4,2
128,22,0,18,4,2
129,22,0,18,4,2
130,22,0,18,4,2
131,23,1,19,4,2
132,23,0,19,4,2
133,23,0,19,4,2
134,23,0,19,4,2
135,23,0,19,4,2
136,24,1,20,4,2
137,24,0,20,4,2
138,24,0,20,4,2
139,24,0,20,4,2
140,24,0,20,4,2
141,25,1,21,4,2
142,25,0,21,4,2
143,25,0,21,4,2
144,25,0,21,4,2
145,25,0,21,4,2
146,26,1,22,4,2
147,26,0,22,4,2
148,26,0,22,4,2
149,26,0,22,4,2
150,26,0,22,4,2
151,27,1,23,4,2
152,27,0,23,4,2
153,27,0,23,4,2
154,27,0,23,4,2
155,27,0,23,4,2
156,27,0,23,4,2
157,28,1,24,4,2
158,28,0,24,4,2
159,28,0,24,4,2
160,28,0,24,4,2
161,28,0,24,4,2
162,29,1,25,4,2
163,29,0,25,4,2
164,29,0,25,4,2
165,29,0,25,4,2
166,29,0,25,4,2
167,30,1,26,4,2
168,30,0,26,4,2
169,30,0,26,4,2
170,30,0,26,4,2
171,30,0,26,4,2
172,31,1,27,4,2
173,31,0,27,4,2
174,31,0,27,4,2
175,31,0,27,4,2
176,31,0,27,4,2
177,32,1,27,4,2
178,32,0,27,4,2
179,32,0,27,4,2
180,32,0,27,4,2
181,32,0,27,4,2
182,33,1,28,4,2
183,33,0,28,4,2
184,33,0,28,4,2
185,33,0,28,4,2
186,33,0,28,4,2
187,34,1,29,4,2
188,34,0,29,4,2
189,34,0,29,4,2
190,34,0,29,4,2
191,34,0,29,4,2
192,35,1,30,4,2
193,35,0,30,4,2
194,35,0,30,4,2
195,35,0,30,4,2
196,35,0,30,4,2
197,36,1,31,4,2
198,36,0,31,4,2
199,36,0,31,4,2
200,36,0,31,4,2
201,36,0,31,4,2
202,37,1,32,4,2
203,37,0,32,4,2
204,37,0,32,4,2
205,37,0,32,4,2
206,37,0,32,4,2
207,38,1,33,4,2
208,38,0,33,4,2
209,38,0,33,4,2
210,38,0,33,4,2
211,38,0,33,4,2
212,39,1,34,4,2
213,39,0,34,4,2
214,39,0,34,4,2
215,39,0,34,4,2
216,39,0,34,4,2
217,40,1,35,4,2
218,40,0,35,4,2
219,40,0,35,4,2
220,40,0,35,4,2
221,40,0,35,4,2
222,41,1,36,4,2
223,41,0,36,4,2
224,41,0,36,4,2
225,41,0,36,4,2
226,41,0,36,4,2
227,42,1,37,4,2
228,42,0,37,4,2
229,42,0,37,4,2
230,42,0,37,4,2
231,42,0,37,4,2
232,42,0,37,4,2
233,43,1,38,4,2
234,43,0,38,4,2
235,43,0,38,4,2
236,43,0,38,4,2
237,43,0,38,4,2
238,44,1,39,4,2
239,44,0,39,4,2
240,44,0,39,4,2
241,44,0,39,4,2
242,44,0,39,4,2
243,44,0,39,4,2
244,45,1,40,4,2
245,45,0,40,4,2
246,45,0,40,4,2
247,45,0,40,4,2
248,45,0,40,4,2
249,45,0,40,4,2
250,46,1,41,4,2
251,46,0,41,4,2
252,46,0,41,4,2
253,46,0,41,4,2
254,46,0,41,4,2
255,47,1,42,4,2
256,47,0,42,4,2
257,47,0,42,4,2
258,47,0,42,4,2
259,47,0,42,4,2
260,48,1,43,4,2
261,48,0,43,4,2
262,48,0,43,4,2
263,48,0,43,4,2
264,48,0,43,4,2
265,48,0,43,4,2
266,49,1,44,4,2
267,49,0,44,4,2
268,49,0,44,4,2
269,49,0,44,4,2
270,49,0,44,4,2
271,50,1,45,4,2
272,50,0,45,4,2
273,50,0,45,4,2
274,50,0,45,4,2
275,50,0,45,4,2
276,51,1,46,4,2
277,51,0,46,4,2
278,51,0,46,4,2
279,51,0,46,4,2
280,51,0,46,4,2
281,52,1,47,4,2
282,52,0,47,4,2
283,52,0,47,4,2
284,52,0,47,4,2
285,52,0,47,4,2
286,52,0,47,4,2
287,53,1,48,4,2
288,53,0,48,4,2
289,53,0,48,4,2
290,53,0,48,4,2
291,53,0,48,4,2
292,54,1,49,4,2
293,54,0,49,4,2
294,54,0,49,4,2
295,54,0,49,4,2
296,54,0,49,4,2
297,54,0,49,4,2
298,55,1,50,4,2
299,55,0,50,4,2
300,55,0,50,4,2
301,55,0,50,4,2
302,55,0,50,4,2
303,56,1,51,4,2
304,56,0,51,4,2
305,56,0,51,4,2
306,56,0,51,4,2
307,56,0,51,4,2
308,56,0,51,4,2
309,57,1,52,4,2
310,57,0,52,4,2
311,57,0,52,4,2
312,57,0,52,4,2
313,57,0,52,4,2
314,58,1,53,4,2
315,58,0,53,4,2
316,58,0,53,4,2
317,58,0,53,4,2
318,58,0,53,4,2
319,59,1,54,4,2
320,59,0,54,4,2
321,59,0,54,4,2
322,59,0,54,4,2
323,59,0,54,4,2
324,59,0,54,4,2
325,60,1,55,4,2
326,60,0,55,4,2
327,60,0,55,4,2
328,60,0,55,4,2
329,60,0,55,4,2
330,60,0,55,4,2
331,60,0,55,4,2
332,61,1,56,4,2
333,61,0,56,4,2
334,61,0,56,4,2
335,61,0,56,4,2
336,61,0,56,4,2
337,62,1,57,4,2
338,62,0,57,4,2
339,62,0,57,4,2
340,62,0,57,4,2
341,62,0,57,4,2
342,62,0,57,4,2
343,63,1,59,4,2
344,63,0,59,4,2
345,63,0,59,4,2
346,63,0,59,4,2
347,63,0,59,4,2
348,63,0,59,4,2
349,64,1,60,4,2
350,64,0,60,4,2
351,64,0,60,4,2
352,64,0,60,4,2
353,64,0,60,4,2
354,64,0,60,4,2
355,65,1,61,4,2
356,65,0,61,4,2
357,65,0,61,4,2
358,65,0,61,4,2
359,65,0,61,4,2
360,65,0,61,4,2
361,66,1,62,4,2
362,66,0,62,4,2
363,66,0,62,4,2
364,66,0,62,4,2
365,66,0,62,4,2
366,66,0,62,4,2
367,67,1,63,4,2
368,67,0,63,4,2
369,67,0,63,4,2
370,67,0,63,4,2
371,67,0,63,4,2
372,67,0,63,4,2
373,68,1,64,4,2
374,68,0,64,4,2
375,68,0,64,4,2
376,68,0,64,4,2
377,68,0,64,4,2
378,69,1,65,4,2
379,69,0,65,4,2
380,69,0,65,4,2
381,69,0,65,4,2
382,69,0,65,4,2
383,69,0,65,4,2
384,70,1,66,4,2
385,70,0,66,4,2
386,70,0,66,4,2
387,70,0,66,4,2
388,70,0,66,4,2
389,70,0,66,4,2
390,71,1,67,4,2
391,71,0,67,4,2
392,71,0,67,4,2
393,71,0,67,4,2
394,71,0,67,4,2
395,72,1,68,4,2
396,72,0,68,4,2
397,72,0,68,4,2
398,72,0,68,4,2
399,72,0,68,4,2
400,73,1,69,4,2
401,73,0,69,4,2
402,73,0,69,4,2
403,73,0,69,4,2
404,73,0,69,4,2
405,73,0,69,4,2
406,74,1,70,4,2
407,74,0,70,4,2
408,74,0,70,4,2
409,74,0,70,4,2
410,74,0,70,4,2
411,75,1,71,4,2
412,75,0,71,4,2
413,75,0,71,4,2
414,75,0,71,4,2
415,75,0,71,4,2
416,75,0,71,4,2
417,76,1,72,4,2
418,76,0,72,4,2
419,76,0,72,4,2
420,76,0,72,4,2
421,76,0,72,4,2
422,76,0,72,4,2
423,77,1,73,4,2
424,77,0,73,4,2
425,77,0,73,4,2
426,77,0,73,4,2
427,77,0,73,4,2
428,77,0,73,4,2
429,78,1,75,4,2
430,78,0,75,4,2
431,78,0,75,4,2
432,78,0,75,4,2
433,78,0,75,4,2
434,78,0,75,4,2
435,79,1,76,4,2
436,79,0,76,4,2
437,79,0,76,4,2
438,79,0,76,4,2
439,79,0,76,4,2
440,79,0,76,4,2
441,80,1,77,4,2
442,80,0,77,4,2
443,80,0,77,4,2
444,80,0,77,4,2
445,80,0,77,4,2
446,80,0,77,4,2
447,81,1,78,4,2
448,81,0,78,4,2
449,81,0,78,4,2
450,81,0,78,4,2
451,81,0,78,4,2
452,82,1,79,4,2
453,82,0,79,4,2
454,82,0,79,4,2
455,82,0,79,4,2
456,82,0,79,4,2
457,82,0,79,4,2
458,83,1,80,4,2
459,83,0,80,4,2
460,83,0,80,4,2
461,83,0,80,4,2
462,83,0,80,4,2
463,83,0,80,4,2
464,84,1,81,4,2
465,84,0,81,4,2
466,84,0,81,4,2
467,84,0,81,4,2
468,84,0,81,4,2
469,84,0,81,4,2
470,85,1,82,4,2
471,85,0,82,4,2
472,85,0,82,4,2
473,85,0,82,4,2
474,85,0,82,4,2
475,85,0,82,4,2
476,86,1,83,4,2
477,86,0,83,4,2
478,86,0,83,4,2
479,86,0,83,4,2
480,86,0,83,4,2
481,86,0,83,4,2
482,87,1,84,4,2
483,87,0,84,4,2
484,87,0,84,4,2
485,87,0,84,4,2
486,87,0,84,4,2
487,87,0,84,4,2
488,88,1,86,4,2
489,88,0,86,4,2
490,88,0,86,4,2
491,88,0,86,4,2
492,88,0,86,4,2
493,88,0,86,4,2
494,89,1,87,4,2
495,89,0,87,4,2
496,89,0,87,4,2
497,89,0,87,4,2
498,89,0,87,4,2
499,89,0,87,4,2
500,89,0,87,4,2
501,90,1,88,4,2
502,90,0,88,4,2
503,90,0,88,4,2
504,90,0,88,4,2
505,90,0,88,4,2
506,91,1,89,4,2
507,91,0,89,4,2
508,91,0,89,4,2
509,91,0,89,4,2
510,91,0,89,4,2
511,91,0,89,4,2
512,92,1,90,4,2
513,92,0,90,4,2
514,92,0,90,4,2
515,92,0,90,4,2
516,92,0,90,4,2
517,93,1,91,4,2
518,93,0,91,4,2
519,93,0,91,4,2
520,93,0,91,4,2
521,93,0,91,4,2
522,94,1,92,4,2
523,94,0,92,4,2
524,94,0,92,4,2
525,94,0,92,4,2
526,94,0,92,4,2
527,95,1,93,4,2
528,95,0,93,4,2
529,95,0,93,4,2
530,95,0,93,4,2
531,95,0,93,4,2
532,95,0,93,4,2
533,96,1,94,4,2
534,96,0,94,4,2
535,96,0,94,4,2
536,96,0,94,4,2
537,96,0,94,4,2
538,97,1,95,4,2
539,97,0,95,4,2
540,97,0,95,4,2
541,97,0,95,4,2
542,97,0,95,4,2
543,97,0,95,4,2
544,98,1,96,4,2
545,98,0,96,4,2
546,98,0,96,4,2
547,98,0,96,4,2
548,98,0,96,4,2
549,99,1,97,4,2
550,99,0,97,4,2
551,99,0,97,4,2
552,99,0,97,4,2
553,99,0,97,4,2
554,100,1,98,4,2
555,100,0,98,4,2
556,100,0,98,4,2
557,100,0,98,4,2
558,100,0,98,4,2
559,100,0,98,4,2
560,101,1,99,4,2
561,101,0,99,4,2
562,101,0,99,4,2
563,101,0,99,4,2
564,101,0,99,4,2
565,102,1,100,4,2
566,102,0,100,4,2
567,102,0,100,4,2
568,102,0,100,4,2
569,102,0,100,4,2
570,103,1,101,4,2
571,103,0,101,4,2
572,103,0,101,4,2
573,103,0,101,4,2
574,103,0,101,4,2
575,103,0,101,4,2
576,104,1,102,4,2
577,104,0,102,4,2
578,104,0,102,4,2
579,104,0,102,4,2
580,104,0,102,4,2
581,105,1,103,4,2
582,105,0,103,4,2
583,105,0,103,4,2
584,105,0,103,4,2
585,105,0,103,4,2
586,105,0,103,4,2
587,106,1,104,4,2
588,106,0,104,4,2
589,106,0,104,4,2
590,106,0,104,4,2
591,106,0,104,4,2
592,106,0,104,4,2
593,107,1,105,4,2
594,107,0,105,4,2
595,107,0,105,4,2
596,107,0,105,4,2
597,107,0,105,4,2
598,108,1,106,4,2
599,108,0,106,4,2
600,108,0,106,4,2
601,108,0,106,4,2
602,108,0,106,4,2
603,108,0,106,4,2
604,109,1,107,4,2
605,109,0,107,4,2
606,109,0,107,4,2
607,109,0,107,4,2
608,109,0,107,4,2
609,110,1,108,4,2
610,110,0,108,4,2
611,110,0,108,4,2
612,110,0,108,4,2
613,110,0,108,4,2
614,110,0,108,4,2
615,111,1,109,4,2
616,111,0,109,4,2
617,111,0,109,4,2
618,111,0,109,4,2
619,111,0,109,4,2
620,111,0,109,4,2
621,112,1,110,4,2
622,112,0,110,4,2
623,112,0,110,4,2
624,112,0,110,4,2
625,112,0,110,4,2
626,112,0,110,4,2
627,113,1,111,4,2
628,113,0,111,4,2
629,113,0,111,4,2
630,113,0,111,4,2
631,113,0,111,4,2
632,113,0,111,4,2
633,114,1,113,4,2
634,114,0,113,4,2
635,114,0,113,4,2
636,114,0,113,4,2
637,114,0,113,4,2
638,114,0,113,4,2
639,115,1,114,4,2
640,115,0,114,4,2
641,115,0,114,4,2
642,115,0,114,4,2
643,115,0,114,4,2
644,115,0,114,4,2
645,116,1,115,4,2
646,116,0,115,4,2
647,116,0,115,4,2
648,116,0,115,4,2
649,116,0,115,4,2
650,116,0,115,4,2
651,117,1,116,4,2
652,117,0,116,4,2
653,117,0,116,4,2
654,117,0,116,4,2
655,117,0,116,4,2
656,117,0,116,4,2
657,118,1,117,4,2
658,118,0,117,4,2
659,118,0,117,4,2
660,118,0,117,4,2
661,118,0,117,4,2
662,118,0,117,4,2
663,118,0,117,4,2
664,119,1,118,4,2
665,119,0,118,4,2
666,119,0,118,4,2
667,119,0,118,4,2
668,119,0,118,4,2
669,119,0,118,4,2
670,119,0,118,4,2
671,120,1,120,4,2
672,120,0,120,4,2
673,120,0,120,4,2
674,120,0,120,4,2
675,120,0,120,4,2
676,120,0,120,4,2
677,121,1,121,4,2
678,121,0,121,4,2
679,121,0,121,4,2
680,121,0,121,4,2
681,121,0,121,4,2
682,121,0,121,4,2
683,121,0,121,4,2
684,122,1,122,4,2
685,122,0,122,4,2
686,122,0,122,4,2
687,122,0,122,4,2
688,122,0,122,4,2
689,122,0,122,4,2
690,123,1,123,4,2
691,123,0,123,4,2
692,123,0,123,4,2
693,123,0,123,4,2
694,123,0,123,4,2
695,123,0,123,4,2
696,123,0,123,4,2
697,124,1,124,4,2
698,124,0,124,4,2
699,124,0,124,4,2
700,124,0,124,4,2
701,124,0,124,4,2
702,124,0,124,4,2
703,124,0,124,4,2
704,125,1,126,4,2
705,125,0,126,4,2
706,125,0,126,4,2
707,125,0,126,4,2
708,125,0,126,4,2
709,125,0,126,4,2
710,125,0,126,4,2
711,126,1,127,4,2
712,126,0,127,4,2
713,126,0,127,4,2
714,126,0,127,4,2
715,126,0,127,4,2
716,126,0,127,4,2
717,126,0,127,4,2
718,127,1,128,4,2
719,127,0,128,4,2
720,127,0,128,4,2
721,127,0,128,4,2
722,127,0,128,4,2
723,127,0,128,4,2
724,127,0,128,4,2
725,127,0,128,4,2
726,128,1,130,4,2
727,128,0,130,4,2
728,128,0,130,4,2
729,128,0,130,4,2
730,128,0,130,4,2
731,128,0,130,4,2
732,128,0,130,4,2
733,129,1,131,4,2
734,129,0,131,4,2
735,129,0,131,4,2
736,129,0,131,4,2
737,129,0,131,4,2
738,129,0,131,4,2
739,129,0,131,4,2
740,130,1,132,4,2
741,130,0,132,4,2
742,130,0,132,4,2
743,130,0,132,4,2
744,130,0,132,4,2
745,130,0,132,4,2
746,130,0,132,4,2
747,131,1,134,4,2
748,131,0,134,4,2
749,131,0,134,4,2
750,131,0,134,4,2
751,131,0,134,4,2
752,131,0,134,4,2
753,131,0,134,4,2
754,131,0,134,4,2
755,132,1,135,4,2
756,132,0,135,4,2
757,132,0,135,4,2
758,132,0,135,4,2
759,132,0,135,4,2
760,132,0,135,4,2
761,132,0,135,4,2
762,132,0,135,4,2
763,133,1,137,4,2
764,133,0,137,4,2
765,133,0,137,4,2
766,133,0,137,4,2
767,133,0,137,4,2
768,133,0,137,4,2
769,133,0,137,4,2
770,133,0,137,4,2
771,134,1,138,4,2
772,134,0,138,4,2
773,134,0,138,4,2
774,134,0,138,4,2
775,134,0,138,4,2
776,134,0,138,4,2
777,134,0,138,4,2
778,135,1,140,4,2
779,135,0,140,4,2
780,135,0,140,4,2
781,135,0,140,4,2
782,135,0,140,4,2
783,135,0,140,4,2
784,135,0,140,4,2
785,136,1,141,4,2
786,136,0,141,4,2
787,136,0,141,4,2
788,136,0,141,4,2
789,136,0,141,4,2
790,136,0,141,4,2
791,136,0,141,4,2
792,136,0,141,4,2
793,137,1,142,4,2
794,137,0,142,4,2
795,137,0,142,4,2
796,137,0,142,4,2
797,137,0,142,4,2
798,137,0,142,4,2
799,137,0,142,4,2
800,137,0,142,4,2
801,138,1,144,4,2
802,138,0,144,4,2
803,138,0,144,4,2
804,138,0,144,4,2
805,138,0,144,4,2
806,138,0,144,4,2
807,138,0,144,4,2
808,138,0,144,4,2
809,139,1,145,4,2
810,139,0,145,4,2
811,139,0,145,4,2
812,139,0,145,4,2
813,139,0,145,4,2
814,139,0,145,4,2
815,139,0,145,4,2
816,140,1,147,4,2
817,140,0,147,4,2
818,140,0,147,4,2
819,140,0,147,4,2
820,140,0,147,4,2
821,140,0,147,4,2
822,140,0,147,4,2
823,140,0,147,4,2
824,140,0,147,4,2
825,141,1,148,4,2
826,141,0,148,4,2
827,141,0,148,4,2
828,141,0,148,4,2
829,141,0,148,4,2
830,141,0,148,4,2
831,141,0,148,4,2
832,142,1,150,4,2
833,142,0,150,4,2
834,142,0,150,4,2
835,142,0,150,4,2
836,142,0,150,4,2
837,142,0,150,4,2
838,142,0,150,4,2
839,142,0,150,4,2
840,143,1,151,4,2
841,143,0,151,4,2
842,143,0,151,4,2
843,143,0,151,4,2
844,143,0,151,4,2
845,143,0,151,4,2
846,143,0,151,4,2
847,143,0,151,4,2
848,144,1,153,4,2
849,144,0,153,4,2
850,144,0,153,4,2
851,144,0,153,4,2
852,144,0,153,4,2
853,144,0,153,4,2
854,144,0,153,4,2
855,144,0,153,4,2
856,145,1,154,4,2
857,145,0,154,4,2
858,145,0,154,4,2
859,145,0,154,4,2
860,145,0,154,4,2
861,145,0,154,4,2
862,145,0,154,4,2
863,145,0,154,4,2
864,146,1,156,4,2
865,146,0,156,4,2
866,146,0,156,4,2
867,146,0,156,4,2
868,146,0,156,4,2
869,146,0,156,4,2
870,146,0,156,4,2
871,146,0,156,4,2
872,147,1,157,4,2
873,147,0,157,4,2
874,147,0,157,4,2
875,147,0,157,4,2
876,147,0,157,4,2
877,147,0,157,4,2
878,147,0,157,4,2
879,147,0,157,4,2
880,148,1,159,4,2
881,148,0,159,4,2
882,148,0,159,4,2
883,148,0,159,4,2
884,148,0,159,4,2
885,148,0,159,4,2
886,148,0,159,4,2
887,148,0,159,4,2
888,149,1,160,4,2
889,149,0,160,4,2
890,149,0,160,4,2
891,149,0,160,4,2
892,149,0,160,4,2
893,149,0,160,4,2
894,149,0,160,4,2
895,149,0,160,4,2
896,150,1,162,4,2
897,150,0,162,4,2
898,150,0,162,4,2
899,150,0,162,4,2
900,150,0,162,4,2
901,150,0,162,4,2
902,150,0,162,4,2
903,150,0,162,4,2
904,151,1,163,4,2
905,151,0,163,4,2
906,151,0,163,4,2
907,151,0,163,4,2
908,151,0,163,4,2
909,151,0,163,4,2
910,151,0,163,4,2
911,151,0,163,4,2
912,152,1,165,4,2
913,152,0,165,4,2
914,152,0,165,4,2
915,152,0,165,4,2
916,152,0,165,4,2
917,152,0,165,4,2
918,152,0,165,4,2
919,152,0,165,4,2
920,153,1,166,4,2
921,153,0,166,4,2
922,153,0,166,4,2
923,153,0,166,4,2
924,153,0,166,4,2
925,153,0,166,4,2
926,153,0,166,4,2
927,153,0,166,4,2
928,154,1,168,4,2
929,154,0,168,4,2
930,154,0,168,4,2
931,154,0,168,4,2
932,154,0,168,4,2
933,154,0,168,4,2
934,154,0,168,4,2
935,154,0,168,4,2
936,155,1,169,4,2
937,155,0,169,4,2
938,155,0,169,4,2
939,155,0,169,4,2
940,155,0,169,4,2
941,155,0,169,4,2
942,155,0,169,4,2
943,155,0,169,4,2
944,156,1,171,4,2
945,156,0,171,4,2
946,156,0,171,4,2
947,156,0,171,4,2
948,156,0,171,4,2
949,156,0,171,4,2
950,156,0,171,4,2
951,156,0,171,4,2
952,157,1,172,4,2
953,157,0,172,4,2
954,157,0,172,4,2
955,157,0,172,4,2
956,157,0,172,4,2
957,157,0,172,4,2
958,157,0,172,4,2
959,158,1,174,4,2
960,158,0,174,4,2
961,158,0,174,4,2
962,158,0,174,4,2
963,158,0,174,4,2
964,158,0,174,4,2
965,158,0,174,4,2
966,159,1,175,4,2
967,159,0,175,4,2
968,159,0,175,4,2
969,159,0,175,4,2
970,159,0,175,4,2
971,159,0,175,4,2
972,159,0,175,4,2
973,159,0,175,4,2
974,160,1,176,4,2
975,160,0,176,4,2
976,160,0,176,4,2
977,160,0,176,4,2
978,160,0,176,4,2
979,160,0,176,4,2
980,160,0,176,4,2
981,161,1,178,4,2
982,161,0,178,4,2
983,161,0,178,4,2
984,161,0,178,4,2
985,161,0,178,4,2
986,161,0,178,4,2
987,161,0,178,4,2
988,162,1,179,4,2
989,162,0,179,4,2
990,162,0,179,4,2
991,162,0,179,4,2
992,162,0,179,4,2
993,162,0,179,4,2
994,162,0,179,4,2
995,163,1,180,4,2
996,163,0,180,4,2
997,163,0,180,4,2
998,163,0,180,4,2
999,163,0,180,4,2
1000,163,0,180,4,2
1001,163,0,180,4,2
1002,163,0,180,4,2
1003,164,1,182,4,2
1004,164,0,182,4,2
1005,164,0,182,4,2
1006,164,0,182,4,2
1007,164,0,182,4,2
1008,164,0,182,4,2
1009,164,0,182,4,2
1010,165,1,183,4,2
1011,165,0,183,4,2
1012,165,0,183,4,2
1013,165,0,183,4,2
1014,165,0,183,4,2
1015,165,0,183,4,2
1016,165,0,183,4,2
1017,165,0,183,4,2
1018,166,1,184,4,2
1019,166,0,184,4,2
1020,166,0,184,4,2
1021,166,0,184,4,2
1022,166,0,184,4,2
1023,166,0,184,4,2
1024,166,0,184,4,2
1025,167,1,186,4,2
1026,167,0,186,4,2
1027,167,0,186,4,2
1028,167,0,186,4,2
1029,167,0,186,4,2
1030,167,0,186,4,2
1031,167,0,186,4,2
1032,168,1,187,4,2
1033,168,0,187,4,2
1034,168,0,187,4,2
1035,168,0,187,4,2
1036,168,0,187,4,2
1037,168,0,187,4,2
1038,168,0,187,4,2
1039,169,1,189,4,2
1040,169,0,189,4,2
1041,169,0,189,4,2
1042,169,0,189,4,2
1043,169,0,189,4,2
1044,169,0,189,4,2
1045,169,0,189,4,2
1046,170,1,190,4,2
1047,170,0,190,4,2
1048,170,0,190,4,2
1049,170,0,190,4,2
1050,170,0,190,4,2
1051,170,0,190,4,2
1052,170,0,190,4,2
1053,171,1,191,4,2
1054,171,0,191,4,2
1055,171,0,191,4,2
1056,171,0,191,4,2
1057,171,0,191,4,2
1058,171,0,191,4,2
1059,171,0,191,4,2
1060,172,1,192,4,2
1061,172,0,192,4,2
1062,172,0,192,4,2
1063,172,0,192,4,2
1064,172,0,192,4,2
1065,172,0,192,4,2
1066,172,0,192,4,2
1067,173,1,194,4,2
1068,173,0,194,4,2
1069,173,0,194,4,2
1070,173,0,194,4,2
1071,173,0,194,4,2
1072,173,0,194,4,2
1073,173,0,194,4,2
1074,174,1,195,4,2
1075,174,0,195,4,2
1076,174,0,195,4,2
1077,174,0,195,4,2
1078,174,0,195,4,2
1079,174,0,195,4,2
1080,174,0,195,4,2
1081,174,0,195,4,2
1082,175,1,196,4,2
1083,175,0,196,4,2
1084,175,0,196,4,2
1085,175,0,196,4,2
1086,175,0,196,4,2
1087,175,0,196,4,2
1088,175,0,196,4,2
1089,175,0,196,4,2
1090,176,1,198,4,2
1091,176,0,198,4,2
1092,176,0,198,4,2
1093,176,0,198,4,2
1094,176,0,198,4,2
1095,176,0,198,4,2
1096,176,0,198,4,2
1097,177,1,199,4,2
1098,177,0,199,4,2
1099,177,0,199,4,2
1100,177,0,199,4,2
1101,177,0,199,4,2
1102,177,0,199,4,2
1103,177,0,199,4,2
1104,177,0,199,4,2
1105,178,1,201,4,2
1106,178,0,201,4,2
1107,178,0,201,4,2
1108,178,0,201,4,2
1109,178,0,201,4,2
1110,178,0,201,4,2
1111,178,0,201,4,2
1112,178,0,201,4,2
1113,179,1,202,4,2
1114,179,0,202,4,2
1115,179,0,202,4,2
1116,179,0,202,4,2
1117,179,0,202,4,2
1118,179,0,202,4,2
1119,179,0,202,4,2
1120,180,1,204,4,2
1121,180,0,204,4,2
1122,180,0,204,4,2
1123,180,0,204,4,2
1124,180,0,204,4,2
1125,180,0,204,4,2
1126,180,0,204,4,2
1127,180,0,204,4,2
1128,181,1,205,4,2
1129,181,0,205,4,2
1130,181,0,205,4,2
1131,181,0,205,4,2
1132,181,0,205,4,2
1133,181,0,205,4,2
1134,181,0,205,4,2
1135,182,1,207,4,2
1136,182,0,207,4,2
1137,182,0,207,4,2
1138,182,0,207,4,2
1139,182,0,207,4,2
1140,182,0,207,4,2
1141,182,0,207,4,2
1142,182,0,207,4,2
1143,183,1,208,4,2
1144,183,0,208,4,2
1145,183,0,208,4,2
1146,183,0,208,4,2
1147,183,0,208,4,2
1148,183,0,208,4,2
1149,183,0,208,4,2
1150,183,0,208,4,2
1151,184,1,209,4,2
1152,184,0,209,4,2
1153,184,0,209,4,2
1154,184,0,209,4,2
1155,184,0,209,4,2
1156,184,0,209,4,2
1157,184,0,209,4,2
1158,184,0,209,4,2
1159,185,1,211,4,2
1160,185,0,211,4,2
1161,185,0,211,4,2
1162,185,0,211,4,2
1163,185,0,211,4,2
1164,185,0,211,4,2
1165,185,0,211,4,2
1166,186,1,212,4,2
1167,186,0,212,4,2
1168,186,0,212,4,2
1169,186,0,212,4,2
1170,186,0,212,4,2
1171,186,0,212,4,2
1172,186,0,212,4,2
1173,186,0,212,4,2
1174,187,1,214,4,2
1175,187,0,214,4,2
1176,187,0,214,4,2
1177,187,0,214,4,2
1178,187,0,214,4,2
1179,187,0,214,4,2
1180,187,0,214,4,2
1181,187,0,214,4,2
1182,188,1,215,4,2
1183,188,0,215,4,2
1184,188,0,215,4,2
1185,188,0,215,4,2
1186,188,0,215,4,2
1187,188,0,215,4,2
1188,188,0,215,4,2
1189,188,0,215,4,2
1190,188,0,215,4,2
1191,189,1,217,4,2
1192,189,0,217,4,2
1193,189,0,217,4,2
1194,189,0,217,4,2
1195,189,0,217,4,2
1196,189,0,217,4,2
1197,189,0,217,4,2
1198,189,0,217,4,2
1199,190,1,218,4,2
1200,190,0,218,4,2
1201,190,0,218,4,2
1202,190,0,218,4,2
1203,190,0,218,4,2
1204,190,0,218,4,2
1205,190,0,218,4,2
1206,190,0,218,4,2
1207,191,1,220,4,2
1208,191,0,220,4,2
1209,191,0,220,4,2
1210,191,0,220,4,2
1211,191,0,220,4,2
1212,191,0,220,4,2
1213,191,0,220,4,2
1214,191,0,220,4,2
1215,192,1,221,4,2
1216,192,0,221,4,2
1217,192,0,221,4,2
1218,192,0,221,4,2
1219,192,0,221,4,2
1220,192,0,221,4,2
1221,192,0,221,4,2
1222,193,1,223,4,2
1223,193,0,223,4,2
1224,193,0,223,4,2
1225,193,0,223,4,2
1226,193,0,223,4,2
1227,193,0,223,4,2
1228,193,0,223,4,2
1229,193,0,223,4,2
1230,194,1,224,4,2
1231,194,0,224,4,2
1232,194,0,224,4,2
1233,194,0,224,4,2
1234,194,0,224,4,2
1235,194,0,224,4,2
1236,194,0,224,4,2
1237,195,1,225,4,2
1238,195,0,225,4,2
1239,195,0,225,4,2
1240,195,0,225,4,2
1241,195,0,225,4,2
1242,195,0,225,4,2
1243,195,0,225,4,2
1244,196,1,227,4,2
1245,196,0,227,4,2
1246,196,0,227,4,2
1247,196,0,227,4,2
1248,196,0,227,4,2
1249,196,0,227,4,2
1250,196,0,227,4,2
1251,197,1,228,4,2
1252,197,0,228,4,2
1253,197,0,228,4,2
1254,197,0,228,4,2
1255,197,0,228,4,2
1256,197,0,228,4,2
1257,197,0,228,4,2
1258,198,1,229,4,2
1259,198,0,229,4,2
1260,198,0,229,4,2
1261,198,0,229,4,2
1262,198,0,229,4,2
1263,198,0,229,4,2
1264,198,0,229,4,2
1265,198,0,229,4,2
1266,199,1,231,4,2
1267,199,0,231,4,2
1268,199,0,231,4,2
1269,199,0,231,4,2
1270,199,0,231,4,2
1271,199,0,231,4,2
1272,199,0,231,4,2
1273,199,0,231,4,2
1274,200,1,232,4,2
1275,200,0,232,4,2
1276,200,0,232,4,2
1277,200,0,232,4,2
1278,200,0,232,4,2
1279,200,0,232,4,2
1280,200,0,232,4,2
1281,201,1,234,4,2
1282,201,0,234,4,2
1283,201,0,234,4,2
1284,201,0,234,4,2
1285,201,0,234,4,2
1286,201,0,234,4,2
1287,201,0,234,4,2
1288,201,0,234,4,2
1289,202,1,235,4,2
1290,202,0,235,4,2
1291,202,0,235,4,2
1292,202,0,235,4,2
1293,202,0,235,4,2
1294,202,0,235,4,2
1295,202,0,235,4,2
1296,203,1,237,4,2
1297,203,0,237,4,2
1298,203,0,237,4,2
1299,203,0,237,4,2
1300,203,0,237,4,2
1301,203,0,237,4,2
1302,203,0,237,4,2
1303,203,0,237,4,2
1304,204,1,238,4,2
1305,204,0,238,4,2
1306,204,0,238,4,2
1307,204,0,238,4,2
1308,204,0,238,4,2
1309,204,0,238,4,2
1310,204,0,238,4,2
1311,205,1,239,4,2
1312,205,0,239,4,2
1313,205,0,239,4,2
1314,205,0,239,4,2
1315,205,0,239,4,2
1316,205,0,239,4,2
1317,205,0,239,4,2
1318,205,0,239,4,2
1319,206,1,241,4,2
1320,206,0,241,4,2
1321,206,0,241,4,2
1322,206,0,241,4,2
1323,206,0,241,4,2
1324,206,0,241,4,2
1325,206,0,241,4,2
1326,207,1,242,4,2
1327,207,0,242,4,2
1328,207,0,242,4,2
1329,207,0,242,4,2
1330,207,0,242,4,2
1331,207,0,242,4,2
1332,207,0,242,4,2
1333,208,1,243,4,2
1334,208,0,243,4,2
1335,208,0,243,4,2
1336,208,0,243,4,2
1337,208,0,243,4,2
1338,208,0,243,4,2
1339,209,1,245,4,2
1340,209,0,245,4,2
1341,209,0,245,4,2
1342,209,0,245,4,2
1343,209,0,245,4,2
1344,209,0,245,4,2
1345,210,1,246,4,2
1346,210,0,246,4,2
1347,210,0,246,4,2
1348,210,0,246,4,2
1349,210,0,246,4,2
1350,210,0,246,4,2
1351,210,0,246,4,2
1352,211,1,247,4,2
1353,211,0,247,4,2
1354,211,0,247,4,2
1355,211,0,247,4,2
1356,211,0,247,4,2
1357,211,0,247,4,2
1358,211,0,247,4,2
1359,212,1,248,4,2
1360,212,0,248,4,2
1361,212,0,248,4,2
1362,212,0,248,4,2
1363,212,0,248,4,2
1364,212,0,248,4,2
1365,213,1,250,4,2
1366,213,0,250,4,2
1367,213,0,250,4,2
1368,213,0,250,4,2
1369,213,0,250,4,2
1370,214,1,251,4,2
1371,214,0,251,4,2
1372,214,0,251,4,2
1373,214,0,251,4,2
1374,214,0,251,4,2
1375,214,0,251,4,2
1376,215,1,252,4,2
1377,215,0,252,4,2
1378,215,0,252,4,2
1379,215,0,252,4,2
1380,215,0,252,4,2
1381,216,1,253,4,2
1382,216,0,253,4,2
1383,216,0,253,4,2
1384,216,0,253,4,2
1385,216,0,253,4,2
1386,216,0,253,4,2
1387,217,1,254,4,2
1388,217,0,254,4,2
1389,217,0,254,4,2
1390,217,0,254,4,2
1391,217,0,254,4,2
1392,218,1,255,4,2
1393,218,0,255,4,2
1394,218,0,255,4,2
1395,218,0,255,4,2
1396,218,0,255,4,2
1397,218,0,255,4,2
1398,219,1,256,4,2
1399,219,0,256,4,2
1400,219,0,256,4,2
1401,219,0,256,4,2
1402,219,0,256,4,2
1403,219,0,256,4,2
1404,220,1,257,4,2
1405,220,0,257,4,2
1406,220,0,257,4,2
1407,220,0,257,4,2
1408,220,0,257,4,2
1409,220,0,257,4,2
1410,221,1,258,4,2
1411,221,0,258,4,2
1412,221,0,258,4,2
1413,221,0,258,4,2
1414,221,0,258,4,2
1415,221,0,258,4,2
1416,222,1,259,4,2
1417,222,0,259,4,2
1418,222,0,259,4,2
1419,222,0,259,4,2
1420,222,0,259,4,2
1421,223,1,260,4,2
1422,223,0,260,4,2
1423,223,0,260,4,2
1424,223,0,260,4,2
1425,223,0,260,4,2
1426,223,0,260,4,2
1427,224,1,261,4,2
1428,224,0,261,4,2
1429,224,0,261,4,2
1430,224,0,261,4,2
1431,224,0,261,4,2
1432,224,0,261,4,2
1433,225,1,262,4,2
1434,225,0,262,4,2
1435,225,0,262,4,2
1436,225,0,262,4,2
1437,225,0,262,4,2
1438,225,0,262,4,2
1439,225,0,262,4,2
1440,226,1,264,4,2
1441,226,0,264,4,2
1442,226,0,264,4,2
1443,226,0,264,4,2
1444,226,0,264,4,2
1445,226,0,264,4,2
1446,227,1,265,4,2
1447,227,0,265,4,2
1448,227,0,265,4,2
1449,227,0,265,4,2
1450,227,0,265,4,2
1451,227,0,265,4,2
1452,228,1,266,4,2
1453,228,0,266,4,2
1454,228,0,266,4,2
1455,228,0,266,4,2
1456,228,0,266,4,2
1457,228,0,266,4,2
1458,229,1,267,4,2
1459,229,0,267,4,2
1460,229,0,267,4,2
1461,229,0,267,4,2
1462,229,0,267,4,2
1463,229,0,267,4,2
1464,230,1,268,4,2
1465,230,0,268,4,2
1466,230,0,268,4,2
1467,230,0,268,4,2
1468,230,0,268,4,2
1469,230,0,268,4,2
1470,231,1,269,4,2
1471,231,0,269,4,2
1472,231,0,269,4,2
1473,231,0,269,4,2
1474,231,0,269,4,2
1475,231,0,269,4,2
1476,232,1,270,4,2
1477,232,0,270,4,2
1478,232,0,270,4,2
1479,232,0,270,4,2
1480,232,0,270,4,2
1481,232,0,270,4,2
1482,232,0,270,4,2
1483,233,1,272,4,2
1484,233,0,272,4,2
1485,233,0,272,4,2
1486,233,0,272,4,2
1487,233,0,272,4,2
1488,233,0,272,4,2
1489,234,1,273,4,2
1490,234,0,273,4,2
1491,234,0,273,4,2
1492,234,0,273,4,2
1493,234,0,273,4,2
1494,234,0,273,4,2
1495,235,1,274,4,2
1496,235,0,274,4,2
1497,235,0,274,4,2
1498,235,0,274,4,2
1499,235,0,274,4,2
1500,236,1,275,4,2
1501,236,0,275,4,2
1502,236,0,275,4,2
1503,236,0,275,4,2
1504,236,0,275,4,2
1505,236,0,275,4,2
1506,237,1,276,4,2
1507,237,0,276,4,2
1508,237,0,276,4,2
1509,237,0,276,4,2
1510,237,0,276,4,2
1511,237,0,276,4,2
1512,238,1,277,4,2
1513,238,0,277,4,2
1514,238,0,277,4,2
1515,238,0,277,4,2
1516,238,0,277,4,2
1517,239,1,278,4,2
1518,239,0,278,4,2
1519,239,0,278,4,2
1520,239,0,278,4,2
1521,239,0,278,4,2
1522,239,0,278,4,2
1523,240,1,279,4,2
1524,240,0,279,4,2
1525,240,0,279,4,2
1526,240,0,279,4,2
1527,240,0,279,4,2
1528,240,0,279,4,2
1529,240,0,279,4,2
1530,241,1,280,4,2
1531,241,0,280,4,2
1532,241,0,280,4,2
1533,241,0,280,4,2
1534,241,0,280,4,2
1535,241,0,280,4,2
1536,242,1,282,4,2
1537,242,0,282,4,2
1538,242,0,282,4,2
1539,242,0,282,4,2
1540,242,0,282,4,2
1541,243,1,283,4,2
1542,243,0,283,4,2
1543,243,0,283,4,2
1544,243,0,283,4,2
1545,243,0,283,4,2
1546,243,0,283,4,2
1547,244,1,284,4,2
1548,244,0,284,4,2
1549,244,0,284,4,2
1550,244,0,284,4,2
1551,244,0,284,4,2
1552,244,0,284,4,2
1553,245,1,285,4,2
1554,245,0,285,4,2
1555,245,0,285,4,2
1556,245,0,285,4,2
1557,245,0,285,4,2
1558,245,0,285,4,2
1559,246,1,286,4,2
1560,246,0,286,4,2
1561,246,0,286,4,2
1562,246,0,286,4,2
1563,246,0,286,4,2
1564,247,1,287,4,2
1565,247,0,287,4,2
1566,247,0,287,4,2
1567,247,0,287,4,2
1568,247,0,287,4,2
1569,247,0,287,4,2
1570,248,1,288,4,2
1571,248,0,288,4,2
1572,248,0,288,4,2
1573,248,0,288,4,2
1574,248,0,288,4,2
1575,249,1,289,4,2
1576,249,0,289,4,2
1577,249,0,289,4,2
1578,249,0,289,4,2
1579,249,0,289,4,2
1580,249,0,289,4,2
1581,250,1,290,4,2
1582,250,0,290,4,2
1583,250,0,290,4,2
1584,250,0,290,4,2
1585,250,0,290,4,2
1586,250,0,290,4,2
1587,251,1,291,4,2
1588,251,0,291,4,2
1589,251,0,291,4,2
1590,251,0,291,4,2
1591,251,0,291,4,2
1592,252,1,292,4,2
1593,252,0,292,4,2
1594,252,0,292,4,2
1595,252,0,292,4,2
1596,252,0,292,4,2
1597,252,0,292,4,2
1598,253,1,293,4,2
1599,253,0,293,4,2
1600,253,0,293,4,2
1601,253,0,293,4,2
1602,253,0,293,4,2
1603,253,0,293,4,2
1604,254,1,294,4,2
1605,254,0,294,4,2
1606,254,0,294,4,2
1607,254,0,294,4,2
1608,254,0,294,4,2
1609,254,0,294,4,2
1610,255,1,296,4,2
1611,255,0,296,4,2
1612,255,0,296,4,2
1613,255,0,296,4,2
1614,255,0,296,4,2
1615,255,0,296,4,2
1616,256,1,297,4,2
1617,256,0,297,4,2
1618,256,0,297,4,2
1619,256,0,297,4,2
1620,256,0,297,4,2
1621,257,1,298,4,2
1622,257,0,298,4,2
1623,257,0,298,4,2
1624,257,0,298,4,2
1625,257,0,298,4,2
1626,257,0,298,4,2
1627,258,1,299,4,2
1628,258,0,299,4,2
1629,258,0,299,4,2
1630,258,0,299,4,2
1631,258,0,299,4,2
1632,259,1,300,4,2
1633,259,0,300,4,2
1634,259,0,300,4,2
1635,259,0,300,4,2
1636,259,0,300,4,2
1637,259,0,300,4,2
1638,260,1,301,4,2
1639,260,0,301,4,2
1640,260,0,301,4,2
1641,260,0,301,4,2
1642,260,0,301,4,2
1643,260,0,301,4,2
1644,261,1,302,4,2
1645,261,0,302,4,2
1646,261,0,302,4,2
1647,261,0,302,4,2
1648,261,0,302,4,2
1649,262,1,303,4,2
1650,262,0,303,4,2
1651,262,0,303,4,2
1652,262,0,303,4,2
1653,262,0,303,4,2
1654,262,0,303,4,2
1655,263,1,304,4,2
1656,263,0,304,4,2
1657,263,0,304,4,2
1658,263,0,304,4,2
1659,263,0,304,4,2
1660,264,1,305,4,2
1661,264,0,305,4,2
1662,264,0,305,4,2
1663,264,0,305,4,2
1664,264,0,305,4,2
1665,264,0,305,4,2
1666,265,1,306,4,2
1667,265,0,306,4,2
1668,265,0,306,4,2
1669,265,0,306,4,2
1670,265,0,306,4,2
1671,266,1,307,4,2
1672,266,0,307,4,2
1673,266,0,307,4,2
1674,266,0,307,4,2
1675,266,0,307,4,2
1676,266,0,307,4,2
1677,267,1,308,4,2
1678,267,0,308,4,2
1679,267,0,308,4,2
1680,267,0,308,4,2
1681,267,0,308,4,2
1682,267,0,308,4,2
1683,268,1,309,4,2
1684,268,0,309,4,2
1685,268,0,309,4,2
1686,268,0,309,4,2
1687,268,0,309,4,2
1688,268,0,309,4,2
1689,269,1,310,4,2
1690,269,0,310,4,2
1691,269,0,310,4,2
1692,269,0,310,4,2
1693,269,0,310,4,2
1694,270,1,311,4,2
1695,270,0,311,4,2
1696,270,0,311,4,2
1697,270,0,311,4,2
1698,270,0,311,4,2
1699,270,0,311,4,2
1700,270,0,311,4,2
1701,271,1,312,4,2
1702,271,0,312,4,2
1703,271,0,312,4,2
1704,271,0,312,4,2
1705,271,0,312,4,2
1706,272,1,314,4,2
1707,272,0,314,4,2
1708,272,0,314,4,2
1709,272,0,314,4,2
1710,272,0,314,4,2
1711,272,0,314,4,2
1712,273,1,315,4,2
1713,273,0,315,4,2
1714,273,0,315,4,2
1715,273,0,315,4,2
1716,273,0,315,4,2
1717,273,0,315,4,2
1718,274,1,316,4,2
1719,274,0,316,4,2
1720,274,0,316,4,2
1721,274,0,316,4,2
1722,274,0,316,4,2
1723,274,0,316,4,2
1724,275,1,317,4,2
1725,275,0,317,4,2
1726,275,0,317,4,2
1727,275,0,317,4,2
1728,275,0,317,4,2
1729,275,0,317,4,2
1730,276,1,318,4,2
1731,276,0,318,4,2
1732,276,0,318,4,2
1733,276,0,318,4,2
1734,276,0,318,4,2
1735,276,0,318,4,2
1736,277,1,319,4,2
1737,277,0,319,4,2
1738,277,0,319,4,2
1739,277,0,319,4,2
1740,277,0,319,4,2
1741,277,0,319,4,2
1742,278,1,320,4,2
1743,278,0,320,4,2
1744,278,0,320,4,2
1745,278,0,320,4,2
1746,278,0,320,4,2
1747,278,0,320,4,2
1748,279,1,321,4,2
1749,279,0,321,4,2
1750,279,0,321,4,2
1751,279,0,321,4,2
1752,279,0,321,4,2
1753,279,0,321,4,2
1754,280,1,322,4,2
1755,280,0,322,4,2
1756,280,0,322,4,2
1757,280,0,322,4,2
1758,280,0,322,4,2
1759,280,0,322,4,2
1760,281,1,324,4,2
1761,281,0,324,4,2
1762,281,0,324,4,2
1763,281,0,324,4,2
1764,281,0,324,4,2
1765,281,0,324,4,2
1766,282,1,325,4,2
1767,282,0,325,4,2
1768,282,0,325,4,2
1769,282,0,325,4,2
1770,282,0,325,4,2
1771,282,0,325,4,2
1772,283,1,326,4,2
1773,283,0,326,4,2
1774,283,0,326,4,2
1775,283,0,326,4,2
1776,283,0,326,4,2
1777,283,0,326,4,2
1778,283,0,326,4,2
1779,284,1,327,4,2
1780,284,0,327,4,2
1781,284,0,327,4,2
1782,284,0,327,4,2
1783,284,0,327,4,2
1784,284,0,327,4,2
1785,284,0,327,4,2
1786,284,0,327,4,2
1787,285,1,328,4,2
1788,285,0,328,4,2
1789,285,0,328,4,2
1790,285,0,328,4,2
1791,285,0,328,4,2
1792,285,0,328,4,2
1793,286,1,330,4,2
1794,286,0,330,4,2
1795,286,0,330,4,2
1796,286,0,330,4,2
1797,286,0,330,4,2
1798,286,0,330,4,2
1799,286,0,330,4,2
1800,287,1,331,4,2
1801,287,0,331,4,2
1802,287,0,331,4,2
1803,287,0,331,4,2
1804,287,0,331,4,2
1805,287,0,331,4,2
1806,288,1,332,4,2
1807,288,0,332,4,2
1808,288,0,332,4,2
1809,288,0,332,4,2
1810,288,0,332,4,2
1811,288,0,332,4,2
1812,289,1,333,4,2
1813,289,0,333,4,2
1814,289,0,333,4,2
1815,289,0,333,4,2
1816,289,0,333,4,2
1817,289,0,333,4,2
1818,290,1,334,4,2
1819,290,0,334,4,2
1820,290,0,334,4,2
1821,290,0,334,4,2
1822,290,0,334,4,2
1823,290,0,334,4,2
1824,290,0,334,4,2
1825,291,1,336,4,2
1826,291,0,336,4,2
1827,291,0,336,4,2
1828,291,0,336,4,2
1829,291,0,336,4,2
1830,291,0,336,4,2
1831,292,1,337,4,2
1832,292,0,337,4,2
1833,292,0,337,4,2
1834,292,0,337,4,2
1835,292,0,337,4,2
1836,292,0,337,4,2
1837,293,1,338,4,2
1838,293,0,338,4,2
1839,293,0,338,4,2
1840,293,0,338,4,2
1841,293,0,338,4,2
1842,293,0,338,4,2
1843,293,0,338,4,2
1844,294,1,339,4,2
1845,294,0,339,4,2
1846,294,0,339,4,2
1847,294,0,339,4,2
1848,294,0,339,4,2
1849,294,0,339,4,2
1850,294,0,339,4,2
1851,295,1,340,4,2
1852,295,0,340,4,2
1853,295,0,340,4,2
1854,295,0,340,4,2
1855,295,0,340,4,2
1856,295,0,340,4,2
1857,296,1,342,4,2
1858,296,0,342,4,2
1859,296,0,342,4,2
1860,296,0,342,4,2
1861,296,0,342,4,2
1862,296,0,342,4,2
1863,297,1,343,4,2
1864,297,0,343,4,2
1865,297,0,343,4,2
1866,297,0,343,4,2
1867,297,0,343,4,2
1868,297,0,343,4,2
1869,297,0,343,4,2
1870,298,1,344,4,2
1871,298,0,344,4,2
1872,298,0,344,4,2
1873,298,0,344,4,2
1874,298,0,344,4,2
1875,298,0,344,4,2
1876,299,1,345,4,2
1877,299,0,345,4,2
1878,299,0,345,4,2
1879,299,0,345,4,2
1880,299,0,345,4,2
1881,300,1,346,4,2
1882,300,0,346,4,2
1883,300,0,346,4,2
1884,300,0,346,4,2
1885,300,0,346,4,2
1886,300,0,346,4,2
1887,301,1,347,4,2
1888,301,0,347,4,2
1889,301,0,347,4,2
1890,301,0,347,4,2
1891,301,0,347,4,2
1892,301,0,347,4,2
1893,302,1,348,4,2
1894,302,0,348,4,2
1895,302,0,348,4,2
1896,302,0,348,4,2
1897,302,0,348,4,2
1898,302,0,348,4,2
1899,303,1,350,4,2
1900,303,0,350,4,2
1901,303,0,350,4,2
1902,303,0,350,4,2
1903,303,0,350,4,2
1904,303,0,350,4,2
1905,304,1,351,4,2
1906,304,0,351,4,2
1907,304,0,351,4,2
1908,304,0,351,4,2
1909,304,0,351,4,2
1910,304,0,351,4,2
1911,305,1,352,4,2
1912,305,0,352,4,2
1913,305,0,352,4,2
1914,305,0,352,4,2
1915,305,0,352,4,2
1916,306,1,353,4,2
1917,306,0,353,4,2
1918,306,0,353,4,2
1919,306,0,353,4,2
1920,306,0,353,4,2
1921,306,0,353,4,2
1922,307,1,354,4,2
1923,307,0,354,4,2
1924,307,0,354,4,2
1925,307,0,354,4,2
1926,307,0,354,4,2
1927,307,0,354,4,2
1928,307,0,354,4,2
1929,308,1,355,4,2
1930,308,0,355,4,2
1931,308,0,355,4,2
1932,308,0,355,4,2
1933,308,0,355,4,2
1934,308,0,355,4,2
1935,309,1,356,4,2
1936,309,0,356,4,2
1937,309,0,356,4,2
1938,309,0,356,4,2
1939,309,0,356,4,2
1940,310,1,357,4,2
1941,310,0,357,4,2
1942,310,0,357,4,2
1943,310,0,357,4,2
1944,310,0,357,4,2
1945,310,0,357,4,2
1946,311,1,358,4,2
1947,311,0,358,4,2
1948,311,0,358,4,2
1949,311,0,358,4,2
1950,311,0,358,4,2
1951,311,0,358,4,2
1952,311,0,358,4,2
1953,312,1,360,4,2
1954,312,0,360,4,2
1955,312,0,360,4,2
1956,312,0,360,4,2
1957,312,0,360,4,2
1958,312,0,360,4,2
1959,312,0,360,4,2
1960,313,1,361,4,2
1961,313,0,361,4,2
1962,313,0,361,4,2
1963,313,0,361,4,2
1964,313,0,361,4,2
1965,313,0,361,4,2
1966,313,0,361,4,2
1967,314,1,362,4,2
1968,314,0,362,4,2
1969,314,0,362,4,2
1970,314,0,362,4,2
1971,314,0,362,4,2
1972,314,0,362,4,2
1973,314,0,362,4,2
1974,315,1,363,4,2
1975,315,0,363,4,2
1976,315,0,363,4,2
1977,315,0,363,4,2
1978,315,0,363,4,2
1979,315,0,363,4,2
1980,315,0,363,4,2
1981,316,1,365,4,2
1982,316,0,365,4,2
1983,316,0,365,4,2
1984,316,0,365,4,2
1985,316,0,365,4,2
1986,316,0,365,4,2
1987,317,1,366,4,2
1988,317,0,366,4,2
1989,317,0,366,4,2
1990,317,0,366,4,2
1991,317,0,366,4,2
1992,317,0,366,4,2
1993,317,0,366,4,2
1994,318,1,367,4,2
1995,318,0,367,4,2
1996,318,0,367,4,2
1997,318,0,367,4,2
1998,318,0,367,4,2
1999,318,0,367,4,2
2000,318,0,367,4,2
2001,319,1,369,4,2
2002,319,0,369,4,2
2003,319,0,369,4,2
2004,319,0,369,4,2
2005,319,0,369,4,2
2006,319,0,369,4,2
2007,319,0,369,4,2
2008,320,1,370,4,2
2009,320,0,370,4,2
2010,320,0,370,4,2
2011,320,0,370,4,2
2012,320,0,370,4,2
2013,320,0,370,4,2
2014,321,1,371,4,2
2015,321,0,371,4,2
2016,321,0,371,4,2
2017,321,0,371,4,2
2018,321,0,371,4,2
2019,321,0,371,4,2
2020,322,1,372,4,2
2021,322,0,372,4,2
2022,322,0,372,4,2
2023,322,0,372,4,2
2024,322,0,372,4,2
2025,322,0,372,4,2
2026,323,1,373,4,2
2027,323,0,373,4,2
2028,323,0,373,4,2
2029,323,0,373,4,2
2030,323,0,373,4,2
2031,324,1,375,4,2
2032,324,0,375,4,2
2033,324,0,375,4,2
2034,324,0,375,4,2
2035,324,0,375,4,2
2036,324,0,375,4,2
2037,325,1,375,4,2
2038,325,0,375,4,2
2039,325,0,375,4,2
2040,325,0,375,4,2
2041,325,0,375,4,2
2042,325,0,375,4,2
2043,325,0,375,4,2
2044,326,1,377,4,2
2045,326,0,377,4,2
2046,326,0,377,4,2
2047,326,0,377,4,2
2048,326,0,377,4,2
2049,326,0,377,4,2
2050,327,1,378,4,2
2051,327,0,378,4,2
2052,327,0,378,4,2
2053,327,0,378,4,2
2054,327,0,378,4,2
2055,327,0,378,4,2
2056,328,1,379,4,2
2057,328,0,379,4,2
2058,328,0,379,4,2
2059,328,0,379,4,2
2060,328,0,379,4,2
2061,328,0,379,4,2
2062,329,1,380,4,2
2063,329,0,380,4,2
2064,329,0,380,4,2
2065,329,0,380,4,2
2066,329,0,380,4,2
2067,329,0,380,4,2
2068,330,1,381,4,2
2069,330,0,381,4,2
2070,330,0,381,4,2
2071,330,0,381,4,2
2072,330,0,381,4,2
2073,330,0,381,4,2
2074,331,1,382,4,2
2075,331,0,382,4,2
2076,331,0,382,4,2
2077,331,0,382,4,2
2078,331,0,382,4,2
2079,331,0,382,4,2
2080,332,1,384,4,2
2081,332,0,384,4,2
2082,332,0,384,4,2
2083,332,0,384,4,2
2084,332,0,384,4,2
2085,332,0,384,4,2
2086,333,1,385,4,2
2087,333,0,385,4,2
2088,333,0,385,4,2
2089,333,0,385,4,2
2090,333,0,385,4,2
2091,334,1,386,4,2
2092,334,0,386,4,2
2093,334,0,386,4,2
2094,334,0,386,4,2
2095,334,0,386,4,2
2096,334,0,386,4,2
2097,335,1,387,4,2
2098,335,0,387,4,2
2099,335,0,387,4,2
2100,335,0,387,4,2
2101,335,0,387,4,2
2102,335,0,387,4,2
2103,336,1,388,4,2
2104,336,0,388,4,2
2105,336,0,388,4,2
2106,336,0,388,4,2
2107,336,0,388,4,2
2108,336,0,388,4,2
2109,337,1,389,4,2
2110,337,0,389,4,2
2111,337,0,389,4,2
2112,337,0,389,4,2
2113,337,0,389,4,2
2114,337,0,389,4,2
2115,338,1,390,4,2
2116,338,0,390,4,2
2117,338,0,390,4,2
2118,338,0,390,4,2
2119,338,0,390,4,2
2120,338,0,390,4,2
2121,339,1,391,4,2
2122,339,0,391,4,2
2123,339,0,391,4,2
2124,339,0,391,4,2
2125,339,0,391,4,2
2126,339,0,391,4,2
2127,340,1,392,4,2
2128,340,0,392,4,2
2129,340,0,392,4,2
2130,340,0,392,4,2
2131,340,0,392,4,2
2132,340,0,392,4,2
2133,341,1,393,4,2
2134,341,0,393,4,2
2135,341,0,393,4,2
2136,341,0,393,4,2
2137,341,0,393,4,2
2138,342,1,395,4,2
2139,342,0,395,4,2
2140,342,0,395,4,2
2141,342,0,395,4,2
2142,342,0,395,4,2
2143,342,0,395,4,2
2144,343,1,396,4,2
2145,343,0,396,4,2
2146,343,0,396,4,2
2147,343,0,396,4,2
2148,343,0,396,4,2
2149,343,0,396,4,2
2150,344,1,397,4,2
2151,344,0,397,4,2
2152,344,0,397,4,2
2153,344,0,397,4,2
2154,344,0,397,4,2
2155,345,1,398,4,2
2156,345,0,398,4,2
2157,345,0,398,4,2
2158,345,0,398,4,2
2159,345,0,398,4,2
2160,345,0,398,4,2
2161,346,1,399,4,2
2162,346,0,399,4,2
2163,346,0,399,4,2
2164,346,0,399,4,2
2165,346,0,399,4,2
2166,346,0,399,4,2
2167,347,1,400,4,2
2168,347,0,400,4,2
2169,347,0,400,4,2
2170,347,0,400,4,2
2171,347,0,400,4,2
2172,348,1,401,4,2
2173,348,0,401,4,2
2174,348,0,401,4,2
2175,348,0,401,4,2
2176,348,0,401,4,2
2177,348,0,401,4,2
2178,349,1,402,4,2
2179,349,0,402,4,2
2180,349,0,402,4,2
2181,349,0,402,4,2
2182,349,0,402,4,2
2183,349,0,402,4,2
2184,350,1,403,4,2
2185,350,0,403,4,2
2186,350,0,403,4,2
2187,350,0,403,4,2
2188,350,0,403,4,2
2189,350,0,403,4,2
2190,351,1,404,4,2
2191,351,0,404,4,2
2192,351,0,404,4,2
2193,351,0,404,4,2
2194,351,0,404,4,2
2195,352,1,405,4,2
2196,352,0,405,4,2
2197,352,0,405,4,2
2198,352,0,405,4,2
2199,352,0,405,4,2
2200,352,0,405,4,2
2201,353,1,406,4,2
2202,353,0,406,4,2
2203,353,0,406,4,2
2204,353,0,406,4,2
2205,353,0,406,4,2
2206,354,1,407,4,2
2207,354,0,407,4,2
2208,354,0,407,4,2
2209,354,0,407,4,2
2210,354,0,407,4,2
2211,354,0,407,4,2
2212,355,1,408,4,2
2213,355,0,408,4,2
2214,355,0,408,4,2
2215,355,0,408,4,2
2216,355,0,408,4,2
2217,355,0,408,4,2
2218,356,1,409,4,2
2219,356,0,409,4,2
2220,356,0,409,4,2
2221,356,0,409,4,2
2222,356,0,409,4,2
2223,357,1,411,4,2
2224,357,0,411,4,2
2225,357,0,411,4,2
2226,357,0,411,4,2
2227,357,0,411,4,2
2228,358,1,411,4,2
2229,358,0,411,4,2
2230,358,0,411,4,2
2231,358,0,411,4,2
2232,358,0,411,4,2
2233,358,0,411,4,2
2234,359,1,412,4,2
2235,359,0,412,4,2
2236,359,0,412,4,2
2237,359,0,412,4,2
2238,359,0,412,4,2
2239,360,1,414,4,2
2240,360,0,414,4,2
2241,360,0,414,4,2
2242,360,0,414,4,2
2243,360,0,414,4,2
2244,360,0,414,4,2
2245,361,1,414,4,2
2246,361,0,414,4,2
2247,361,0,414,4,2
2248,361,0,414,4,2
2249,361,0,414,4,2
2250,361,0,414,4,2
2251,362,1,416,4,2
2252,362,0,416,4,2
2253,362,0,416,4,2
2254,362,0,416,4,2
2255,362,0,416,4,2
2256,363,1,417,4,2
2257,363,0,417,4,2
2258,363,0,417,4,2
2259,363,0,417,4,2
2260,363,0,417,4,2
2261,363,0,417,4,2
2262,364,1,418,4,2
2263,364,0,418,4,2
2264,364,0,418,4,2
2265,364,0,418,4,2
2266,364,0,418,4,2
2267,365,1,419,4,2
2268,365,0,419,4,2
2269,365,0,419,4,2
2270,365,0,419,4,2
2271,365,0,419,4,2
2272,365,0,419,4,2
2273,366,1,420,4,2
2274,366,0,420,4,2
2275,366,0,420,4,2
2276,366,0,420,4,2
2277,366,0,420,4,2
2278,367,1,421,4,2
2279,367,0,421,4,2
2280,367,0,421,4,2
2281,367,0,421,4,2
2282,367,0,421,4,2
2283,367,0,421,4,2
2284,368,1,422,4,2
2285,368,0,422,4,2
2286,368,0,422,4,2
2287,368,0,422,4,2
2288,368,0,422,4,2
2289,369,1,423,4,2
2290,369,0,423,4,2
2291,369,0,423,4,2
2292,369,0,423,4,2
2293,369,0,423,4,2
2294,369,0,423,4,2
2295,369,0,423,4,2
2296,370,1,424,4,2
2297,370,0,424,4,2
2298,370,0,424,4,2
2299,370,0,424,4,2
2300,370,0,424,4,2
2301,371,1,425,4,2
2302,371,0,425,4,2
2303,371,0,425,4,2
2304,371,0,425,4,2
2305,371,0,425,4,2
2306,371,0,425,4,2
2307,372,1,426,4,2
2308,372,0,426,4,2
2309,372,0,426,4,2
2310,372,0,426,4,2
2311,372,0,426,4,2
2312,372,0,426,4,2
2313,373,1,427,4,2
2314,373,0,427,4,2
2315,373,0,427,4,2
2316,373,0,427,4,2
2317,373,0,427,4,2
2318,373,0,427,4,2
2319,374,1,428,4,2
2320,374,0,428,4,2
2321,374,0,428,4,2
2322,374,0,428,4,2
2323,374,0,428,4,2
2324,374,0,428,4,2
2325,375,1,429,4,2
2326,375,0,429,4,2
2327,375,0,429,4,2
2328,375,0,429,4,2
2329,375,0,429,4,2
2330,375,0,429,4,2
2331,376,1,431,4,2
2332,376,0,431,4,2
2333,376,0,431,4,2
2334,376,0,431,4,2
2335,376,0,431,4,2
2336,376,0,431,4,2
2337,377,1,432,4,2
2338,377,0,432,4,2
2339,377,0,432,4,2
2340,377,0,432,4,2
2341,377,0,432,4,2
2342,377,0,432,4,2
2343,378,1,433,4,2
2344,378,0,433,4,2
2345,378,0,433,4,2
2346,378,0,433,4,2
2347,378,0,433,4,2
2348,378,0,433,4,2
2349,379,1,434,4,2
2350,379,0,434,4,2
2351,379,0,434,4,2
2352,379,0,434,4,2
2353,379,0,434,4,2
2354,379,0,434,4,2
2355,380,1,435,4,2
2356,380,0,435,4,2
2357,380,0,435,4,2
2358,380,0,435,4,2
2359,380,0,435,4,2
2360,380,0,435,4,2
2361,380,0,435,4,2
2362,381,1,436,4,2
2363,381,0,436,4,2
2364,381,0,436,4,2
2365,381,0,436,4,2
2366,381,0,436,4,2
2367,381,0,436,4,2
2368,382,1,438,4,2
2369,382,0,438,4,2
2370,382,0,438,4,2
2371,382,0,438,4,2
2372,382,0,438,4,2
2373,382,0,438,4,2
2374,382,0,438,4,2
2375,383,1,439,4,2
2376,383,0,439,4,2
2377,383,0,439,4,2
2378,383,0,439,4,2
2379,383,0,439,4,2
2380,383,0,439,4,2
2381,383,0,439,4,2
2382,383,0,439,4,2
2383,384,1,440,4,2
2384,384,0,440,4,2
2385,384,0,440,4,2
2386,384,0,440,4,2
2387,384,0,440,4,2
2388,384,0,440,4,2
2389,384,0,440,4,2
2390,385,1,441,4,2
2391,385,0,441,4,2
2392,385,0,441,4,2
2393,385,0,441,4,2
2394,385,0,441,4,2
2395,385,0,441,4,2
2396,385,0,441,4,2
2397,386,1,443,4,2
2398,386,0,443,4,2
2399,386,0,443,4,2
2400,386,0,443,4,2
2401,386,0,443,4,2
2402,386,0,443,4,2
2403,387,1,444,4,2
2404,387,0,444,4,2
2405,387,0,444,4,2
2406,387,0,444,4,2
2407,387,0,444,4,2
2408,387,0,444,4,2
2409,387,0,444,4,2
2410,388,1,445,4,2
2411,388,0,445,4,2
2412,388,0,445,4,2
2413,388,0,445,4,2
2414,388,0,445,4,2
2415,388,0,445,4,2
2416,389,1,447,4,2
2417,389,0,447,4,2
2418,389,0,447,4,2
2419,389,0,447,4,2
2420,389,0,447,4,2
2421,389,0,447,4,2
2422,390,1,448,4,2
2423,390,0,448,4,2
2424,390,0,448,4,2
2425,390,0,448,4,2
2426,390,0,448,4,2
2427,390,0,448,4,2
2428,390,0,448,4,2
2429,391,1,449,4,2
2430,391,0,449,4,2
2431,391,0,449,4,2
2432,391,0,449,4,2
2433,391,0,449,4,2
2434,391,0,449,4,2
2435,392,1,450,4,2
2436,392,0,450,4,2
2437,392,0,450,4,2
2438,392,0,450,4,2
2439,392,0,450,4,2
2440,392,0,450,4,2
2441,393,1,451,4,2
2442,393,0,451,4,2
2443,393,0,451,4,2
2444,393,0,451,4,2
2445,393,0,451,4,2
2446,393,0,451,4,2
2447,393,0,451,4,2
2448,394,1,452,4,2
2449,394,0,452,4,2
2450,394,0,452,4,2
2451,394,0,452,4,2
2452,394,0,452,4,2
2453,394,0,452,4,2
2454,395,1,454,4,2
2455,395,0,454,4,2
2456,395,0,454,4,2
2457,395,0,454,4,2
2458,395,0,454,4,2
2459,395,0,454,4,2
2460,395,0,454,4,2
2461,396,1,455,4,2
2462,396,0,455,4,2
2463,396,0,455,4,2
2464,396,0,455,4,2
2465,396,0,455,4,2
2466,396,0,455,4,2
2467,396,0,455,4,2
2468,397,1,456,4,2
2469,397,0,456,4,2
2470,397,0,456,4,2
2471,397,0,456,4,2
2472,397,0,456,4,2
2473,397,0,456,4,2
2474,397,0,456,4,2
2475,398,1,457,4,2
2476,398,0,457,4,2
2477,398,0,457,4,2
2478,398,0,457,4,2
2479,398,0,457,4,2
2480,398,0,457,4,2
2481,399,1,459,4,2
2482,399,0,459,4,2
2483,399,0,459,4,2
2484,399,0,459,4,2
2485,399,0,459,4,2
2486,400,1,460,4,2
2487,400,0,460,4,2
2488,400,0,460,4,2
2489,400,0,460,4,2
2490,400,0,460,4,2
2491,400,0,460,4,2
2492,401,1,461,4,2
2493,401,0,461,4,2
2494,401,0,461,4,2
2495,401,0,461,4,2
2496,401,0,461,4,2
2497,401,0,461,4,2
2498,402,1,462,4,2
2499,402,0,462,4,2
2500,402,0,462,4,2
2501,402,0,462,4,2
2502,402,0,462,4,2
2503,402,0,462,4,2
2504,403,1,463,4,2
2505,403,0,463,4,2
2506,403,0,463,4,2
2507,403,0,463,4,2
2508,403,0,463,4,2
2509,403,0,463,4,2
2510,403,0,463,4,2
2511,404,1,464,4,2
2512,404,0,464,4,2
2513,404,0,464,4,2
2514,404,0,464,4,2
2515,404,0,464,4,2
2516,404,0,464,4,2
2517,405,1,465,4,2
2518,405,0,465,4,2
2519,405,0,465,4,2
2520,405,0,465,4,2
2521,405,0,465,4,2
2522,405,0,465,4,2
2523,406,1,467,4,2
2524,406,0,467,4,2
2525,406,0,467,4,2
2526,406,0,467,4,2
2527,406,0,467,4,2
2528,406,0,467,4,2
2529,407,1,468,4,2
2530,407,0,468,4,2
2531,407,0,468,4,2
2532,407,0,468,4,2
2533,407,0,468,4,2
2534,407,0,468,4,2
2535,408,1,469,4,2
2536,408,0,469,4,2
2537,408,0,469,4,2
2538,408,0,469,4,2
2539,408,0,469,4,2
2540,408,0,469,4,2
2541,409,1,470,4,2
2542,409,0,470,4,2
2543,409,0,470,4,2
2544,409,0,470,4,2
2545,409,0,470,4,2
2546,409,0,470,4,2
2547,410,1,471,4,2
2548,410,0,471,4,2
2549,410,0,471,4,2
2550,410,0,471,4,2
2551,410,0,471,4,2
2552,410,0,471,4,2
2553,410,0,471,4,2
2554,411,1,472,4,2
2555,411,0,472,4,2
2556,411,0,472,4,2
2557,411,0,472,4,2
2558,411,0,472,4,2
2559,411,0,472,4,2
2560,412,1,474,4,2
2561,412,0,474,4,2
2562,412,0,474,4,2
2563,412,0,474,4,2
2564,412,0,474,4,2
2565,412,0,474,4,2
2566,413,1,475,4,2
2567,413,0,475,4,2
2568,413,0,475,4,2
2569,413,0,475,4,2
2570,413,0,475,4,2
2571,414,1,476,4,2
2572,414,0,476,4,2
2573,414,0,476,4,2
2574,414,0,476,4,2
2575,414,0,476,4,2
2576,414,0,476,4,2
2577,415,1,477,4,2
2578,415,0,477,4,2
2579,415,0,477,4,2
2580,415,0,477,4,2
2581,415,0,477,4,2
2582,415,0,477,4,2
2583,416,1,478,4,2
2584,416,0,478,4,2
2585,416,0,478,4,2
2586,416,0,478,4,2
2587,416,0,478,4,2
2588,416,0,478,4,2
2589,417,1,479,4,2
2590,417,0,479,4,2
2591,417,0,479,4,2
2592,417,0,479,4,2
2593,417,0,479,4,2
2594,417,0,479,4,2
2595,418,1,480,4,2
2596,418,0,480,4,2
2597,418,0,480,4,2
2598,418,0,480,4,2
2599,418,0,480,4,2
2600,419,1,481,4,2
2601,419,0,481,4,2
2602,419,0,481,4,2
2603,419,0,481,4,2
2604,419,0,481,4,2
2605,419,0,481,4,2
2606,420,1,482,4,2
2607,420,0,482,4,2
2608,420,0,482,4,2
2609,420,0,482,4,2
2610,420,0,482,4,2
2611,420,0,482,4,2
2612,421,1,483,4,2
2613,421,0,483,4,2
2614,421,0,483,4,2
2615,421,0,483,4,2
2616,421,0,483,4,2
2617,421,0,483,4,2
2618,422,1,484,4,2
2619,422,0,484,4,2
2620,422,0,484,4,2
2621,422,0,484,4,2
2622,422,0,484,4,2
2623,423,1,486,4,2
2624,423,0,486,4,2
2625,423,0,486,4,2
2626,423,0,486,4,2
2627,423,0,486,4,2
2628,423,0,486,4,2
2629,424,1,486,4,2
2630,424,0,486,4,2
2631,424,0,486,4,2
2632,424,0,486,4,2
2633,424,0,486,4,2
2634,424,0,486,4,2
2635,425,1,488,4,2
2636,425,0,488,4,2
2637,425,0,488,4,2
2638,425,0,488,4,2
2639,425,0,488,4,2
2640,425,0,488,4,2
2641,426,1,489,4,2
2642,426,0,489,4,2
2643,426,0,489,4,2
2644,426,0,489,4,2
2645,426,0,489,4,2
2646,426,0,489,4,2
2647,427,1,490,4,2
2648,427,0,490,4,2
2649,427,0,490,4,2
2650,427,0,490,4,2
2651,427,0,490,4,2
2652,427,0,490,4,2
2653,428,1,491,4,2
2654,428,0,491,4,2
2655,428,0,491,4,2
2656,428,0,491,4,2
2657,428,0,491,4,2
2658,428,0,491,4,2
2659,429,1,492,4,2
2660,429,0,492,4,2
2661,429,0,492,4,2
2662,429,0,492,4,2
2663,429,0,492,4,2
2664,429,0,492,4,2
2665,430,1,493,4,2
2666,430,0,493,4,2
2667,430,0,493,4,2
2668,430,0,493,4,2
2669,430,0,493,4,2
2670,430,0,493,4,2
2671,431,1,494,4,2
2672,431,0,494,4,2
2673,431,0,494,4,2
2674,431,0,494,4,2
2675,431,0,494,4,2
2676,431,0,494,4,2
2677,432,1,495,4,2
2678,432,0,495,4,2
2679,432,0,495,4,2
2680,432,0,495,4,2
2681,432,0,495,4,2
2682,433,1,497,4,2
2683,433,0,497,4,2
2684,433,0,497,4,2
2685,433,0,497,4,2
2686,433,0,497,4,2
2687,433,0,497,4,2
2688,434,1,498,4,2
2689,434,0,498,4,2
2690,434,0,498,4,2
2691,434,0,498,4,2
2692,434,0,498,4,2
2693,435,1,499,4,2
2694,435,0,499,4,2
2695,435,0,499,4,2
2696,435,0,499,4,2
2697,435,0,499,4,2
2698,435,0,499,4,2
2699,436,1,500,4,2
2700,436,0,500,4,2
2701,436,0,500,4,2
2702,436,0,500,4,2
2703,436,0,500,4,2
2704,436,0,500,4,2
2705,437,1,501,4,2
2706,437,0,501,4,2
2707,437,0,501,4,2
2708,437,0,501,4,2
2709,437,0,501,4,2
2710,437,0,501,4,2
2711,437,0,501,4,2
2712,438,1,502,4,2
2713,438,0,502,4,2
2714,438,0,502,4,2
2715,438,0,502,4,2
2716,438,0,502,4,2
2717,438,0,502,4,2
2718,438,0,502,4,2
2719,439,1,503,4,2
2720,439,0,503,4,2
2721,439,0,503,4,2
2722,439,0,503,4,2
2723,439,0,503,4,2
2724,439,0,503,4,2
2725,439,0,503,4,2
2726,440,1,504,4,2
2727,440,0,504,4,2
2728,440,0,504,4,2
2729,440,0,504,4,2
2730,440,0,504,4,2
2731,440,0,504,4,2
2732,440,0,504,4,2
2733,441,1,506,4,2
2734,441,0,506,4,2
2735,441,0,506,4,2
2736,441,0,506,4,2
2737,441,0,506,4,2
2738,441,0,506,4,2
2739,441,0,506,4,2
2740,442,1,507,4,2
2741,442,0,507,4,2
2742,442,0,507,4,2
2743,442,0,507,4,2
2744,442,0,507,4,2
2745,442,0,507,4,2
2746,442,0,507,4,2
2747,443,1,508,4,2
2748,443,0,508,4,2
2749,443,0,508,4,2
2750,443,0,508,4,2
2751,443,0,508,4,2
2752,443,0,508,4,2
2753,444,1,510,4,2
2754,444,0,510,4,2
2755,444,0,510,4,2
2756,444,0,510,4,2
2757,444,0,510,4,2
2758,444,0,510,4,2
2759,445,1,511,4,2
2760,445,0,511,4,2
2761,445,0,511,4,2
2762,445,0,511,4,2
2763,445,0,511,4,2
2764,445,0,511,4,2
2765,446,1,512,4,2
2766,446,0,512,4,2
2767,446,0,512,4,2
2768,446,0,512,4,2
2769,446,0,512,4,2
2770,446,0,512,4,2
2771,447,1,513,4,2
2772,447,0,513,4,2
2773,447,0,513,4,2
2774,447,0,513,4,2
2775,447,0,513,4,2
2776,447,0,513,4,2
2777,447,0,513,4,2
2778,448,1,514,4,2
2779,448,0,514,4,2
2780,448,0,514,4,2
2781,448,0,514,4,2
2782,448,0,514,4,2
2783,448,0,514,4,2
2784,449,1,516,4,2
2785,449,0,516,4,2
2786,449,0,516,4,2
2787,449,0,516,4,2
2788,449,0,516,4,2
2789,449,0,516,4,2
2790,449,0,516,4,2
2791,450,1,517,4,2
2792,450,0,517,4,2
2793,450,0,517,4,2
2794,450,0,517,4,2
2795,450,0,517,4,2
2796,450,0,517,4,2
2797,451,1,518,4,2
2798,451,0,518,4,2
2799,451,0,518,4,2
2800,451,0,518,4,2
2801,451,0,518,4,2
2802,451,0,518,4,2
2803,452,1,519,4,2
2804,452,0,519,4,2
2805,452,0,519,4,2
2806,452,0,519,4,2
2807,452,0,519,4,2
2808,452,0,519,4,2
2809,452,0,519,4,2
2810,453,1,520,4,2
2811,453,0,520,4,2
2812,453,0,520,4,2
2813,453,0,520,4,2
2814,453,0,520,4,2
2815,453,0,520,4,2
2816,453,0,520,4,2
2817,454,1,522,4,2
2818,454,0,522,4,2
2819,454,0,522,4,2
2820,454,0,522,4,2
2821,454,0,522,4,2
2822,454,0,522,4,2
2823,455,1,523,4,2
2824,455,0,523,4,2
2825,455,0,523,4,2
2826,455,0,523,4,2
2827,455,0,523,4,2
2828,455,0,523,4,2
2829,455,0,523,4,2
2830,456,1,524,4,2
2831,456,0,524,4,2
2832,456,0,524,4,2
2833,456,0,524,4,2
2834,456,0,524,4,2
2835,456,0,524,4,2
2836,457,1,525,4,2
2837,457,0,525,4,2
2838,457,0,525,4,2
2839,457,0,525,4,2
2840,457,0,525,4,2
2841,457,0,525,4,2
2842,458,1,526,4,2
2843,458,0,526,4,2
2844,458,0,526,4,2
2845,458,0,526,4,2
2846,458,0,526,4,2
2847,458,0,526,4,2
2848,458,0,526,4,2
2849,459,1,528,4,2
2850,459,0,528,4,2
2851,459,0,528,4,2
2852,459,0,528,4,2
2853,459,0,528,4,2
2854,459,0,528,4,2
2855,460,1,529,4,2
2856,460,0,529,4,2
2857,460,0,529,4,2
2858,460,0,529,4,2
2859,460,0,529,4,2
2860,460,0,529,4,2
2861,460,0,529,4,2
2862,461,1,530,4,2
2863,461,0,530,4,2
2864,461,0,530,4,2
2865,461,0,530,4,2
2866,461,0,530,4,2
2867,461,0,530,4,2
2868,462,1,531,4,2
2869,462,0,531,4,2
2870,462,0,531,4,2
2871,462,0,531,4,2
2872,462,0,531,4,2
2873,462,0,531,4,2
2874,462,0,531,4,2
2875,463,1,532,4,2
2876,463,0,532,4,2
2877,463,0,532,4,2
2878,463,0,532,4,2
2879,463,0,532,4,2
2880,463,0,532,4,2
2881,464,1,534,4,2
2882,464,0,534,4,2
2883,464,0,534,4,2
2884,464,0,534,4,2
2885,464,0,534,4,2
2886,464,0,534,4,2
2887,465,1,535,4,2
2888,465,0,535,4,2
2889,465,0,535,4,2
2890,465,0,535,4,2
2891,465,0,535,4,2
2892,465,0,535,4,2
2893,465,0,535,4,2
2894,466,1,536,4,2
2895,466,0,536,4,2
2896,466,0,536,4,2
2897,466,0,536,4,2
2898,466,0,536,4,2
2899,466,0,536,4,2
2900,466,0,536,4,2
2901,467,1,537,4,2
2902,467,0,537,4,2
2903,467,0,537,4,2
2904,467,0,537,4,2
2905,467,0,537,4,2
2906,467,0,537,4,2
2907,468,1,539,4,2
2908,468,0,539,4,2
2909,468,0,539,4,2
2910,468,0,539,4,2
2911,468,0,539,4,2
2912,468,0,539,4,2
2913,468,0,539,4,2
2914,469,1,540,4,2
2915,469,0,540,4,2
2916,469,0,540,4,2
2917,469,0,540,4,2
2918,469,0,540,4,2
2919,469,0,540,4,2
2920,469,0,540,4,2
2921,470,1,541,4,2
2922,470,0,541,4,2
2923,470,0,541,4,2
2924,470,0,541,4,2
2925,470,0,541,4,2
2926,470,0,541,4,2
2927,471,1,542,4,2
2928,471,0,542,4,2
2929,471,0,542,4,2
2930,471,0,542,4,2
2931,471,0,542,4,2
2932,471,0,542,4,2
2933,471,0,542,4,2
2934,472,1,543,4,2
2935,472,0,543,4,2
2936,472,0,543,4,2
2937,472,0,543,4,2
2938,472,0,543,4,2
2939,472,0,543,4,2
2940,472,0,543,4,2
2941,473,1,545,4,2
2942,473,0,545,4,2
2943,473,0,545,4,2
2944,473,0,545,4,2
2945,473,0,545,4,2
2946,473,0,545,4,2
2947,473,0,545,4,2
2948,474,1,546,4,2
2949,474,0,546,4,2
2950,474,0,546,4,2
2951,474,0,546,4,2
2952,474,0,546,4,2
2953,474,0,546,4,2
2954,474,0,546,4,2
2955,475,1,547,4,2
2956,475,0,547,4,2
2957,475,0,547,4,2
2958,475,0,547,4,2
2959,475,0,547,4,2
2960,475,0,547,4,2
2961,475,0,547,4,2
2962,476,1,549,4,2
2963,476,0,549,4,2
2964,476,0,549,4,2
2965,476,0,549,4,2
2966,476,0,549,4,2
2967,476,0,549,4,2
2968,476,0,549,4,2
2969,477,1,550,4,2
2970,477,0,550,4,2
2971,477,0,550,4,2
2972,477,0,550,4,2
2973,477,0,550,4,2
2974,477,0,550,4,2
2975,477,0,550,4,2
2976,478,1,551,4,2
2977,478,0,551,4,2
2978,478,0,551,4,2
2979,478,0,551,4,2
2980,478,0,551,4,2
2981,478,0,551,4,2
2982,478,0,551,4,2
2983,479,1,553,4,2
2984,479,0,553,4,2
2985,479,0,553,4,2
2986,479,0,553,4,2
2987,479,0,553,4,2
2988,479,0,553,4,2
2989,479,0,553,4,2
2990,480,1,554,4,2
2991,480,0,554,4,2
2992,480,0,554,4,2
2993,480,0,554,4,2
2994,480,0,554,4,2
2995,480,0,554,4,2
2996,481,1,555,4,2
2997,481,0,555,4,2
2998,481,0,555,4,2
2999,481,0,555,4,2
3000,481,0,555,4,2
3001,481,0,555,4,2
3002,482,1,556,4,2
3003,482,0,556,4,2
3004,482,0,556,4,2
3005,482,0,556,4,2
3006,482,0,556,4,2
3007,482,0,556,4,2
3008,483,1,558,4,2
3009,483,0,558,4,2
3010,483,0,558,4,2
3011,483,0,558,4,2
3012,483,0,558,4,2
3013,483,0,558,4,2
3014,484,1,559,4,2
3015,484,0,559,4,2
3016,484,0,559,4,2
3017,484,0,559,4,2
3018,484,0,559,4,2
3019,484,0,559,4,2
3020,485,1,560,4,2
3021,485,0,560,4,2
3022,485,0,560,4,2
3023,485,0,560,4,2
3024,485,0,560,4,2
3025,485,0,560,4,2
3026,486,1,561,4,2
3027,486,0,561,4,2
3028,486,0,561,4,2
3029,486,0,561,4,2
3030,486,0,561,4,2
3031,486,0,561,4,2
3032,487,1,562,4,2
3033,487,0,562,4,2
3034,487,0,562,4,2
3035,487,0,562,4,2
3036,487,0,562,4,2
3037,488,1,563,4,2
3038,488,0,563,4,2
3039,488,0,563,4,2
3040,488,0,563,4,2
3041,488,0,563,4,2
3042,488,0,563,4,2
3043,489,1,564,4,2
3044,489,0,564,4,2
3045,489,0,564,4,2
3046,489,0,564,4,2
3047,489,0,564,4,2
3048,489,0,564,4,2
3049,490,1,565,4,2
3050,490,0,565,4,2
3051,490,0,565,4,2
3052,490,0,565,4,2
3053,490,0,565,4,2
3054,491,1,566,4,2
3055,491,0,566,4,2
3056,491,0,566,4,2
3057,491,0,566,4,2
3058,491,0,566,4,2
3059,491,0,566,4,2
3060,492,1,567,4,2
3061,492,0,567,4,2
3062,492,0,567,4,2
3063,492,0,567,4,2
3064,492,0,567,4,2
3065,492,0,567,4,2
3066,493,1,568,4,2
3067,493,0,568,4,2
3068,493,0,568,4,2
3069,493,0,568,4,2
3070,493,0,568,4,2
3071,494,1,570,4,2
3072,494,0,570,4,2
3073,494,0,570,4,2
3074,494,0,570,4,2
3075,494,0,570,4,2
3076,494,0,570,4,2
3077,495,1,570,4,2
3078,495,0,570,4,2
3079,495,0,570,4,2
3080,495,0,570,4,2
3081,495,0,570,4,2
3082,496,1,572,4,2
3083,496,0,572,4,2
3084,496,0,572,4,2
3085,496,0,572,4,2
3086,496,0,572,4,2
3087,496,0,572,4,2
3088,497,1,573,4,2
3089,497,0,573,4,2
3090,497,0,573,4,2
3091,497,0,573,4,2
3092,497,0,573,4,2
3093,498,1,574,4,2
3094,498,0,574,4,2
3095,498,0,574,4,2
3096,498,0,574,4,2
3097,498,0,574,4,2
3098,498,0,574,4,2
3099,499,1,575,4,2
3100,499,0,575,4,2
3101,499,0,575,4,2
3102,499,0,575,4,2
3103,499,0,575,4,2
3104,499,0,575,4,2
3105,500,1,576,4,2
3106,500,0,576,4,2
3107,500,0,576,4,2
3108,500,0,576,4,2
3109,500,0,576,4,2
3110,500,0,576,4,2
3111,501,1,577,4,2
3112,501,0,577,4,2
3113,501,0,577,4,2
3114,501,0,577,4,2
3115,501,0,577,4,2
3116,502,1,578,4,2
3117,502,0,578,4,2
3118,502,0,578,4,2
3119,502,0,578,4,2
3120,502,0,578,4,2
3121,502,0,578,4,2
3122,503,1,579,4,2
3123,503,0,579,4,2
3124,503,0,579,4,2
3125,503,0,579,4,2
3126,503,0,579,4,2
3127,503,0,579,4,2
3128,504,1,580,4,2
3129,504,0,580,4,2
3130,504,0,580,4,2
3131,504,0,580,4,2
3132,504,0,580,4,2
3133,504,0,580,4,2
3134,505,1,581,4,2
3135,505,0,581,4,2
3136,505,0,581,4,2
3137,505,0,581,4,2
3138,505,0,581,4,2
3139,505,0,581,4,2
3140,505,0,581,4,2
3141,506,1,582,4,2
3142,506,0,582,4,2
3143,506,0,582,4,2
3144,506,0,582,4,2
3145,506,0,582,4,2
3146,506,0,582,4,2
3147,506,0,582,4,2
3148,506,0,582,4,2
3149,507,1,584,4,2
3150,507,0,584,4,2
3151,507,0,584,4,2
3152,507,0,584,4,2
3153,507,0,584,4,2
3154,507,0,584,4,2
3155,507,0,584,4,2
3156,508,1,585,4,2
3157,508,0,585,4,2
3158,508,0,585,4,2
3159,508,0,585,4,2
3160,508,0,585,4,2
3161,508,0,585,4,2
3162,508,0,585,4,2
3163,509,1,586,4,2
3164,509,0,586,4,2
3165,509,0,586,4,2
3166,509,0,586,4,2
3167,509,0,586,4,2
3168,509,0,586,4,2
3169,509,0,586,4,2
3170,510,1,588,4,2
3171,510,0,588,4,2
3172,510,0,588,4,2
3173,510,0,588,4,2
3174,510,0,588,4,2
3175,510,0,588,4,2
3176,510,0,588,4,2
3177,510,0,588,4,2
3178,511,1,589,4,2
3179,511,0,589,4,2
3180,511,0,589,4,2
3181,511,0,589,4,2
3182,511,0,589,4,2
3183,511,0,589,4,2
3184,511,0,589,4,2
3185,512,1,591,4,2
3186,512,0,591,4,2
3187,512,0,591,4,2
3188,512,0,591,4,2
3189,512,0,591,4,2
3190,512,0,591,4,2
3191,512,0,591,4,2
3192,512,0,591,4,2
3193,513,1,592,4,2
3194,513,0,592,4,2
3195,513,0,592,4,2
3196,513,0,592,4,2
3197,513,0,592,4,2
3198,513,0,592,4,2
3199,513,0,592,4,2
3200,513,0,592,4,2
3201,514,1,593,4,2
3202,514,0,593,4,2
3203,514,0,593,4,2
3204,514,0,593,4,2
3205,514,0,593,4,2
3206,514,0,593,4,2
3207,514,0,593,4,2
3208,515,1,595,4,2
3209,515,0,595,4,2
3210,515,0,595,4,2
3211,515,0,595,4,2
3212,515,0,595,4,2
3213,515,0,595,4,2
3214,515,0,595,4,2
3215,515,0,595,4,2
3216,516,1,596,4,2
3217,516,0,596,4,2
3218,516,0,596,4,2
3219,516,0,596,4,2
3220,516,0,596,4,2
3221,516,0,596,4,2
3222,516,0,596,4,2
3223,516,0,596,4,2
3224,517,1,598,4,2
3225,517,0,598,4,2
3226,517,0,598,4,2
3227,517,0,598,4,2
3228,517,0,598,4,2
3229,517,0,598,4,2
3230,517,0,598,4,2
3231,518,1,599,4,2
3232,518,0,599,4,2
3233,518,0,599,4,2
3234,518,0,599,4,2
3235,518,0,599,4,2
3236,518,0,599,4,2
3237,518,0,599,4,2
3238,518,0,599,4,2
3239,518,0,599,4,2
3240,519,1,600,4,2
3241,519,0,600,4,2
3242,519,0,600,4,2
3243,519,0,600,4,2
3244,519,0,600,4,2
3245,519,0,600,4,2
3246,519,0,600,4,2
3247,520,1,602,4,2
3248,520,0,602,4,2
3249,520,0,602,4,2
3250,520,0,602,4,2
3251,520,0,602,4,2
3252,520,0,602,4,2
3253,520,0,602,4,2
3254,521,1,603,4,2
3255,521,0,603,4,2
3256,521,0,603,4,2
3257,521,0,603,4,2
3258,521,0,603,4,2
3259,521,0,603,4,2
3260,521,0,603,4,2
3261,522,1,605,4,2
3262,522,0,605,4,2
3263,522,0,605,4,2
3264,522,0,605,4,2
3265,522,0,605,4,2
3266,522,0,605,4,2
3267,522,0,605,4,2
3268,523,1,606,4,2
3269,523,0,606,4,2
3270,523,0,606,4,2
3271,523,0,606,4,2
3272,523,0,606,4,2
3273,523,0,606,4,2
3274,523,0,606,4,2
3275,524,1,607,4,2
3276,524,0,607,4,2
3277,524,0,607,4,2
3278,524,0,607,4,2
3279,524,0,607,4,2
3280,524,0,607,4,2
3281,524,0,607,4,2
3282,525,1,609,4,2
3283,525,0,609,4,2
3284,525,0,609,4,2
3285,525,0,609,4,2
3286,525,0,609,4,2
3287,525,0,609,4,2
3288,525,0,609,4,2
3289,526,1,610,4,2
3290,526,0,610,4,2
3291,526,0,610,4,2
3292,526,0,610,4,2
3293,526,0,610,4,2
3294,526,0,610,4,2
3295,526,0,610,4,2
3296,526,0,610,4,2
3297,527,1,611,4,2
3298,527,0,611,4,2
3299,527,0,611,4,2
3300,527,0,611,4,2
3301,527,0,611,4,2
3302,527,0,611,4,2
3303,527,0,611,4,2
3304,527,0,611,4,2
3305,528,1,613,4,2
3306,528,0,613,4,2
3307,528,0,613,4,2
3308,528,0,613,4,2
3309,528,0,613,4,2
3310,528,0,613,4,2
3311,528,0,613,4,2
3312,529,1,614,4,2
3313,529,0,614,4,2
3314,529,0,614,4,2
3315,529,0,614,4,2
3316,529,0,614,4,2
3317,529,0,614,4,2
3318,529,0,614,4,2
3319,529,0,614,4,2
3320,530,1,615,4,2
3321,530,0,615,4,2
3322,530,0,615,4,2
3323,530,0,615,4,2
3324,530,0,615,4,2
3325,530,0,615,4,2
3326,530,0,615,4,2
3327,530,0,615,4,2
3328,531,1,617,4,2
3329,531,0,617,4,2
3330,531,0,617,4,2
3331,531,0,617,4,2
3332,531,0,617,4,2
3333,531,0,617,4,2
3334,532,1,618,4,2
3335,532,0,618,4,2
3336,532,0,618,4,2
3337,532,0,618,4,2
3338,532,0,618,4,2
3339,532,0,618,4,2
3340,532,0,618,4,2
3341,533,1,620,4,2
3342,533,0,620,4,2
3343,533,0,620,4,2
3344,533,0,620,4,2
3345,533,0,620,4,2
3346,533,0,620,4,2
3347,533,0,620,4,2
3348,534,1,621,4,2
3349,534,0,621,4,2
3350,534,0,621,4,2
3351,534,0,621,4,2
3352,534,0,621,4,2
3353,534,0,621,4,2
3354,535,1,622,4,2
3355,535,0,622,4,2
3356,535,0,622,4,2
3357,535,0,622,4,2
3358,535,0,622,4,2
3359,535,0,622,4,2
3360,535,0,622,4,2
3361,536,1,623,4,2
3362,536,0,623,4,2
3363,536,0,623,4,2
3364,536,0,623,4,2
3365,536,0,623,4,2
3366,536,0,623,4,2
3367,537,1,625,4,2
3368,537,0,625,4,2
3369,537,0,625,4,2
3370,537,0,625,4,2
3371,537,0,625,4,2
3372,537,0,625,4,2
3373,537,0,625,4,2
3374,538,1,626,4,2
3375,538,0,626,4,2
3376,538,0,626,4,2
3377,538,0,626,4,2
3378,538,0,626,4,2
3379,538,0,626,4,2
3380,539,1,627,4,2
3381,539,0,627,4,2
3382,539,0,627,4,2
3383,539,0,627,4,2
3384,539,0,627,4,2
3385,539,0,627,4,2
3386,540,1,628,4,2
3387,540,0,628,4,2
3388,540,0,628,4,2
3389,540,0,628,4,2
3390,540,0,628,4,2
3391,540,0,628,4,2
3392,540,0,628,4,2
3393,541,1,629,4,2
3394,541,0,629,4,2
3395,541,0,629,4,2
3396,541,0,629,4,2
3397,541,0,629,4,2
3398,541,0,629,4,2
3399,542,1,631,4,2
3400,542,0,631,4,2
3401,542,0,631,4,2
3402,542,0,631,4,2
3403,542,0,631,4,2
3404,542,0,631,4,2
3405,542,0,631,4,2
3406,542,0,631,4,2
3407,543,1,632,4,2
3408,543,0,632,4,2
3409,543,0,632,4,2
3410,543,0,632,4,2
3411,543,0,632,4,2
3412,543,0,632,4,2
3413,543,0,632,4,2
3414,544,1,633,4,2
3415,544,0,633,4,2
3416,544,0,633,4,2
3417,544,0,633,4,2
3418,544,0,633,4,2
3419,544,0,633,4,2
3420,544,0,633,4,2
3421,545,1,635,4,2
3422,545,0,635,4,2
3423,545,0,635,4,2
3424,545,0,635,4,2
3425,545,0,635,4,2
3426,545,0,635,4,2
3427,546,1,636,4,2
3428,546,0,636,4,2
3429,546,0,636,4,2
3430,546,0,636,4,2
3431,546,0,636,4,2
3432,546,0,636,4,2
3433,546,0,636,4,2
3434,547,1,637,4,2
3435,547,0,637,4,2
3436,547,0,637,4,2
3437,547,0,637,4,2
3438,547,0,637,4,2
3439,547,0,637,4,2
3440,547,0,637,4,2
3441,548,1,638,4,2
3442,548,0,638,4,2
3443,548,0,638,4,2
3444,548,0,638,4,2
3445,548,0,638,4,2
3446,548,0,638,4,2
3447,548,0,638,4,2
3448,548,0,638,4,2
3449,549,1,640,4,2
3450,549,0,640,4,2
3451,549,0,640,4,2
3452,549,0,640,4,2
3453,549,0,640,4,2
3454,549,0,640,4,2
3455,549,0,640,4,2
3456,549,0,640,4,2
3457,550,1,641,4,2
3458,550,0,641,4,2
3459,550,0,641,4,2
3460,550,0,641,4,2
3461,550,0,641,4,2
3462,550,0,641,4,2
3463,550,0,641,4,2
3464,551,1,643,4,2
3465,551,0,643,4,2
3466,551,0,643,4,2
3467,551,0,643,4,2
3468,551,0,643,4,2
3469,551,0,643,4,2
3470,551,0,643,4,2
3471,552,1,644,4,2
3472,552,0,644,4,2
3473,552,0,644,4,2
3474,552,0,644,4,2
3475,552,0,644,4,2
3476,552,0,644,4,2
3477,552,0,644,4,2
3478,552,0,644,4,2
3479,553,1,645,4,2
3480,553,0,645,4,2
3481,553,0,645,4,2
3482,553,0,645,4,2
3483,553,0,645,4,2
3484,553,0,645,4,2
3485,553,0,645,4,2
3486,554,1,647,4,2
3487,554,0,647,4,2
3488,554,0,647,4,2
3489,554,0,647,4,2
3490,554,0,647,4,2
3491,554,0,647,4,2
3492,554,0,647,4,2
3493,554,0,647,4,2
3494,555,1,648,4,2
3495,555,0,648,4,2
3496,555,0,648,4,2
3497,555,0,648,4,2
3498,555,0,648,4,2
3499,555,0,648,4,2
3500,555,0,648,4,2
3501,555,0,648,4,2
3502,556,1,650,4,2
3503,556,0,650,4,2
3504,556,0,650,4,2
3505,556,0,650,4,2
3506,556,0,650,4,2
3507,556,0,650,4,2
3508,556,0,650,4,2
3509,557,1,651,4,2
3510,557,0,651,4,2
3511,557,0,651,4,2
3512,557,0,651,4,2
3513,557,0,651,4,2
3514,557,0,651,4,2
3515,557,0,651,4,2
3516,557,0,651,4,2
3517,558,1,652,4,2
3518,558,0,652,4,2
3519,558,0,652,4,2
3520,558,0,652,4,2
3521,558,0,652,4,2
3522,558,0,652,4,2
3523,558,0,652,4,2
3524,558,0,652,4,2
3525,559,1,654,4,2
3526,559,0,654,4,2
3527,559,0,654,4,2
3528,559,0,654,4,2
3529,559,0,654,4,2
3530,559,0,654,4,2
3531,559,0,654,4,2
3532,559,0,654,4,2
3533,560,1,655,4,2
3534,560,0,655,4,2
3535,560,0,655,4,2
3536,560,0,655,4,2
3537,560,0,655,4,2
3538,560,0,655,4,2
3539,560,0,655,4,2
3540,560,0,655,4,2
3541,561,1,657,4,2
3542,561,0,657,4,2
3543,561,0,657,4,2
3544,561,0,657,4,2
3545,561,0,657,4,2
3546,561,0,657,4,2
3547,561,0,657,4,2
3548,562,1,658,4,2
3549,562,0,658,4,2
3550,562,0,658,4,2
3551,562,0,658,4,2
3552,562,0,658,4,2
3553,562,0,658,4,2
3554,562,0,658,4,2
3555,563,1,660,4,2
3556,563,0,660,4,2
3557,563,0,660,4,2
3558,563,0,660,4,2
3559,563,0,660,4,2
3560,563,0,660,4,2
3561,563,0,660,4,2
3562,564,1,661,4,2
3563,564,0,661,4,2
3564,564,0,661,4,2
3565,564,0,661,4,2
3566,564,0,661,4,2
3567,564,0,661,4,2
3568,564,0,661,4,2
3569,564,0,661,4,2
3570,565,1,662,4,2
3571,565,0,662,4,2
3572,565,0,662,4,2
3573,565,0,662,4,2
3574,565,0,662,4,2
3575,565,0,662,4,2
3576,565,0,662,4,2
3577,565,0,662,4,2
3578,566,1,664,4,2
3579,566,0,664,4,2
3580,566,0,664,4,2
3581,566,0,664,4,2
3582,566,0,664,4,2
3583,566,0,664,4,2
3584,566,0,664,4,2
3585,567,1,665,4,2
3586,567,0,665,4,2
3587,567,0,665,4,2
3588,567,0,665,4,2
3589,567,0,665,4,2
3590,567,0,665,4,2
3591,568,1,667,4,2
3592,568,0,667,4,2
3593,568,0,667,4,2
3594,568,0,667,4,2
3595,568,0,667,4,2
3596,568,0,667,4,2
3597,568,0,667,4,2
3598,569,1,668,4,2
3599,569,0,668,4,2
3600,569,0,668,4,2
3601,569,0,668,4,2
3602,569,0,668,4,2
3603,569,0,668,4,2
3604,569,0,668,4,2
3605,570,1,669,4,2
3606,570,0,669,4,2
3607,570,0,669,4,2
3608,570,0,669,4,2
3609,570,0,669,4,2
3610,570,0,669,4,2
3611,571,1,670,4,2
3612,571,0,670,4,2
3613,571,0,670,4,2
3614,571,0,670,4,2
3615,571,0,670,4,2
3616,571,0,670,4,2
3617,571,0,670,4,2
3618,572,1,672,4,2
3619,572,0,672,4,2
3620,572,0,672,4,2
3621,572,0,672,4,2
3622,572,0,672,4,2
3623,572,0,672,4,2
3624,572,0,672,4,2
3625,573,1,673,4,2
3626,573,0,673,4,2
3627,573,0,673,4,2
3628,573,0,673,4,2
3629,573,0,673,4,2
3630,573,0,673,4,2
3631,573,0,673,4,2
3632,574,1,674,4,2
3633,574,0,674,4,2
3634,574,0,674,4,2
3635,574,0,674,4,2
3636,574,0,674,4,2
3637,574,0,674,4,2
3638,575,1,675,4,2
3639,575,0,675,4,2
3640,575,0,675,4,2
3641,575,0,675,4,2
3642,575,0,675,4,2
3643,575,0,675,4,2
3644,575,0,675,4,2
3645,576,1,677,4,2
3646,576,0,677,4,2
3647,576,0,677,4,2
3648,576,0,677,4,2
3649,576,0,677,4,2
3650,576,0,677,4,2
3651,576,0,677,4,2
3652,577,1,678,4,2
3653,577,0,678,4,2
3654,577,0,678,4,2
3655,577,0,678,4,2
3656,577,0,678,4,2
3657,577,0,678,4,2
3658,577,0,678,4,2
3659,578,1,679,4,2
3660,578,0,679,4,2
3661,578,0,679,4,2
3662,578,0,679,4,2
3663,578,0,679,4,2
3664,578,0,679,4,2
3665,578,0,679,4,2
3666,578,0,679,4,2
3667,579,1,681,4,2
3668,579,0,681,4,2
3669,579,0,681,4,2
3670,579,0,681,4,2
3671,579,0,681,4,2
3672,579,0,681,4,2
3673,579,0,681,4,2
3674,580,1,682,4,2
3675,580,0,682,4,2
3676,580,0,682,4,2
3677,580,0,682,4,2
3678,580,0,682,4,2
3679,580,0,682,4,2
3680,580,0,682,4,2
3681,581,1,683,4,2
3682,581,0,683,4,2
3683,581,0,683,4,2
3684,581,0,683,4,2
3685,581,0,683,4,2
3686,581,0,683,4,2
3687,581,0,683,4,2
3688,582,1,685,4,2
3689,582,0,685,4,2
3690,582,0,685,4,2
3691,582,0,685,4,2
3692,582,0,685,4,2
3693,582,0,685,4,2
3694,583,1,686,4,2
3695,583,0,686,4,2
3696,583,0,686,4,2
3697,583,0,686,4,2
3698,583,0,686,4,2
3699,583,0,686,4,2
3700,583,0,686,4,2
3701,584,1,687,4,2
3702,584,0,687,4,2
3703,584,0,687,4,2
3704,584,0,687,4,2
3705,584,0,687,4,2
3706,584,0,687,4,2
3707,584,0,687,4,2
3708,585,1,688,4,2
3709,585,0,688,4,2
3710,585,0,688,4,2
3711,585,0,688,4,2
3712,585,0,688,4,2
3713,585,0,688,4,2
3714,585,0,688,4,2
3715,586,1,690,4,2
3716,586,0,690,4,2
3717,586,0,690,4,2
3718,586,0,690,4,2
3719,586,0,690,4,2
3720,586,0,690,4,2
3721,587,1,691,4,2
3722,587,0,691,4,2
3723,587,0,691,4,2
3724,587,0,691,4,2
3725,587,0,691,4,2
3726,587,0,691,4,2
3727,587,0,691,4,2
3728,588,1,692,4,2
3729,588,0,692,4,2
3730,588,0,692,4,2
3731,588,0,692,4,2
3732,588,0,692,4,2
3733,588,0,692,4,2
3734,589,1,693,4,2
3735,589,0,693,4,2
3736,589,0,693,4,2
3737,589,0,693,4,2
3738,589,0,693,4,2
3739,589,0,693,4,2
3740,590,1,695,4,2
3741,590,0,695,4,2
3742,590,0,695,4,2
3743,590,0,695,4,2
3744,590,0,695,4,2
3745,590,0,695,4,2
3746,590,0,695,4,2
3747,590,0,695,4,2
3748,591,1,696,4,2
3749,591,0,696,4,2
3750,591,0,696,4,2
3751,591,0,696,4,2
3752,591,0,696,4,2
3753,591,0,696,4,2
3754,592,1,697,4,2
3755,592,0,697,4,2
3756,592,0,697,4,2
3757,592,0,697,4,2
3758,592,0,697,4,2
3759,592,0,697,4,2
3760,593,1,698,4,2
3761,593,0,698,4,2
3762,593,0,698,4,2
3763,593,0,698,4,2
3764,593,0,698,4,2
3765,593,0,698,4,2
3766,594,1,699,4,2
3767,594,0,699,4,2
3768,594,0,699,4,2
3769,594,0,699,4,2
3770,594,0,699,4,2
3771,594,0,699,4,2
3772,595,1,701,4,2
3773,595,0,701,4,2
3774,595,0,701,4,2
3775,595,0,701,4,2
3776,595,0,701,4,2
3777,595,0,701,4,2
3778,596,1,702,4,2
3779,596,0,702,4,2
3780,596,0,702,4,2
3781,596,0,702,4,2
3782,596,0,702,4,2
3783,596,0,702,4,2
3784,597,1,703,4,2
3785,597,0,703,4,2
3786,597,0,703,4,2
3787,597,0,703,4,2
3788,597,0,703,4,2
3789,597,0,703,4,2
3790,598,1,704,4,2
3791,598,0,704,4,2
3792,598,0,704,4,2
3793,598,0,704,4,2
3794,598,0,704,4,2
3795,598,0,704,4,2
3796,599,1,705,4,2
3797,599,0,705,4,2
3798,599,0,705,4,2
3799,599,0,705,4,2
3800,599,0,705,4,2
3801,599,0,705,4,2
3802,600,1,706,4,2
3803,600,0,706,4,2
3804,600,0,706,4,2
3805,600,0,706,4,2
3806,600,0,706,4,2
3807,601,1,707,4,2
3808,601,0,707,4,2
3809,601,0,707,4,2
3810,601,0,707,4,2
3811,601,0,707,4,2
3812,601,0,707,4,2
3813,602,1,708,4,2
3814,602,0,708,4,2
3815,602,0,708,4,2
3816,602,0,708,4,2
3817,602,0,708,4,2
3818,602,0,708,4,2
3819,603,1,709,4,2
3820,603,0,709,4,2
3821,603,0,709,4,2
3822,603,0,709,4,2
3823,603,0,709,4,2
3824,603,0,709,4,2
3825,604,1,711,4,2
3826,604,0,711,4,2
3827,604,0,711,4,2
3828,604,0,711,4,2
3829,604,0,711,4,2
3830,604,0,711,4,2
3831,604,0,711,4,2
3832,604,0,711,4,2
3833,605,1,712,4,2
3834,605,0,712,4,2
3835,605,0,712,4,2
3836,605,0,712,4,2
3837,605,0,712,4,2
3838,605,0,712,4,2
3839,605,0,712,4,2
3840,606,1,713,4,2
3841,606,0,713,4,2
3842,606,0,713,4,2
3843,606,0,713,4,2
3844,606,0,713,4,2
3845,606,0,713,4,2
3846,606,0,713,4,2
3847,607,1,714,4,2
3848,607,0,714,4,2
3849,607,0,714,4,2
3850,607,0,714,4,2
3851,607,0,714,4,2
3852,607,0,714,4,2
3853,607,0,714,4,2
3854,608,1,716,4,2
3855,608,0,716,4,2
3856,608,0,716,4,2
3857,608,0,716,4,2
3858,608,0,716,4,2
3859,608,0,716,4,2
3860,608,0,716,4,2
3861,608,0,716,4,2
3862,609,1,717,4,2
3863,609,0,717,4,2
3864,609,0,717,4,2
3865,609,0,717,4,2
3866,609,0,717,4,2
3867,609,0,717,4,2
3868,609,0,717,4,2
3869,610,1,719,4,2
3870,610,0,719,4,2
3871,610,0,719,4,2
3872,610,0,719,4,2
3873,610,0,719,4,2
3874,610,0,719,4,2
3875,610,0,719,4,2
3876,610,0,719,4,2
3877,611,1,720,4,2
3878,611,0,720,4,2
3879,611,0,720,4,2
3880,611,0,720,4,2
3881,611,0,720,4,2
3882,611,0,720,4,2
3883,611,0,720,4,2
3884,611,0,720,4,2
3885,612,1,721,4,2
3886,612,0,721,4,2
3887,612,0,721,4,2
3888,612,0,721,4,2
3889,612,0,721,4,2
3890,612,0,721,4,2
3891,612,0,721,4,2
3892,613,1,723,4,2
3893,613,0,723,4,2
3894,613,0,723,4,2
3895,613,0,723,4,2
3896,613,0,723,4,2
3897,613,0,723,4,2
3898,613,0,723,4,2
3899,614,1,724,4,2
3900,614,0,724,4,2
3901,614,0,724,4,2
3902,614,0,724,4,2
3903,614,0,724,4,2
3904,614,0,724,4,2
3905,614,0,724,4,2
3906,614,0,724,4,2
3907,615,1,726,4,2
3908,615,0,726,4,2
3909,615,0,726,4,2
3910,615,0,726,4,2
3911,615,0,726,4,2
3912,615,0,726,4,2
3913,615,0,726,4,2
3914,615,0,726,4,2
3915,616,1,727,4,2
3916,616,0,727,4,2
3917,616,0,727,4,2
3918,616,0,727,4,2
3919,616,0,727,4,2
3920,616,0,727,4,2
3921,616,0,727,4,2
3922,616,0,727,4,2
3923,616,0,727,4,2
3924,616,0,727,4,2
3925,617,1,729,4,2
3926,617,0,729,4,2
3927,617,0,729,4,2
3928,617,0,729,4,2
3929,617,0,729,4,2
3930,617,0,729,4,2
3931,617,0,729,4,2
3932,617,0,729,4,2
3933,618,1,730,4,2
3934,618,0,730,4,2
3935,618,0,730,4,2
3936,618,0,730,4,2
3937,618,0,730,4,2
3938,618,0,730,4,2
3939,618,0,730,4,2
3940,618,0,730,4,2
3941,619,1,732,4,2
3942,619,0,732,4,2
3943,619,0,732,4,2
3944,619,0,732,4,2
3945,619,0,732,4,2
3946,619,0,732,4,2
3947,619,0,732,4,2
3948,620,1,733,4,2
3949,620,0,733,4,2
3950,620,0,733,4,2
3951,620,0,733,4,2
3952,620,0,733,4,2
3953,620,0,733,4,2
3954,620,0,733,4,2
3955,620,0,733,4,2
3956,621,1,734,4,2
3957,621,0,734,4,2
3958,621,0,734,4,2
3959,621,0,734,4,2
3960,621,0,734,4,2
3961,621,0,734,4,2
3962,621,0,734,4,2
3963,622,1,736,4,2
3964,622,0,736,4,2
3965,622,0,736,4,2
3966,622,0,736,4,2
3967,622,0,736,4,2
3968,622,0,736,4,2
3969,622,0,736,4,2
3970,622,0,736,4,2
3971,623,1,737,4,2
3972,623,0,737,4,2
3973,623,0,737,4,2
3974,623,0,737,4,2
3975,623,0,737,4,2
3976,623,0,737,4,2
3977,624,1,739,4,2
3978,624,0,739,4,2
3979,624,0,739,4,2
3980,624,0,739,4,2
3981,624,0,739,4,2
3982,624,0,739,4,2
3983,624,0,739,4,2
3984,625,1,740,4,2
3985,625,0,740,4,2
3986,625,0,740,4,2
3987,625,0,740,4,2
3988,625,0,740,4,2
3989,625,0,740,4,2
3990,626,1,741,4,2
3991,626,0,741,4,2
3992,626,0,741,4,2
3993,626,0,741,4,2
3994,626,0,741,4,2
3995,627,1,742,4,2
3996,627,0,742,4,2
3997,627,0,742,4,2
3998,627,0,742,4,2
3999,627,0,742,4,2
4000,628,1,743,4,2
4001,628,0,743,4,2
4002,628,0,743,4,2
4003,628,0,743,4,2
4004,628,0,743,4,2
4005,628,0,743,4,2
4006,629,1,744,4,2
4007,629,0,744,4,2
4008,629,0,744,4,2
4009,629,0,744,4,2
4010,629,0,744,4,2
4011,630,1,745,4,2
4012,630,0,745,4,2
4013,630,0,745,4,2
4014,630,0,745,4,2
4015,630,0,745,4,2
4016,631,1,746,4,2
4017,631,0,746,4,2
4018,631,0,746,4,2
4019,631,0,746,4,2
4020,631,0,746,4,2
4021,632,1,747,4,2
4022,632,0,747,4,2
4023,632,0,747,4,2
4024,632,0,747,4,2
4025,632,0,747,4,2
4026,633,1,748,4,2
4027,633,0,748,4,2
4028,633,0,748,4,2
4029,633,0,748,4,2
4030,633,0,748,4,2
4031,634,1,749,4,2
4032,634,0,749,4,2
4033,634,0,749,4,2
4034,634,0,749,4,2
4035,634,0,749,4,2
4036,635,1,750,4,2
4037,635,0,750,4,2
4038,635,0,750,4,2
4039,635,0,750,4,2
4040,635,0,750,4,2
4041,636,1,751,4,2
4042,636,0,751,4,2
4043,636,0,751,4,2
4044,636,0,751,4,2
4045,636,0,751,4,2
4046,637,1,752,4,2
4047,637,0,752,4,2
4048,637,0,752,4,2
4049,637,0,752,4,2
4050,637,0,752,4,2
4051,638,1,753,4,2
4052,638,0,753,4,2
4053,638,0,753,4,2
4054,638,0,753,4,2
4055,638,0,753,4,2
4056,639,1,754,4,2
4057,639,0,754,4,2
4058,639,0,754,4,2
4059,639,0,754,4,2
4060,639,0,754,4,2
4061,640,1,755,4,2
4062,640,0,755,4,2
4063,640,0,755,4,2
4064,640,0,755,4,2
4065,640,0,755,4,2
4066,641,1,756,4,2
4067,641,0,756,4,2
4068,641,0,756,4,2
4069,641,0,756,4,2
4070,641,0,756,4,2
4071,642,1,756,4,2
4072,642,0,756,4,2
4073,642,0,756,4,2
4074,642,0,756,4,2
4075,642,0,756,4,2
4076,643,1,757,4,2
4077,643,0,757,4,2
4078,643,0,757,4,2
4079,643,0,757,4,2
4080,643,0,757,4,2
4081,644,1,758,4,2
4082,644,0,758,4,2
4083,644,0,758,4,2
4084,644,0,758,4,2
4085,644,0,758,4,2
4086,645,1,759,4,2
4087,645,0,759,4,2
4088,645,0,759,4,2
4089,645,0,759,4,2
4090,645,0,759,4,2
4091,645,0,759,4,2
4092,646,1,760,4,2
4093,646,0,760,4,2
4094,646,0,760,4,2
4095,646,0,760,4,2
4096,646,0,760,4,2
4097,647,1,761,4,2
4098,647,0,761,4,2
4099,647,0,761,4,2
4100,647,0,761,4,2
4101,647,0,761,4,2
4102,648,1,762,4,2
4103,648,0,762,4,2
4104,648,0,762,4,2
4105,648,0,762,4,2
4106,648,0,762,4,2
4107,649,1,763,4,2
4108,649,0,763,4,2
4109,649,0,763,4,2
4110,649,0,763,4,2
4111,649,0,763,4,2
4112,650,1,764,4,2
4113,650,0,764,4,2
4114,650,0,764,4,2
4115,650,0,764,4,2
4116,650,0,764,4,2
4117,651,1,765,4,2
4118,651,0,765,4,2
4119,651,0,765,4,2
4120,651,0,765,4,2
4121,651,0,765,4,2
4122,652,1,766,4,2
4123,652,0,766,4,2
4124,652,0,766,4,2
4125,652,0,766,4,2
4126,652,0,766,4,2
4127,653,1,767,4,2
4128,653,0,767,4,2
4129,653,0,767,4,2
4130,653,0,767,4,2
4131,653,0,767,4,2
4132,654,1,768,4,2
4133,654,0,768,4,2
4134,654,0,768,4,2
4135,654,0,768,4,2
4136,654,0,768,4,2
4137,655,1,769,4,2
4138,655,0,769,4,2
4139,655,0,769,4,2
4140,655,0,769,4,2
4141,655,0,769,4,2
4142,656,1,770,4,2
4143,656,0,770,4,2
4144,656,0,770,4,2
4145,656,0,770,4,2
4146,656,0,770,4,2
4147,657,1,771,4,2
4148,657,0,771,4,2
4149,657,0,771,4,2
4150,657,0,771,4,2
4151,657,0,771,4,2
4152,658,1,772,4,2
4153,658,0,772,4,2
4154,658,0,772,4,2
4155,658,0,772,4,2
4156,658,0,772,4,2
4157,659,1,773,4,2
4158,659,0,773,4,2
4159,659,0,773,4,2
4160,659,0,773,4,2
4161,659,0,773,4,2
4162,660,1,774,4,2
4163,660,0,774,4,2
4164,660,0,774,4,2
4165,660,0,774,4,2
4166,660,0,774,4,2
4167,661,1,774,4,2
4168,661,0,774,4,2
4169,661,0,774,4,2
4170,661,0,774,4,2
4171,661,0,774,4,2
4172,662,1,775,4,2
4173,662,0,775,4,2
4174,662,0,775,4,2
4175,662,0,775,4,2
4176,662,0,775,4,2
4177,662,0,775,4,2
4178,663,1,776,4,2
4179,663,0,776,4,2
4180,663,0,776,4,2
4181,663,0,776,4,2
4182,663,0,776,4,2
4183,664,1,777,4,2
4184,664,0,777,4,2
4185,664,0,777,4,2
4186,664,0,777,4,2
4187,664,0,777,4,2
4188,665,1,778,4,2
4189,665,0,778,4,2
4190,665,0,778,4,2
4191,665,0,778,4,2
4192,665,0,778,4,2
4193,666,1,779,4,2
4194,666,0,779,4,2
4195,666,0,779,4,2
4196,666,0,779,4,2
4197,666,0,779,4,2
4198,667,1,780,4,2
4199,667,0,780,4,2
4200,667,0,780,4,2
4201,667,0,780,4,2
4202,667,0,780,4,2
4203,668,1,781,4,2
4204,668,0,781,4,2
4205,668,0,781,4,2
4206,668,0,781,4,2
4207,668,0,781,4,2
4208,669,1,782,4,2
4209,669,0,782,4,2
4210,669,0,782,4,2
4211,669,0,782,4,2
4212,669,0,782,4,2
4213,670,1,783,4,2
4214,670,0,783,4,2
4215,670,0,783,4,2
4216,670,0,783,4,2
4217,670,0,783,4,2
4218,671,1,784,4,2
4219,671,0,784,4,2
4220,671,0,784,4,2
4221,671,0,784,4,2
4222,671,0,784,4,2
4223,672,1,785,4,2
4224,672,0,785,4,2
4225,672,0,785,4,2
4226,672,0,785,4,2
4227,672,0,785,4,2
4228,673,1,786,4,2
4229,673,0,786,4,2
4230,673,0,786,4,2
4231,673,0,786,4,2
4232,673,0,786,4,2
4233,674,1,787,4,2
4234,674,0,787,4,2
4235,674,0,787,4,2
4236,674,0,787,4,2
4237,674,0,787,4,2
4238,675,1,788,4,2
4239,675,0,788,4,2
4240,675,0,788,4,2
4241,675,0,788,4,2
4242,675,0,788,4,2
4243,676,1,789,4,2
4244,676,0,789,4,2
4245,676,0,789,4,2
4246,676,0,789,4,2
4247,676,0,789,4,2
4248,677,1,790,4,2
4249,677,0,790,4,2
4250,677,0,790,4,2
4251,677,0,790,4,2
4252,677,0,790,4,2
4253,678,1,791,4,2
4254,678,0,791,4,2
4255,678,0,791,4,2
4256,678,0,791,4,2
4257,678,0,791,4,2
4258,678,0,791,4,2
4259,679,1,792,4,2
4260,679,0,792,4,2
4261,679,0,792,4,2
4262,679,0,792,4,2
4263,679,0,792,4,2
4264,680,1,793,4,2
4265,680,0,793,4,2
4266,680,0,793,4,2
4267,680,0,793,4,2
4268,680,0,793,4,2
4269,681,1,794,4,2
4270,681,0,794,4,2
4271,681,0,794,4,2
4272,681,0,794,4,2
4273,681,0,794,4,2
4274,682,1,795,4,2
4275,682,0,795,4,2
4276,682,0,795,4,2
4277,682,0,795,4,2
4278,682,0,795,4,2
4279,683,1,795,4,2
4280,683,0,795,4,2
4281,683,0,795,4,2
4282,683,0,795,4,2
4283,683,0,795,4,2
4284,684,1,796,4,2
4285,684,0,796,4,2
4286,684,0,796,4,2
4287,684,0,796,4,2
4288,684,0,796,4,2
4289,685,1,797,4,2
4290,685,0,797,4,2
4291,685,0,797,4,2
4292,685,0,797,4,2
4293,685,0,797,4,2
4294,686,1,798,4,2
4295,686,0,798,4,2
4296,686,0,798,4,2
4297,686,0,798,4,2
4298,686,0,798,4,2
4299,687,1,799,4,2
4300,687,0,799,4,2
4301,687,0,799,4,2
4302,687,0,799,4,2
4303,687,0,799,4,2
4304,688,1,800,4,2
4305,688,0,800,4,2
4306,688,0,800,4,2
4307,688,0,800,4,2
4308,688,0,800,4,2
4309,689,1,801,4,2
4310,689,0,801,4,2
4311,689,0,801,4,2
4312,689,0,801,4,2
4313,689,0,801,4,2
4314,690,1,802,4,2
4315,690,0,802,4,2
4316,690,0,802,4,2
4317,690,0,802,4,2
4318,690,0,802,4,2
4319,691,1,803,4,2
4320,691,0,803,4,2
4321,691,0,803,4,2
4322,691,0,803,4,2
4323,691,0,803,4,2
4324,692,1,804,4,2
4325,692,0,804,4,2
4326,692,0,804,4,2
4327,692,0,804,4,2
4328,692,0,804,4,2
4329,693,1,805,4,2
4330,693,0,805,4,2
4331,693,0,805,4,2
4332,693,0,805,4,2
4333,693,0,805,4,2
4334,694,1,806,4,2
4335,694,0,806,4,2
4336,694,0,806,4,2
4337,694,0,806,4,2
4338,694,0,806,4,2
4339,695,1,807,4,2
4340,695,0,807,4,2
4341,695,0,807,4,2
4342,695,0,807,4,2
4343,695,0,807,4,2
4344,695,0,807,4,2
4345,696,1,808,4,2
4346,696,0,808,4,2
4347,696,0,808,4,2
4348,696,0,808,4,2
4349,696,0,808,4,2
4350,696,0,808,4,2
4351,697,1,809,4,2
4352,697,0,809,4,2
4353,697,0,809,4,2
4354,697,0,809,4,2
4355,697,0,809,4,2
4356,698,1,810,4,2
4357,698,0,810,4,2
4358,698,0,810,4,2
4359,698,0,810,4,2
4360,698,0,810,4,2
4361,699,1,811,4,2
4362,699,0,811,4,2
4363,699,0,811,4,2
4364,699,0,811,4,2
4365,699,0,811,4,2
4366,700,1,812,4,2
4367,700,0,812,4,2
4368,700,0,812,4,2
4369,700,0,812,4,2
4370,700,0,812,4,2
4371,701,1,813,4,2
4372,701,0,813,4,2
4373,701,0,813,4,2
4374,701,0,813,4,2
4375,701,0,813,4,2
4376,702,1,814,4,2
4377,702,0,814,4,2
4378,702,0,814,4,2
4379,702,0,814,4,2
4380,702,0,814,4,2
4381,702,0,814,4,2
4382,703,1,815,4,2
4383,703,0,815,4,2
4384,703,0,815,4,2
4385,703,0,815,4,2
4386,703,0,815,4,2
4387,704,1,816,4,2
4388,704,0,816,4,2
4389,704,0,816,4,2
4390,704,0,816,4,2
4391,704,0,816,4,2
4392,704,0,816,4,2
4393,705,1,817,4,2
4394,705,0,817,4,2
4395,705,0,817,4,2
4396,705,0,817,4,2
4397,705,0,817,4,2
4398,705,0,817,4,2
4399,706,1,818,4,2
4400,706,0,818,4,2
4401,706,0,818,4,2
4402,706,0,818,4,2
4403,706,0,818,4,2
4404,706,0,818,4,2
4405,707,1,819,4,2
4406,707,0,819,4,2
4407,707,0,819,4,2
4408,707,0,819,4,2
4409,707,0,819,4,2
4410,707,0,819,4,2
4411,708,1,820,4,2
4412,708,0,820,4,2
4413,708,0,820,4,2
4414,708,0,820,4,2
4415,708,0,820,4,2
4416,708,0,820,4,2
4417,709,1,821,4,2
4418,709,0,821,4,2
4419,709,0,821,4,2
4420,709,0,821,4,2
4421,709,0,821,4,2
4422,709,0,821,4,2
4423,710,1,822,4,2
4424,710,0,822,4,2
4425,710,0,822,4,2
4426,710,0,822,4,2
4427,710,0,822,4,2
4428,710,0,822,4,2
4429,711,1,823,4,2
4430,711,0,823,4,2
4431,711,0,823,4,2
4432,711,0,823,4,2
4433,711,0,823,4,2
4434,711,0,823,4,2
4435,711,0,823,4,2
4436,712,1,825,4,2
4437,712,0,825,4,2
4438,712,0,825,4,2
4439,712,0,825,4,2
4440,712,0,825,4,2
4441,712,0,825,4,2
4442,713,1,826,4,2
4443,713,0,826,4,2
4444,713,0,826,4,2
4445,713,0,826,4,2
4446,713,0,826,4,2
4447,713,0,826,4,2
4448,714,1,827,4,2
4449,714,0,827,4,2
4450,714,0,827,4,2
4451,714,0,827,4,2
4452,714,0,827,4,2
4453,714,0,827,4,2
4454,715,1,828,4,2
4455,715,0,828,4,2
4456,715,0,828,4,2
4457,715,0,828,4,2
4458,715,0,828,4,2
4459,715,0,828,4,2
4460,716,1,829,4,2
4461,716,0,829,4,2
4462,716,0,829,4,2
4463,716,0,829,4,2
4464,716,0,829,4,2
4465,716,0,829,4,2
4466,717,1,830,4,2
4467,717,0,830,4,2
4468,717,0,830,4,2
4469,717,0,830,4,2
4470,717,0,830,4,2
4471,717,0,830,4,2
4472,718,1,831,4,2
4473,718,0,831,4,2
4474,718,0,831,4,2
4475,718,0,831,4,2
4476,718,0,831,4,2
4477,718,0,831,4,2
4478,718,0,831,4,2
4479,719,1,833,4,2
4480,719,0,833,4,2
4481,719,0,833,4,2
4482,719,0,833,4,2
4483,719,0,833,4,2
4484,719,0,833,4,2
4485,720,1,834,4,2
4486,720,0,834,4,2
4487,720,0,834,4,2
4488,720,0,834,4,2
4489,720,0,834,4,2
4490,720,0,834,4,2
4491,721,1,835,4,2
4492,721,0,835,4,2
4493,721,0,835,4,2
4494,721,0,835,4,2
4495,721,0,835,4,2
4496,721,0,835,4,2
4497,721,0,835,4,2
4498,722,1,836,4,2
4499,722,0,836,4,2
4500,722,0,836,4,2
4501,722,0,836,4,2
4502,722,0,836,4,2
4503,722,0,836,4,2
4504,723,1,837,4,2
4505,723,0,837,4,2
4506,723,0,837,4,2
4507,723,0,837,4,2
4508,723,0,837,4,2
4509,723,0,837,4,2
4510,724,1,839,4,2
4511,724,0,839,4,2
4512,724,0,839,4,2
4513,724,0,839,4,2
4514,724,0,839,4,2
4515,724,0,839,4,2
4516,724,0,839,4,2
4517,724,0,839,4,2
4518,725,1,840,4,2
4519,725,0,840,4,2
4520,725,0,840,4,2
4521,725,0,840,4,2
4522,725,0,840,4,2
4523,725,0,840,4,2
4524,726,1,841,4,2
4525,726,0,841,4,2
4526,726,0,841,4,2
4527,726,0,841,4,2
4528,726,0,841,4,2
4529,726,0,841,4,2
4530,727,1,842,4,2
4531,727,0,842,4,2
4532,727,0,842,4,2
4533,727,0,842,4,2
4534,727,0,842,4,2
4535,727,0,842,4,2
4536,728,1,843,4,2
4537,728,0,843,4,2
4538,728,0,843,4,2
4539,728,0,843,4,2
4540,728,0,843,4,2
4541,728,0,843,4,2
4542,729,1,845,4,2
4543,729,0,845,4,2
4544,729,0,845,4,2
4545,729,0,845,4,2
4546,729,0,845,4,2
4547,729,0,845,4,2
4548,730,1,846,4,2
4549,730,0,846,4,2
4550,730,0,846,4,2
4551,730,0,846,4,2
4552,730,0,846,4,2
4553,731,1,847,4,2
4554,731,0,847,4,2
4555,731,0,847,4,2
4556,731,0,847,4,2
4557,731,0,847,4,2
4558,731,0,847,4,2
4559,731,0,847,4,2
4560,732,1,848,4,2
4561,732,0,848,4,2
4562,732,0,848,4,2
4563,732,0,848,4,2
4564,732,0,848,4,2
4565,732,0,848,4,2
4566,733,1,849,4,2
4567,733,0,849,4,2
4568,733,0,849,4,2
4569,733,0,849,4,2
4570,733,0,849,4,2
4571,733,0,849,4,2
4572,734,1,850,4,2
4573,734,0,850,4,2
4574,734,0,850,4,2
4575,734,0,850,4,2
4576,734,0,850,4,2
4577,734,0,850,4,2
4578,735,1,851,4,2
4579,735,0,851,4,2
4580,735,0,851,4,2
4581,735,0,851,4,2
4582,735,0,851,4,2
4583,735,0,851,4,2
4584,736,1,852,4,2
4585,736,0,852,4,2
4586,736,0,852,4,2
4587,736,0,852,4,2
4588,736,0,852,4,2
4589,737,1,854,4,2
4590,737,0,854,4,2
4591,737,0,854,4,2
4592,737,0,854,4,2
4593,737,0,854,4,2
4594,737,0,854,4,2
4595,738,1,855,4,2
4596,738,0,855,4,2
4597,738,0,855,4,2
4598,738,0,855,4,2
4599,738,0,855,4,2
4600,738,0,855,4,2
4601,738,0,855,4,2
4602,739,1,856,4,2
4603,739,0,856,4,2
4604,739,0,856,4,2
4605,739,0,856,4,2
4606,739,0,856,4,2
4607,739,0,856,4,2
4608,740,1,857,4,2
4609,740,0,857,4,2
4610,740,0,857,4,2
4611,740,0,857,4,2
4612,740,0,857,4,2
4613,741,1,858,4,2
4614,741,0,858,4,2
4615,741,0,858,4,2
4616,741,0,858,4,2
4617,741,0,858,4,2
4618,741,0,858,4,2
4619,742,1,859,4,2
4620,742,0,859,4,2
4621,742,0,859,4,2
4622,742,0,859,4,2
4623,742,0,859,4,2
4624,742,0,859,4,2
4625,743,1,860,4,2
4626,743,0,860,4,2
4627,743,0,860,4,2
4628,743,0,860,4,2
4629,743,0,860,4,2
4630,744,1,861,4,2
4631,744,0,861,4,2
4632,744,0,861,4,2
4633,744,0,861,4,2
4634,744,0,861,4,2
4635,744,0,861,4,2
4636,745,1,862,4,2
4637,745,0,862,4,2
4638,745,0,862,4,2
4639,745,0,862,4,2
4640,745,0,862,4,2
4641,745,0,862,4,2
4642,746,1,863,4,2
4643,746,0,863,4,2
4644,746,0,863,4,2
4645,746,0,863,4,2
4646,746,0,863,4,2
4647,747,1,864,4,2
4648,747,0,864,4,2
4649,747,0,864,4,2
4650,747,0,864,4,2
4651,747,0,864,4,2
4652,747,0,864,4,2
4653,748,1,865,4,2
4654,748,0,865,4,2
4655,748,0,865,4,2
4656,748,0,865,4,2
4657,748,0,865,4,2
4658,749,1,867,4,2
4659,749,0,867,4,2
4660,749,0,867,4,2
4661,749,0,867,4,2
4662,749,0,867,4,2
4663,750,1,867,4,2
4664,750,0,867,4,2
4665,750,0,867,4,2
4666,750,0,867,4,2
4667,750,0,867,4,2
4668,750,0,867,4,2
4669,751,1,868,4,2
4670,751,0,868,4,2
4671,751,0,868,4,2
4672,751,0,868,4,2
4673,751,0,868,4,2
4674,752,1,870,4,2
4675,752,0,870,4,2
4676,752,0,870,4,2
4677,752,0,870,4,2
4678,752,0,870,4,2
4679,752,0,870,4,2
4680,753,1,870,4,2
4681,753,0,870,4,2
4682,753,0,870,4,2
4683,753,0,870,4,2
4684,753,0,870,4,2
4685,753,0,870,4,2
4686,754,1,872,4,2
4687,754,0,872,4,2
4688,754,0,872,4,2
4689,754,0,872,4,2
4690,754,0,872,4,2
4691,754,0,872,4,2
4692,755,1,873,4,2
4693,755,0,873,4,2
4694,755,0,873,4,2
4695,755,0,873,4,2
4696,755,0,873,4,2
4697,756,1,874,4,2
4698,756,0,874,4,2
4699,756,0,874,4,2
4700,756,0,874,4,2
4701,756,0,874,4,2
4702,756,0,874,4,2
4703,757,1,875,4,2
4704,757,0,875,4,2
4705,757,0,875,4,2
4706,757,0,875,4,2
4707,757,0,875,4,2
4708,758,1,876,4,2
4709,758,0,876,4,2
4710,758,0,876,4,2
4711,758,0,876,4,2
4712,758,0,876,4,2
4713,758,0,876,4,2
4714,759,1,877,4,2
4715,759,0,877,4,2
4716,759,0,877,4,2
4717,759,0,877,4,2
4718,759,0,877,4,2
4719,760,1,878,4,2
4720,760,0,878,4,2
4721,760,0,878,4,2
4722,760,0,878,4,2
4723,760,0,878,4,2
4724,760,0,878,4,2
4725,761,1,879,4,2
4726,761,0,879,4,2
4727,761,0,879,4,2
4728,761,0,879,4,2
4729,761,0,879,4,2
4730,761,0,879,4,2
4731,762,1,880,4,2
4732,762,0,880,4,2
4733,762,0,880,4,2
4734,762,0,880,4,2
4735,762,0,880,4,2
4736,762,0,880,4,2
4737,763,1,881,4,2
4738,763,0,881,4,2
4739,763,0,881,4,2
4740,763,0,881,4,2
4741,763,0,881,4,2
4742,763,0,881,4,2
4743,764,1,882,4,2
4744,764,0,882,4,2
4745,764,0,882,4,2
4746,764,0,882,4,2
4747,764,0,882,4,2
4748,764,0,882,4,2
4749,765,1,883,4,2
4750,765,0,883,4,2
4751,765,0,883,4,2
4752,765,0,883,4,2
4753,765,0,883,4,2
4754,765,0,883,4,2
4755,766,1,885,4,2
4756,766,0,885,4,2
4757,766,0,885,4,2
4758,766,0,885,4,2
4759,766,0,885,4,2
4760,766,0,885,4,2
4761,767,1,886,4,2
4762,767,0,886,4,2
4763,767,0,886,4,2
4764,767,0,886,4,2
4765,767,0,886,4,2
4766,767,0,886,4,2
4767,768,1,887,4,2
4768,768,0,887,4,2
4769,768,0,887,4,2
4770,768,0,887,4,2
4771,768,0,887,4,2
4772,768,0,887,4,2
4773,768,0,887,4,2
4774,769,1,888,4,2
4775,769,0,888,4,2
4776,769,0,888,4,2
4777,769,0,888,4,2
4778,769,0,888,4,2
4779,769,0,888,4,2
4780,770,1,889,4,2
4781,770,0,889,4,2
4782,770,0,889,4,2
4783,770,0,889,4,2
4784,770,0,889,4,2
4785,771,1,890,4,2
4786,771,0,890,4,2
4787,771,0,890,4,2
4788,771,0,890,4,2
4789,771,0,890,4,2
4790,771,0,890,4,2
4791,772,1,891,4,2
4792,772,0,891,4,2
4793,772,0,891,4,2
4794,772,0,891,4,2
4795,772,0,891,4,2
4796,773,1,892,4,2
4797,773,0,892,4,2
4798,773,0,892,4,2
4799,773,0,892,4,2
4800,773,0,892,4,2
4801,773,0,892,4,2
4802,774,1,893,4,2
4803,774,0,893,4,2
4804,774,0,893,4,2
4805,774,0,893,4,2
4806,774,0,893,4,2
4807,775,1,894,4,2
4808,775,0,894,4,2
4809,775,0,894,4,2
4810,775,0,894,4,2
4811,775,0,894,4,2
4812,776,1,895,4,2
4813,776,0,895,4,2
4814,776,0,895,4,2
4815,776,0,895,4,2
4816,776,0,895,4,2
4817,776,0,895,4,2
4818,777,1,896,4,2
4819,777,0,896,4,2
4820,777,0,896,4,2
4821,777,0,896,4,2
4822,777,0,896,4,2
4823,778,1,897,4,2
4824,778,0,897,4,2
4825,778,0,897,4,2
4826,778,0,897,4,2
4827,778,0,897,4,2
4828,778,0,897,4,2
4829,779,1,898,4,2
4830,779,0,898,4,2
4831,779,0,898,4,2
4832,779,0,898,4,2
4833,779,0,898,4,2
4834,780,1,900,4,2
4835,780,0,900,4,2
4836,780,0,900,4,2
4837,780,0,900,4,2
4838,780,0,900,4,2
4839,781,1,900,4,2
4840,781,0,900,4,2
4841,781,0,900,4,2
4842,781,0,900,4,2
4843,781,0,900,4,2
4844,782,1,901,4,2
4845,782,0,901,4,2
4846,782,0,901,4,2
4847,782,0,901,4,2
4848,782,0,901,4,2
4849,783,1,902,4,2
4850,783,0,902,4,2
4851,783,0,902,4,2
4852,783,0,902,4,2
4853,783,0,902,4,2
4854,783,0,902,4,2
4855,784,1,903,4,2
4856,784,0,903,4,2
4857,784,0,903,4,2
4858,784,0,903,4,2
4859,784,0,903,4,2
4860,784,0,903,4,2
4861,785,1,904,4,2
4862,785,0,904,4,2
4863,785,0,904,4,2
4864,785,0,904,4,2
4865,785,0,904,4,2
4866,786,1,906,4,2
4867,786,0,906,4,2
4868,786,0,906,4,2
4869,786,0,906,4,2
4870,786,0,906,4,2
4871,787,1,906,4,2
4872,787,0,906,4,2
4873,787,0,906,4,2
4874,787,0,906,4,2
4875,787,0,906,4,2
4876,788,1,907,4,2
4877,788,0,907,4,2
4878,788,0,907,4,2
4879,788,0,907,4,2
4880,788,0,907,4,2
4881,788,0,907,4,2
4882,789,1,908,4,2
4883,789,0,908,4,2
4884,789,0,908,4,2
4885,789,0,908,4,2
4886,789,0,908,4,2
4887,790,1,909,4,2
4888,790,0,909,4,2
4889,790,0,909,4,2
4890,790,0,909,4,2
4891,790,0,909,4,2
4892,791,1,910,4,2
4893,791,0,910,4,2
4894,791,0,910,4,2
4895,791,0,910,4,2
4896,791,0,910,4,2
4897,791,0,910,4,2
4898,792,1,911,4,2
4899,792,0,911,4,2
4900,792,0,911,4,2
4901,792,0,911,4,2
4902,792,0,911,4,2
4903,793,1,912,4,2
4904,793,0,912,4,2
4905,793,0,912,4,2
4906,793,0,912,4,2
4907,793,0,912,4,2
4908,794,1,913,4,2
4909,794,0,913,4,2
4910,794,0,913,4,2
4911,794,0,913,4,2
4912,794,0,913,4,2
4913,794,0,913,4,2
4914,795,1,914,4,2
4915,795,0,914,4,2
4916,795,0,914,4,2
4917,795,0,914,4,2
4918,795,0,914,4,2
4919,796,1,915,4,2
4920,796,0,915,4,2
4921,796,0,915,4,2
4922,796,0,915,4,2
4923,796,0,915,4,2
4924,797,1,916,4,2
4925,797,0,916,4,2
4926,797,0,916,4,2
4927,797,0,916,4,2
4928,797,0,916,4,2
4929,798,1,917,4,2
4930,798,0,917,4,2
4931,798,0,917,4,2
4932,798,0,917,4,2
4933,798,0,917,4,2
4934,799,1,918,4,2
4935,799,0,918,4,2
4936,799,0,918,4,2
4937,799,0,918,4,2
4938,799,0,918,4,2
4939,800,1,919,4,2
4940,800,0,919,4,2
4941,800,0,919,4,2
4942,800,0,919,4,2
4943,800,0,919,4,2
4944,800,0,919,4,2
4945,801,1,920,4,2
4946,801,0,920,4,2
4947,801,0,920,4,2
4948,801,0,920,4,2
4949,801,0,920,4,2
4950,802,1,921,4,2
4951,802,0,921,4,2
4952,802,0,921,4,2
4953,802,0,921,4,2
4954,802,0,921,4,2
4955,803,1,922,4,2
4956,803,0,922,4,2
4957,803,0,922,4,2
4958,803,0,922,4,2
4959,803,0,922,4,2
4960,804,1,923,4,2
4961,804,0,923,4,2
4962,804,0,923,4,2
4963,804,0,923,4,2
4964,804,0,923,4,2
4965,805,1,924,4,2
4966,805,0,924,4,2
4967,805,0,924,4,2
4968,805,0,924,4,2
4969,805,0,924,4,2
4970,806,1,925,4,2
4971,806,0,925,4,2
4972,806,0,925,4,2
4973,806,0,925,4,2
4974,806,0,925,4,2
4975,807,1,926,4,2
4976,807,0,926,4,2
4977,807,0,926,4,2
4978,807,0,926,4,2
4979,807,0,926,4,2
4980,808,1,927,4,2
4981,808,0,927,4,2
4982,808,0,927,4,2
4983,808,0,927,4,2
4984,808,0,927,4,2
4985,809,1,928,4,2
4986,809,0,928,4,2
4987,809,0,928,4,2
4988,809,0,928,4,2
4989,809,0,928,4,2
4990,810,1,929,4,2
4991,810,0,929,4,2
4992,810,0,929,4,2
4993,810,0,929,4,2
4994,810,0,929,4,2
4995,811,1,930,4,2
4996,811,0,930,4,2
4997,811,0,930,4,2
4998,811,0,930,4,2
4999,811,0,930,4,2
5000,812,1,931,4,2
5001,812,0,931,4,2
5002,812,0,931,4,2
5003,812,0,931,4,2
5004,812,0,931,4,2
5005,813,1,932,4,2
5006,813,0,932,4,2
5007,813,0,932,4,2
5008,813,0,932,4,2
5009,813,0,932,4,2
5010,814,1,933,4,2
5011,814,0,933,4,2
5012,814,0,933,4,2
5013,814,0,933,4,2
5014,814,0,933,4,2
5015,815,1,933,4,2
5016,815,0,933,4,2
5017,815,0,933,4,2
5018,815,0,933,4,2
5019,815,0,933,4,2
5020,816,1,934,4,2
5021,816,0,934,4,2
5022,816,0,934,4,2
5023,816,0,934,4,2
5024,816,0,934,4,2
5025,817,1,935,4,2
5026,817,0,935,4,2
5027,817,0,935,4,2
5028,817,0,935,4,2
5029,817,0,935,4,2
5030,817,0,935,4,2
5031,818,1,936,4,2
5032,818,0,936,4,2
5033,818,0,936,4,2
5034,818,0,936,4,2
5035,818,0,936,4,2
5036,819,1,937,4,2
5037,819,0,937,4,2
5038,819,0,937,4,2
5039,819,0,937,4,2
5040,819,0,937,4,2
5041,820,1,938,4,2
5042,820,0,938,4,2
5043,820,0,938,4,2
5044,820,0,938,4,2
5045,820,0,938,4,2
5046,821,1,939,4,2
5047,821,0,939,4,2
5048,821,0,939,4,2
5049,821,0,939,4,2
5050,821,0,939,4,2
5051,822,1,940,4,2
5052,822,0,940,4,2
5053,822,0,940,4,2
5054,822,0,940,4,2
5055,822,0,940,4,2
5056,823,1,941,4,2
5057,823,0,941,4,2
5058,823,0,941,4,2
5059,823,0,941,4,2
5060,823,0,941,4,2
5061,824,1,942,4,2
5062,824,0,942,4,2
5063,824,0,942,4,2
5064,824,0,942,4,2
5065,824,0,942,4,2
5066,825,1,943,4,2
5067,825,0,943,4,2
5068,825,0,943,4,2
5069,825,0,943,4,2
5070,825,0,943,4,2
5071,826,1,944,4,2
5072,826,0,944,4,2
5073,826,0,944,4,2
5074,826,0,944,4,2
5075,826,0,944,4,2
5076,827,1,945,4,2
5077,827,0,945,4,2
5078,827,0,945,4,2
5079,827,0,945,4,2
5080,827,0,945,4,2
5081,828,1,946,4,2
5082,828,0,946,4,2
5083,828,0,946,4,2
5084,828,0,946,4,2
5085,828,0,946,4,2
5086,829,1,947,4,2
5087,829,0,947,4,2
5088,829,0,947,4,2
5089,829,0,947,4,2
5090,829,0,947,4,2
5091,830,1,948,4,2
5092,830,0,948,4,2
5093,830,0,948,4,2
5094,830,0,948,4,2
5095,830,0,948,4,2
5096,831,1,949,4,2
5097,831,0,949,4,2
5098,831,0,949,4,2
5099,831,0,949,4,2
5100,831,0,949,4,2
5101,832,1,950,4,2
5102,832,0,950,4,2
5103,832,0,950,4,2
5104,832,0,950,4,2
5105,832,0,950,4,2
5106,833,1,951,4,2
5107,833,0,951,4,2
5108,833,0,951,4,2
5109,833,0,951,4,2
5110,833,0,951,4,2
5111,834,1,951,4,2
5112,834,0,951,4,2
5113,834,0,951,4,2
5114,834,0,951,4,2
5115,834,0,951,4,2
5116,834,0,951,4,2
5117,835,1,952,4,2
5118,835,0,952,4,2
5119,835,0,952,4,2
5120,835,0,952,4,2
5121,835,0,952,4,2
5122,836,1,954,4,2
5123,836,0,954,4,2
5124,836,0,954,4,2
5125,836,0,954,4,2
5126,836,0,954,4,2
5127,837,1,954,4,2
5128,837,0,954,4,2
5129,837,0,954,4,2
5130,837,0,954,4,2
5131,837,0,954,4,2
5132,838,1,955,4,2
5133,838,0,955,4,2
5134,838,0,955,4,2
5135,838,0,955,4,2
5136,838,0,955,4,2
5137,839,1,956,4,2
5138,839,0,956,4,2
5139,839,0,956,4,2
5140,839,0,956,4,2
5141,839,0,956,4,2
5142,840,1,957,4,2
5143,840,0,957,4,2
5144,840,0,957,4,2
5145,840,0,957,4,2
5146,840,0,957,4,2
5147,841,1,958,4,2
5148,841,0,958,4,2
5149,841,0,958,4,2
5150,841,0,958,4,2
5151,841,0,958,4,2
5152,842,1,959,4,2
5153,842,0,959,4,2
5154,842,0,959,4,2
5155,842,0,959,4,2
5156,842,0,959,4,2
5157,843,1,960,4,2
5158,843,0,960,4,2
5159,843,0,960,4,2
5160,843,0,960,4,2
5161,843,0,960,4,2
5162,844,1,961,4,2
5163,844,0,961,4,2
5164,844,0,961,4,2
5165,844,0,961,4,2
5166,844,0,961,4,2
5167,845,1,962,4,2
5168,845,0,962,4,2
5169,845,0,962,4,2
5170,845,0,962,4,2
5171,845,0,962,4,2
5172,845,0,962,4,2
5173,846,1,963,4,2
5174,846,0,963,4,2
5175,846,0,963,4,2
5176,846,0,963,4,2
5177,846,0,963,4,2
5178,847,1,964,4,2
5179,847,0,964,4,2
5180,847,0,964,4,2
5181,847,0,964,4,2
5182,847,0,964,4,2
5183,847,0,964,4,2
5184,848,1,965,4,2
5185,848,0,965,4,2
5186,848,0,965,4,2
5187,848,0,965,4,2
5188,848,0,965,4,2
5189,849,1,966,4,2
5190,849,0,966,4,2
5191,849,0,966,4,2
5192,849,0,966,4,2
5193,849,0,966,4,2
5194,849,0,966,4,2
5195,850,1,967,4,2
5196,850,0,967,4,2
5197,850,0,967,4,2
5198,850,0,967,4,2
5199,850,0,967,4,2
5200,850,0,967,4,2
5201,851,1,968,4,2
5202,851,0,968,4,2
5203,851,0,968,4,2
5204,851,0,968,4,2
5205,851,0,968,4,2
5206,852,1,969,4,2
5207,852,0,969,4,2
5208,852,0,969,4,2
5209,852,0,969,4,2
5210,852,0,969,4,2
5211,853,1,970,4,2
5212,853,0,970,4,2
5213,853,0,970,4,2
5214,853,0,970,4,2
5215,853,0,970,4,2
5216,854,1,971,4,2
5217,854,0,971,4,2
5218,854,0,971,4,2
5219,854,0,971,4,2
5220,854,0,971,4,2
5221,854,0,971,4,2
5222,855,1,972,4,2
5223,855,0,972,4,2
5224,855,0,972,4,2
5225,855,0,972,4,2
5226,855,0,972,4,2
5227,856,1,973,4,2
5228,856,0,973,4,2
5229,856,0,973,4,2
5230,856,0,973,4,2
5231,856,0,973,4,2
5232,857,1,974,4,2
5233,857,0,974,4,2
5234,857,0,974,4,2
5235,857,0,974,4,2
5236,857,0,974,4,2
5237,858,1,975,4,2
5238,858,0,975,4,2
5239,858,0,975,4,2
5240,858,0,975,4,2
5241,858,0,975,4,2
5242,859,1,976,4,2
5243,859,0,976,4,2
5244,859,0,976,4,2
5245,859,0,976,4,2
5246,859,0,976,4,2
5247,860,1,977,4,2
5248,860,0,977,4,2
5249,860,0,977,4,2
5250,860,0,977,4,2
5251,860,0,977,4,2
5252,860,0,977,4,2
5253,861,1,978,4,2
5254,861,0,978,4,2
5255,861,0,978,4,2
5256,861,0,978,4,2
5257,861,0,978,4,2
5258,862,1,979,4,2
5259,862,0,979,4,2
5260,862,0,979,4,2
5261,862,0,979,4,2
5262,862,0,979,4,2
5263,863,1,980,4,2
5264,863,0,980,4,2
5265,863,0,980,4,2
5266,863,0,980,4,2
5267,863,0,980,4,2
5268,864,1,981,4,2
5269,864,0,981,4,2
5270,864,0,981,4,2
5271,864,0,981,4,2
5272,864,0,981,4,2
5273,865,1,982,4,2
5274,865,0,982,4,2
5275,865,0,982,4,2
5276,865,0,982,4,2
5277,865,0,982,4,2
5278,865,0,982,4,2
5279,866,1,983,4,2
5280,866,0,983,4,2
5281,866,0,983,4,2
5282,866,0,983,4,2
5283,866,0,983,4,2
5284,866,0,983,4,2
5285,867,1,984,4,2
5286,867,0,984,4,2
5287,867,0,984,4,2
5288,867,0,984,4,2
5289,867,0,984,4,2
5290,868,1,985,4,2
5291,868,0,985,4,2
5292,868,0,985,4,2
5293,868,0,985,4,2
5294,868,0,985,4,2
5295,869,1,986,4,2
5296,869,0,986,4,2
5297,869,0,986,4,2
5298,869,0,986,4,2
5299,869,0,986,4,2
5300,870,1,987,4,2
5301,870,0,987,4,2
5302,870,0,987,4,2
5303,870,0,987,4,2
5304,870,0,987,4,2
5305,870,0,987,4,2
5306,871,1,988,4,2
5307,871,0,988,4,2
5308,871,0,988,4,2
5309,871,0,988,4,2
5310,871,0,988,4,2
5311,872,1,989,4,2
5312,872,0,989,4,2
5313,872,0,989,4,2
5314,872,0,989,4,2
5315,872,0,989,4,2
5316,873,1,990,4,2
5317,873,0,990,4,2
5318,873,0,990,4,2
5319,873,0,990,4,2
5320,873,0,990,4,2
5321,873,0,990,4,2
5322,874,1,991,4,2
5323,874,0,991,4,2
5324,874,0,991,4,2
5325,874,0,991,4,2
5326,874,0,991,4,2
5327,875,1,992,4,2
5328,875,0,992,4,2
5329,875,0,992,4,2
5330,875,0,992,4,2
5331,875,0,992,4,2
5332,876,1,992,4,2
5333,876,0,992,4,2
5334,876,0,992,4,2
5335,876,0,992,4,2
5336,877,1,992,4,2
5337,877,0,992,4,2
5338,877,0,992,4,2
5339,877,0,992,4,2
5340,877,0,992,4,2
5341,878,1,992,4,2
5342,878,0,992,4,2
5343,878,0,992,4,2
5344,878,0,992,4,2
5345,879,1,992,4,2
5346,879,0,992,4,2
5347,879,0,992,4,2
5348,879,0,992,4,2
5349,879,0,992,4,2
5350,880,1,992,4,2
5351,880,0,992,4,2
5352,880,0,992,4,2
5353,880,0,992,4,2
5354,881,1,992,4,2
5355,881,0,992,4,2
5356,881,0,992,4,2
5357,881,0,992,4,2
5358,881,0,992,4,2
5359,882,1,992,4,2
5360,882,0,992,4,2
5361,882,0,992,4,2
5362,882,0,992,4,2
5363,883,1,992,4,2
5364,883,0,992,4,2
5365,883,0,992,4,2
5366,883,0,992,4,2
5367,883,0,992,4,2
5368,884,1,992,4,2
5369,884,0,992,4,2
5370,884,0,992,4,2
5371,884,0,992,4,2
5372,885,1,992,4,2
5373,885,0,992,4,2
5374,885,0,992,4,2
5375,885,0,992,4,2
5376,886,1,992,4,2
5377,886,0,992,4,2
5378,886,0,992,4,2
5379,886,0,992,4,2
5380,886,0,992,4,2
5381,887,1,992,4,2
5382,887,0,992,4,2
5383,887,0,992,4,2
5384,887,0,992,4,2
5385,888,1,992,4,2
5386,888,0,992,4,2
5387,888,0,992,4,2
5388,888,0,992,4,2
5389,889,1,992,4,2
5390,889,0,992,4,2
5391,889,0,992,4,2
5392,889,0,992,4,2
5393,889,0,992,4,2
5394,890,1,992,4,2
5395,890,0,992,4,2
5396,890,0,992,4,2
5397,890,0,992,4,2
5398,891,1,992,4,2
5399,891,0,992,4,2
5400,891,0,992,4,2
5401,891,0,992,4,2
5402,891,0,992,4,2
5403,892,1,992,4,2
5404,892,0,992,4,2
5405,892,0,992,4,2
5406,892,0,992,4,2
5407,892,0,992,4,2
5408,893,1,992,4,2
5409,893,0,992,4,2
5410,893,0,992,4,2
5411,893,0,992,4,2
5412,893,0,992,4,2
5413,894,1,992,4,2
5414,894,0,992,4,2
5415,894,0,992,4,2
5416,894,0,992,4,2
5417,894,0,992,4,2
5418,895,1,992,4,2
5419,895,0,992,4,2
5420,895,0,992,4,2
5421,895,0,992,4,2
5422,896,1,992,4,2
5423,896,0,992,4,2
5424,896,0,992,4,2
5425,896,0,992,4,2
5426,896,0,992,4,2
5427,897,1,992,4,2
5428,897,0,992,4,2
5429,897,0,992,4,2
5430,897,0,992,4,2
5431,897,0,992,4,2
5432,898,1,992,4,2
5433,898,0,992,4,2
5434,898,0,992,4,2
5435,898,0,992,4,2
5436,899,1,992,4,2
5437,899,0,992,4,2
5438,899,0,992,4,2
5439,899,0,992,4,2
5440,899,0,992,4,2
5441,900,1,992,4,2
5442,900,0,992,4,2
5443,900,0,992,4,2
5444,900,0,992,4,2
5445,900,0,992,4,2
5446,901,1,992,4,2
5447,901,0,992,4,2
5448,901,0,992,4,2
5449,901,0,992,4,2
5450,902,1,992,4,2
5451,902,0,992,4,2
5452,902,0,992,4,2
5453,902,0,992,4,2
5454,902,0,992,4,2
5455,903,1,992,4,2
5456,903,0,992,4,2
5457,903,0,992,4,2
5458,903,0,992,4,2
5459,903,0,992,4,2
5460,904,1,992,4,2
5461,904,0,992,4,2
5462,904,0,992,4,2
5463,904,0,992,4,2
5464,905,1,992,4,2
5465,905,0,992,4,2
5466,905,0,992,4,2
5467,905,0,992,4,2
5468,906,1,992,4,2
5469,906,0,992,4,2
5470,906,0,992,4,2
5471,906,0,992,4,2
5472,906,0,992,4,2
5473,907,1,992,4,2
5474,907,0,992,4,2
5475,907,0,992,4,2
5476,907,0,992,4,2
5477,907,0,992,4,2
5478,908,1,992,4,2
5479,908,0,992,4,2
5480,908,0,992,4,2
5481,908,0,992,4,2
5482,909,1,992,4,2
5483,909,0,992,4,2
5484,909,0,992,4,2
5485,909,0,992,4,2
5486,909,0,992,4,2
5487,910,1,992,4,2
5488,910,0,992,4,2
5489,910,0,992,4,2
5490,910,0,992,4,2
5491,910,0,992,4,2
5492,911,1,992,4,2
5493,911,0,992,4,2
5494,911,0,992,4,2
5495,911,0,992,4,2
5496,912,1,992,4,2
5497,912,0,992,4,2
5498,912,0,992,4,2
5499,912,0,992,4,2
5500,912,0,992,4,2
5501,913,1,992,4,2
5502,913,0,992,4,2
5503,913,0,992,4,2
5504,913,0,992,4,2
5505,913,0,992,4,2
5506,914,1,992,4,2
5507,914,0,992,4,2
5508,914,0,992,4,2
5509,914,0,992,4,2
5510,915,1,992,4,2
5511,915,0,992,4,2
5512,915,0,992,4,2
5513,915,0,992,4,2
5514,915,0,992,4,2
5515,916,1,992,4,2
5516,916,0,992,4,2
5517,916,0,992,4,2
5518,916,0,992,4,2
5519,916,0,992,4,2
5520,917,1,992,4,2
5521,917,0,992,4,2
5522,917,0,992,4,2
5523,917,0,992,4,2
5524,917,0,992,4,2
5525,918,1,992,4,2
5526,918,0,992,4,2
5527,918,0,992,4,2
5528,918,0,992,4,2
5529,918,0,992,4,2
5530,919,1,992,4,2
5531,919,0,992,4,2
5532,919,0,992,4,2
5533,919,0,992,4,2
5534,919,0,992,4,2
5535,920,1,992,4,2
5536,920,0,992,4,2
5537,920,0,992,4,2
5538,920,0,992,4,2
5539,921,1,992,4,2
5540,921,0,992,4,2
5541,921,0,992,4,2
5542,921,0,992,4,2
5543,922,1,992,4,2
5544,922,0,992,4,2
5545,922,0,992,4,2
5546,922,0,992,4,2
5547,922,0,992,4,2
5548,923,1,992,4,2
5549,923,0,992,4,2
5550,923,0,992,4,2
5551,923,0,992,4,2
5552,923,0,992,4,2
5553,924,1,992,4,2
5554,924,0,992,4,2
5555,924,0,992,4,2
5556,924,0,992,4,2
5557,925,1,992,4,2
5558,925,0,992,4,2
5559,925,0,992,4,2
5560,925,0,992,4,2
5561,925,0,992,4,2
5562,926,1,992,4,2
5563,926,0,992,4,2
5564,926,0,992,4,2
5565,926,0,992,4,2
5566,927,1,992,4,2
5567,927,0,992,4,2
5568,927,0,992,4,2
5569,927,0,992,4,2
5570,927,0,992,4,2
5571,928,1,992,4,2
5572,928,0,992,4,2
5573,928,0,992,4,2
5574,928,0,992,4,2
5575,929,1,992,4,2
5576,929,0,992,4,2
5577,929,0,992,4,2
5578,929,0,992,4,2
5579,929,0,992,4,2
5580,930,1,992,4,2
5581,930,0,992,4,2
5582,930,0,992,4,2
5583,930,0,992,4,2
5584,930,0,992,4,2
5585,931,1,992,4,2
5586,931,0,992,4,2
5587,931,0,992,4,2
5588,931,0,992,4,2
5589,932,1,992,4,2
5590,932,0,992,4,2
5591,932,0,992,4,2
5592,932,0,992,4,2
5593,933,1,992,4,2
5594,933,0,992,4,2
5595,933,0,992,4,2
5596,933,0,992,4,2
5597,934,1,992,4,2
5598,934,0,992,4,2
5599,934,0,992,4,2
5600,934,0,992,4,2
5601,935,1,992,4,2
5602,935,0,992,4,2
5603,935,0,992,4,2
5604,935,0,992,4,2
5605,936,1,992,4,2
5606,936,0,992,4,2
5607,936,0,992,4,2
5608,936,0,992,4,2
5609,937,1,992,4,2
5610,937,0,992,4,2
5611,937,0,992,4,2
5612,937,0,992,4,2
5613,938,1,992,4,2
5614,938,0,992,4,2
5615,938,0,992,4,2
5616,938,0,992,4,2
5617,939,1,992,4,2
5618,939,0,992,4,2
5619,939,0,992,4,2
5620,939,0,992,4,2
5621,940,1,992,4,2
5622,940,0,992,4,2
5623,940,0,992,4,2
5624,940,0,992,4,2
5625,941,1,992,4,2
5626,941,0,992,4,2
5627,941,0,992,4,2
5628,941,0,992,4,2
5629,942,1,992,4,2
5630,942,0,992,4,2
5631,942,0,992,4,2
5632,942,0,992,4,2
5633,943,1,992,4,2
5634,943,0,992,4,2
5635,943,0,992,4,2
5636,943,0,992,4,2
5637,944,1,992,4,2
5638,944,0,992,4,2
5639,944,0,992,4,2
5640,944,0,992,4,2
5641,945,1,992,4,2
5642,945,0,992,4,2
5643,945,0,992,4,2
5644,945,0,992,4,2
5645,946,1,992,4,2
5646,946,0,992,4,2
5647,946,0,992,4,2
5648,946,0,992,4,2
5649,946,0,992,4,2
5650,947,1,992,4,2
5651,947,0,992,4,2
5652,947,0,992,4,2
5653,947,0,992,4,2
5654,948,1,992,4,2
5655,948,0,992,4,2
5656,948,0,992,4,2
5657,948,0,992,4,2
5658,949,1,992,4,2
5659,949,0,992,4,2
5660,949,0,992,4,2
5661,949,0,992,4,2
5662,950,1,992,4,2
5663,950,0,992,4,2
5664,950,0,992,4,2
5665,950,0,992,4,2
5666,951,1,992,4,2
5667,951,0,992,4,2
5668,951,0,992,4,2
5669,951,0,992,4,2
5670,952,1,992,4,2
5671,952,0,992,4,2
5672,952,0,992,4,2
5673,952,0,992,4,2
5674,952,0,992,4,2
5675,953,1,992,4,2
5676,953,0,992,4,2
5677,953,0,992,4,2
5678,953,0,992,4,2
5679,954,1,992,4,2
5680,954,0,992,4,2
5681,954,0,992,4,2
5682,954,0,992,4,2
5683,955,1,992,4,2
5684,955,0,992,4,2
5685,955,0,992,4,2
5686,955,0,992,4,2
5687,955,0,992,4,2
5688,956,1,992,4,2
5689,956,0,992,4,2
5690,956,0,992,4,2
5691,956,0,992,4,2
5692,957,1,992,4,2
5693,957,0,992,4,2
5694,957,0,992,4,2
5695,957,0,992,4,2
5696,958,1,992,4,2
5697,958,0,992,4,2
5698,958,0,992,4,2
5699,958,0,992,4,2
5700,958,0,992,4,2
5701,959,1,992,4,2
5702,959,0,992,4,2
5703,959,0,992,4,2
5704,959,0,992,4,2
5705,960,1,992,4,2
5706,960,0,992,4,2
5707,960,0,992,4,2
5708,960,0,992,4,2
5709,961,1,992,4,2
5710,961,0,992,4,2
5711,961,0,992,4,2
5712,961,0,992,4,2
5713,962,1,992,4,2
5714,962,0,992,4,2
5715,962,0,992,4,2
5716,962,0,992,4,2
5717,962,0,992,4,2
5718,963,1,992,4,2
5719,963,0,992,4,2
5720,963,0,992,4,2
5721,963,0,992,4,2
5722,964,1,992,4,2
5723,964,0,992,4,2
5724,964,0,992,4,2
5725,964,0,992,4,2
5726,964,0,992,4,2
5727,965,1,992,4,2
5728,965,0,992,4,2
5729,965,0,992,4,2
5730,965,0,992,4,2
5731,966,1,992,4,2
5732,966,0,992,4,2
5733,966,0,992,4,2
5734,966,0,992,4,2
5735,967,1,992,4,2
5736,967,0,992,4,2
5737,967,0,992,4,2
5738,967,0,992,4,2
5739,967,0,992,4,2
5740,968,1,992,4,2
5741,968,0,992,4,2
5742,968,0,992,4,2
5743,968,0,992,4,2
5744,969,1,992,4,2
5745,969,0,992,4,2
5746,969,0,992,4,2
5747,969,0,992,4,2
5748,970,1,992,4,2
5749,970,0,992,4,2
5750,970,0,992,4,2
5751,970,0,992,4,2
5752,971,1,992,4,2
5753,971,0,992,4,2
5754,971,0,992,4,2
5755,971,0,992,4,2
5756,972,1,992,4,2
5757,972,0,992,4,2
5758,972,0,992,4,2
5759,972,0,992,4,2
5760,973,1,992,4,2
5761,973,0,992,4,2
5762,973,0,992,4,2
5763,973,0,992,4,2
5764,973,0,992,4,2
5765,974,1,992,4,2
5766,974,0,992,4,2
5767,974,0,992,4,2
5768,974,0,992,4,2
5769,975,1,992,4,2
5770,975,0,992,4,2
5771,975,0,992,4,2
5772,975,0,992,4,2
5773,976,1,992,4,2
5774,976,0,992,4,2
5775,976,0,992,4,2
5776,976,0,992,4,2
5777,977,1,992,4,2
5778,977,0,992,4,2
5779,977,0,992,4,2
5780,977,0,992,4,2
5781,978,1,992,4,2
5782,978,0,992,4,2
5783,978,0,992,4,2
5784,978,0,992,4,2
5785,978,0,992,4,2
5786,979,1,992,4,2
5787,979,0,992,4,2
5788,979,0,992,4,2
5789,979,0,992,4,2
5790,980,1,992,4,2
5791,980,0,992,4,2
5792,980,0,992,4,2
5793,980,0,992,4,2
5794,981,1,992,4,2
5795,981,0,992,4,2
5796,981,0,992,4,2
5797,981,0,992,4,2
5798,982,1,992,4,2
5799,982,0,992,4,2
5800,982,0,992,4,2
5801,982,0,992,4,2
5802,983,1,992,4,2
5803,983,0,992,4,2
5804,983,0,992,4,2
5805,983,0,992,4,2
5806,983,0,992,4,2
5807,984,1,992,4,2
5808,984,0,992,4,2
5809,984,0,992,4,2
5810,984,0,992,4,2
5811,985,1,992,4,2
5812,985,0,992,4,2
5813,985,0,992,4,2
5814,985,0,992,4,2
5815,986,1,992,4,2
5816,986,0,992,4,2
5817,986,0,992,4,2
5818,986,0,992,4,2
5819,987,1,992,4,2
5820,987,0,992,4,2
5821,987,0,992,4,2
5822,987,0,992,4,2
5823,988,1,992,4,2
5824,988,0,992,4,2
5825,988,0,992,4,2
5826,988,0,992,4,2
5827,989,1,992,4,2
5828,989,0,992,4,2
5829,989,0,992,4,2
5830,989,0,992,4,2
5831,990,1,992,4,2
5832,990,0,992,4,2
5833,990,0,992,4,2
5834,990,0,992,4,2
5835,990,0,992,4,2
5836,991,1,992,4,2
5837,991,0,992,4,2
5838,991,0,992,4,2
5839,991,0,992,4,2
5840,992,1,992,4,2
5841,992,0,992,4,2
5842,992,0,992,4,2
5843,992,0,992,4,2
5844,993,1,992,4,2
5845,993,0,992,4,2
5846,993,0,992,4,2
5847,993,0,992,4,2
5848,994,1,992,4,2
5849,994,0,992,4,2
5850,994,0,992,4,2
5851,994,0,992,4,2
5852,995,1,992,4,2
5853,995,0,992,4,2
5854,995,0,992,4,2
5855,995,0,992,4,2
5856,995,0,992,4,2
5857,996,1,992,4,2
5858,996,0,992,4,2
5859,996,0,992,4,2
5860,996,0,992,4,2
5861,997,1,992,4,2
5862,997,0,992,4,2
5863,997,0,992,4,2
5864,997,0,992,4,2
5865,998,1,992,4,2
5866,998,0,992,4,2
5867,998,0,992,4,2
5868,998,0,992,4,2
5869,998,0,992,4,2
5870,999,1,992,4,2
5871,999,0,992,4,2
5872,999,0,992,4,2
5873,999,0,992,4,2
5874,1000,1,992,4,2
5875,1000,0,992,4,2
5876,1000,0,992,4,2
5877,1000,0,992,4,2
5878,1001,1,992,4,2
5879,1001,0,992,4,2
5880,1001,0,992,4,2
5881,1001,0,992,4,2
5882,1002,1,992,4,2
5883,1002,0,992,4,2
5884,1002,0,992,4,2
5885,1002,0,992,4,2
5886,1002,0,992,4,2
5887,1003,1,992,4,2
5888,1003,0,992,4,2
5889,1003,0,992,4,2
5890,1003,0,992,4,2
5891,1004,1,992,4,2
5892,1004,0,992,4,2
5893,1004,0,992,4,2
5894,1004,0,992,4,2
5895,1005,1,992,4,2
5896,1005,0,992,4,2
5897,1005,0,992,4,2
5898,1005,0,992,4,2
5899,1005,0,992,4,2
5900,1006,1,992,4,2
5901,1006,0,992,4,2
5902,1006,0,992,4,2
5903,1006,0,992,4,2
5904,1007,1,992,4,2
5905,1007,0,992,4,2
5906,1007,0,992,4,2
5907,1007,0,992,4,2
5908,1008,1,992,4,2
5909,1008,0,992,4,2
5910,1008,0,992,4,2
5911,1008,0,992,4,2
5912,1009,1,992,4,2
5913,1009,0,992,4,2
5914,1009,0,992,4,2
5915,1009,0,992,4,2
5916,1010,1,992,4,2
5917,1010,0,992,4,2
5918,1010,0,992,4,2
5919,1010,0,992,4,2
5920,1011,1,992,4,2
5921,1011,0,992,4,2
5922,1011,0,992,4,2
5923,1011,0,992,4,2
5924,1011,0,992,4,2
5925,1012,1,992,4,2
5926,1012,0,992,4,2
5927,1012,0,992,4,2
5928,1012,0,992,4,2
5929,1013,1,992,4,2
5930,1013,0,992,4,2
5931,1013,0,992,4,2
5932,1013,0,992,4,2
5933,1014,1,992,4,2
5934,1014,0,992,4,2
5935,1014,0,992,4,2
5936,1014,0,992,4,2
5937,1015,1,992,4,2
5938,1015,0,992,4,2
5939,1015,0,992,4,2
5940,1015,0,992,4,2
5941,1016,1,992,4,2
5942,1016,0,992,4,2
5943,1016,0,992,4,2
5944,1016,0,992,4,2
5945,1016,0,992,4,2
5946,1017,1,992,4,2
5947,1017,0,992,4,2
5948,1017,0,992,4,2
5949,1017,0,992,4,2
5950,1018,1,992,4,2
5951,1018,0,992,4,2
5952,1018,0,992,4,2
5953,1018,0,992,4,2
5954,1019,1,992,4,2
5955,1019,0,992,4,2
5956,1019,0,992,4,2
5957,1019,0,992,4,2
5958,1020,1,992,4,2
5959,1020,0,992,4,2
5960,1020,0,992,4,2
5961,1020,0,992,4,2
5962,1020,0,992,4,2
5963,1021,1,992,4,2
5964,1021,0,992,4,2
5965,1021,0,992,4,2
5966,1021,0,992,4,2
5967,1022,1,992,4,2
5968,1022,0,992,4,2
5969,1022,0,992,4,2
5970,1022,0,992,4,2
5971,1023,1,992,4,2
5972,1023,0,992,4,2
5973,1023,0,992,4,2
5974,1023,0,992,4,2
5975,1023,0,992,4,2
5976,1024,1,992,4,2
5977,1024,0,992,4,2
5978,1024,0,992,4,2
5979,1024,0,992,4,2
5980,1025,1,992,4,2
5981,1025,0,992,4,2
5982,1025,0,992,4,2
5983,1025,0,992,4,2
5984,1026,1,992,4,2
5985,1026,0,992,4,2
5986,1026,0,992,4,2
5987,1026,0,992,4,2
5988,1027,1,992,4,2
5989,1027,0,992,4,2
5990,1027,0,992,4,2
5991,1027,0,992,4,2
5992,1028,1,992,4,2
5993,1028,0,992,4,2
5994,1028,0,992,4,2
5995,1028,0,992,4,2
5996,1028,0,992,4,2
5997,1029,1,992,4,2
5998,1029,0,992,4,2
5999,1029,0,992,4,2
6000,1029,0,992,4,2
6001,1030,1,992,4,2
6002,1030,0,992,4,2
6003,1030,0,992,4,2
6004,1030,0,992,4,2
6005,1030,0,992,4,2
6006,1031,1,992,4,2
6007,1031,0,992,4,2
6008,1031,0,992,4,2
6009,1031,0,992,4,2
6010,1032,1,992,4,2
6011,1032,0,992,4,2
6012,1032,0,992,4,2
6013,1032,0,992,4,2
6014,1033,1,992,4,2
6015,1033,0,992,4,2
6016,1033,0,992,4,2
6017,1033,0,992,4,2
6018,1034,1,992,4,2
6019,1034,0,992,4,2
6020,1034,0,992,4,2
6021,1034,0,992,4,2
6022,1035,1,992,4,2
6023,1036,1,992,4,2
6024,1037,1,992,4,2
6025,1038,1,992,4,2
6026,1039,1,992,4,2
6027,1040,1,992,4,2
6028,1041,1,992,4,2
6029,1042,1,992,4,2
6030,1043,1,992,4,2
6031,1044,1,992,4,2
6032,1045,1,992,4,2
6033,1046,1,992,4,2
6034,1047,1,992,4,2
6035,1048,1,992,4,2
6036,1049,1,992,4,2
6037,1050,1,992,4,2
6038,1051,1,992,4,2
6039,1052,1,992,4,2
6040,1053,1,992,4,2
6041,1054,1,992,4,2
6042,1055,1,992,4,2
6043,1056,1,992,4,2
6044,1057,1,992,4,2
6045,1058,1,992,4,2
6046,1059,1,992,4,2
6047,1060,1,992,4,2
6048,1061,1,992,4,2
6049,1062,1,992,4,2
6050,1063,1,992,4,2
6051,1064,1,992,4,2
6052,1065,1,992,4,2
6053,1066,1,992,4,2
6054,1067,1,992,4,2
6055,1068,1,992,4,2
6056,1069,1,992,4,2
6057,1070,1,992,4,2
6058,1071,1,992,4,2
6059,1072,1,992,4,2
6060,1073,1,992,4,2
6061,1074,1,992,4,2
6062,1075,1,992,4,2
6063,1076,1,992,4,2
6064,1077,1,992,4,2
6065,1078,1,992,4,2
6066,1079,1,992,4,2
6067,1080,1,992,4,2
6068,1081,1,992,4,2
6069,1082,1,992,4,2
6070,1083,1,992,4,2
6071,1084,1,992,4,2
6072,1085,1,992,4,2
6073,1086,1,992,4,2
6074,1087,1,992,4,2
6075,1088,1,992,4,2
6076,1089,1,992,4,2
6077,1090,1,992,4,2
6078,1091,1,992,4,2
6079,1092,1,992,4,2
6080,1093,1,992,4,2
6081,1094,1,992,4,2
6082,1095,1,992,4,2
6083,1096,1,992,4,2
6084,1097,1,992,4,2
6085,1098,1,992,4,2
6086,1099,1,992,4,2
6087,1100,1,992,4,2
6088,1101,1,992,4,2
6089,1102,1,992,4,2
6090,1103,1,992,4,2
6091,1104,1,992,4,2
6092,1105,1,992,4,2
6093,1106,1,992,4,2
6094,1107,1,992,4,2
6095,1108,1,992,4,2
6096,1109,1,992,4,2
6097,1110,1,992,4,2
6098,1111,1,992,4,2
6099,1112,1,992,4,2
6100,1113,1,992,4,2
6101,1114,1,992,4,2
6102,1115,1,992,4,2
6103,1116,1,992,4,2
6104,1117,1,992,4,2
6105,1118,1,992,4,2
6106,1119,1,992,4,2
6107,1120,1,992,4,2
6108,1121,1,992,4,2
6109,1122,1,992,4,2
6110,1123,1,992,4,2
6111,1124,1,992,4,2
6112,1125,1,992,4,2
6113,1126,1,992,4,2
6114,1127,1,992,4,2
6115,1128,1,992,4,2
6116,1129,1,992,4,2
6117,1130,1,992,4,2
6118,1131,1,992,4,2
6119,1132,1,992,4,2
6120,1133,1,992,4,2
6121,1134,1,992,4,2
6122,1135,1,992,4,2
6123,1136,1,992,4,2
6124,1137,1,992,4,2
6125,1138,1,992,4,2
6126,1139,1,992,4,2
6127,1140,1,992,4,2
6128,1141,1,992,4,2
6129,1142,1,992,4,2
6130,1143,1,992,4,2
6131,1144,1,992,4,2
6132,1145,1,992,4,2
6133,1146,1,992,4,2
6134,1147,1,992,4,2
6135,1148,1,992,4,2
6136,1149,1,992,4,2
6137,1150,1,992,4,2
6138,1151,1,992,4,2
6139,1152,1,992,4,2
6140,1153,1,992,4,2
6141,1154,1,992,4,2
6142,1155,1,992,4,2
6143,1156,1,992,4,2
6144,1157,1,992,4,2
6145,1158,1,992,4,2
6146,1159,1,992,4,2
6147,1160,1,992,4,2
6148,1161,1,992,4,2
6149,1162,1,992,4,2
6150,1163,1,992,4,2
6151,1164,1,992,4,2
6152,1165,1,992,4,2
6153,1166,1,992,4,2
6154,1167,1,992,4,2
6155,1168,1,992,4,2
6156,1169,1,992,4,2
6157,1170,1,992,4,2
6158,1171,1,992,4,2
6159,1172,1,992,4,2
6160,1173,1,992,4,2
6161,1174,1,992,4,2
6162,1175,1,992,4,2
6163,1176,1,992,4,2
6164,1177,1,992,4,2
6165,1178,1,992,4,2
6166,1179,1,992,4,2
6167,1180,1,992,4,2
6168,1181,1,992,4,2
6169,1182,1,992,4,2
6170,1183,1,992,4,2
6171,1184,1,992,4,2
6172,1185,1,992,4,2
6173,1186,1,992,4,2
6174,1187,1,992,4,2
6175,1188,1,992,4,2
6176,1189,1,992,4,2
6177,1190,1,992,4,2
6178,1191,1,992,4,2
6179,1192,1,992,4,2
6180,1193,1,992,4,2
6181,1194,1,992,4,2
6182,1195,1,992,4,2
6183,1196,1,992,4,2
6184,1197,1,992,4,2
6185,1198,1,992,4,2
6186,1199,1,992,4,2
6187,1200,1,992,4,2
6188,1201,1,992,4,2
6189,1202,1,992,4,2
6190,1203,1,992,4,2
6191,1204,1,992,4,2
6192,1205,1,992,4,2
6193,1206,1,992,4,2
6194,1207,1,992,4,2
6195,1208,1,992,4,2
6196,1209,1,992,4,2
6197,1210,1,992,4,2
6198,1211,1,992,4,2
6199,1212,1,992,4,2
6200,1213,1,992,4,2
6201,1214,1,992,4,2
6202,1215,1,992,4,2
6203,1216,1,992,4,2
6204,1217,1,992,4,2
6205,1218,1,992,4,2
6206,1219,1,992,4,2
6207,1220,1,992,4,2
6208,1221,1,992,4,2
6209,1222,1,992,4,2
6210,1223,1,992,4,2
6211,1224,1,992,4,2
6212,1225,1,992,4,2
6213,1226,1,992,4,2
6214,1227,1,992,4,2
6215,1228,1,992,4,2
6216,1229,1,992,4,2
6217,1230,1,992,4,2
6218,1231,1,992,4,2
6219,1232,1,992,4,2
6220,1233,1,992,4,2
6221,1234,1,992,4,2
6222,1235,1,992,4,2
6223,1236,1,992,4,2
6224,1237,1,992,4,2
6225,1238,1,992,4,2
6226,1239,1,992,4,2
6227,1240,1,992,4,2
6228,1241,1,992,4,2
6229,1242,1,992,4,2
6230,1243,1,992,4,2
6231,1244,1,992,4,2
6232,1245,1,992,4,2
6233,1246,1,992,4,2
6234,1247,1,992,4,2
6235,1248,1,992,4,2
6236,1249,1,992,4,2
6237,1250,1,992,4,2
6238,1251,1,992,4,2
6239,1252,1,992,4,2
6240,1253,1,992,4,2
6241,1254,1,992,4,2
6242,1255,1,992,4,2
6243,1256,1,992,4,2
6244,1257,1,992,4,2
6245,1258,1,992,4,2
6246,1259,1,992,4,2
6247,1260,1,992,4,2
6248,1261,1,992,4,2
6249,1262,1,992,4,2
6250,1263,1,992,4,2
6251,1264,1,992,4,2
6252,1265,1,992,4,2
6253,1266,1,992,4,2
6254,1267,1,992,4,2
6255,1268,1,992,4,2
6256,1269,1,992,4,2
6257,1270,1,992,4,2
6258,1271,1,992,4,2
6259,1272,1,992,4,2
6260,1273,1,992,4,2
6261,1274,1,992,4,2
6262,1275,1,992,4,2
6263,1276,1,992,4,2
6264,1277,1,992,4,2
6265,1278,1,992,4,2
6266,1279,1,992,4,2
6267,1280,1,992,4,2
6268,1281,1,992,4,2
6269,1282,1,992,4,2
6270,1283,1,992,4,2
6271,1284,1,992,4,2
6272,1285,1,992,4,2
6273,1286,1,992,4,2
6274,1287,1,992,4,2
6275,1288,1,992,4,2
6276,1289,1,992,4,2
6277,1290,1,992,4,2
6278,1291,1,992,4,2
6279,1292,1,992,4,2
6280,1293,1,992,4,2
6281,1294,1,992,4,2
6282,1295,1,992,4,2
6283,1296,1,992,4,2
6284,1297,1,992,4,2
6285,1298,1,992,4,2
6286,1299,1,992,4,2
6287,1300,1,992,4,2
6288,1301,1,992,4,2
6289,1302,1,992,4,2
6290,1303,1,992,4,2
6291,1304,1,992,4,2
6292,1305,1,992,4,2
6293,1306,1,992,4,2
6294,1307,1,992,4,2
6295,1308,1,992,4,2
6296,1309,1,992,4,2
6297,1310,1,992,4,2
6298,1311,1,992,4,2
6299,1312,1,992,4,2
6300,1313,1,992,4,2
6301,1314,1,992,4,2
6302,1315,1,992,4,2
6303,1316,1,992,4,2
6304,1317,1,992,4,2
6305,1318,1,992,4,2
6306,1319,1,992,4,2
6307,1320,1,992,4,2
6308,1321,1,992,4,2
6309,1322,1,992,4,2
6310,1323,1,992,4,2
6311,1324,1,992,4,2
6312,1325,1,992,4,2
6313,1326,1,992,4,2
6314,1327,1,992,4,2
6315,1328,1,992,4,2
6316,1329,1,992,4,2
6317,1330,1,992,4,2
6318,1331,1,992,4,2
6319,1332,1,992,4,2
6320,1333,1,992,4,2
6321,1334,1,992,4,2
6322,1335,1,992,4,2
6323,1336,1,992,4,2
6324,1337,1,992,4,2
6325,1338,1,992,4,2
6326,1339,1,992,4,2
6327,1340,1,992,4,2
6328,1341,1,992,4,2
6329,1342,1,992,4,2
6330,1343,1,992,4,2
6331,1344,1,992,4,2
6332,1345,1,992,4,2
6333,1346,1,992,4,2
6334,1347,1,992,4,2
6335,1348,1,992,4,2
6336,1349,1,992,4,2
6337,1350,1,992,4,2
6338,1351,1,992,4,2
6339,1352,1,992,4,2
6340,1353,1,992,4,2
6341,1354,1,992,4,2
6342,1355,1,992,4,2
6343,1356,1,992,4,2
6344,1357,1,992,4,2
6345,1358,1,992,4,2
6346,1359,1,992,4,2
6347,1360,1,992,4,2
6348,1361,1,992,4,2
6349,1362,1,992,4,2
6350,1363,1,992,4,2
6351,1364,1,992,4,2
6352,1365,1,992,4,2
6353,1366,1,992,4,2
6354,1367,1,992,4,2
6355,1368,1,992,4,2
6356,1369,1,992,4,2
6357,1370,1,992,4,2
6358,1371,1,992,4,2
6359,1372,1,992,4,2
6360,1373,1,992,4,2
6361,1374,1,992,4,2
6362,1375,1,992,4,2
6363,1376,1,992,4,2
6364,1377,1,992,4,2
6365,1378,1,992,4,2
6366,1379,1,992,4,2
6367,1380,1,992,4,2
6368,1381,1,992,4,2
6369,1382,1,992,4,2
6370,1383,1,992,4,2
6371,1384,1,992,4,2
6372,1385,1,992,4,2
6373,1386,1,992,4,2
6374,1387,1,992,4,2
6375,1388,1,992,4,2
6376,1389,1,992,4,2
6377,1390,1,992,4,2
6378,1391,1,992,4,2
6379,1392,1,992,4,2
6380,1393,1,992,4,2
6381,1394,1,992,4,2
6382,1395,1,992,4,2
6383,1396,1,992,4,2
6384,1397,1,992,4,2
6385,1398,1,992,4,2
6386,1399,1,992,4,2
6387,1400,1,992,4,2
6388,1401,1,992,4,2
6389,1402,1,992,4,2
6390,1403,1,992,4,2
6391,1404,1,992,4,2
6392,1405,1,992,4,2
6393,1406,1,992,4,2
6394,1407,1,992,4,2
6395,1408,1,992,4,2
6396,1409,1,992,4,2
6397,1410,1,992,4,2
6398,1411,1,992,4,2
6399,1412,1,992,4,2
6400,1413,1,992,4,2
6401,1414,1,992,4,2
6402,1415,1,992,4,2
6403,1416,1,992,4,2
6404,1417,1,992,4,2
6405,1418,1,992,4,2
6406,1419,1,992,4,2
6407,1420,1,992,4,2
6408,1421,1,992,4,2
6409,1422,1,992,4,2
6410,1423,1,992,4,2
6411,1424,1,992,4,2
6412,1425,1,992,4,2
6413,1426,1,992,4,2
6414,1427,1,992,4,2
6415,1428,1,992,4,2
6416,1429,1,992,4,2
6417,1430,1,992,4,2
6418,1431,1,992,4,2
6419,1432,1,992,4,2
6420,1433,1,992,4,2
6421,1434,1,992,4,2
6422,1435,1,992,4,2
6423,1436,1,992,4,2
6424,1437,1,992,4,2
6425,1438,1,992,4,2
6426,1439,1,992,4,2
6427,1440,1,992,4,2
6428,1441,1,992,4,2
6429,1442,1,992,4,2
6430,1443,1,992,4,2
6431,1444,1,992,4,2
6432,1445,1,992,4,2
6433,1446,1,992,4,2
6434,1447,1,992,4,2
6435,1448,1,992,4,2
6436,1449,1,992,4,2
6437,1450,1,992,4,2
6438,1451,1,992,4,2
6439,1452,1,992,4,2
6440,1453,1,992,4,2
6441,1454,1,992,4,2
6442,1455,1,992,4,2
6443,1456,1,992,4,2
6444,1457,1,992,4,2
6445,1458,1,992,4,2
6446,1459,1,992,4,2
6447,1460,1,992,4,2
6448,1461,1,992,4,2
6449,1462,1,992,4,2
6450,1463,1,992,4,2
6451,1464,1,992,4,2
6452,1465,1,992,4,2
6453,1466,1,992,4,2
6454,1467,1,992,4,2
6455,1468,1,992,4,2
6456,1469,1,992,4,2
6457,1470,1,992,4,2
6458,1471,1,992,4,2
6459,1472,1,992,4,2
6460,1473,1,992,4,2
6461,1474,1,992,4,2
6462,1475,1,992,4,2
6463,1476,1,992,4,2
6464,1477,1,992,4,2
6465,1478,1,992,4,2
6466,1479,1,992,4,2
6467,1480,1,992,4,2
6468,1481,1,992,4,2
6469,1482,1,992,4,2
6470,1483,1,992,4,2
6471,1484,1,992,4,2
6472,1485,1,992,4,2
6473,1486,1,992,4,2
6474,1487,1,992,4,2
6475,1488,1,992,4,2
6476,1489,1,992,4,2
6477,1490,1,992,4,2
6478,1491,1,992,4,2
6479,1492,1,992,4,2
6480,1493,1,992,4,2
6481,1494,1,992,4,2
6482,1495,1,992,4,2
6483,1496,1,992,4,2
6484,1497,1,992,4,2
6485,1498,1,992,4,2
6486,1499,1,992,4,2
6487,1500,1,992,4,2
6488,1501,1,992,4,2
6489,1502,1,992,4,2
6490,1503,1,992,4,2
6491,1504,1,992,4,2
6492,1505,1,992,4,2
6493,1506,1,992,4,2
6494,1507,1,992,4,2
6495,1508,1,992,4,2
6496,1509,1,992,4,2
6497,1510,1,992,4,2
6498,1511,1,992,4,2
6499,1512,1,992,4,2
6500,1513,1,992,4,2
6501,1514,1,992,4,2
6502,1515,1,992,4,2
6503,1516,1,992,4,2
6504,1517,1,992,4,2
6505,1518,1,992,4,2
6506,1519,1,992,4,2
6507,1520,1,992,4,2
6508,1521,1,992,4,2
6509,1522,1,992,4,2
6510,1523,1,992,4,2
6511,1524,1,992,4,2
6512,1525,1,992,4,2
6513,1526,1,992,4,2
6514,1527,1,992,4,2
6515,1528,1,992,4,2
6516,1529,1,992,4,2
6517,1530,1,992,4,2
6518,1531,1,992,4,2
6519,1532,1,992,4,2
6520,1533,1,992,4,2
6521,1534,1,992,4,2
6522,1535,1,992,4,2
6523,1536,1,992,4,2
6524,1537,1,992,4,2
6525,1538,1,992,4,2
6526,1539,1,992,4,2
6527,1540,1,992,4,2
6528,1541,1,992,4,2
6529,1542,1,992,4,2
6530,1543,1,992,4,2
6531,1544,1,992,4,2
6532,1545,1,992,4,2
6533,1546,1,992,4,2
6534,1547,1,992,4,2
6535,1548,1,992,4,2
6536,1549,1,992,4,2
6537,1550,1,992,4,2
6538,1551,1,992,4,2
6539,1552,1,992,4,2
6540,1553,1,992,4,2
6541,1554,1,992,4,2
6542,1555,1,992,4,2
6543,1556,1,992,4,2
6544,1557,1,992,4,2
6545,1558,1,992,4,2
6546,1559,1,992,4,2
6547,1560,1,992,4,2
6548,1561,1,992,4,2
6549,1562,1,992,4,2
6550,1563,1,992,4,2
6551,1564,1,992,4,2
6552,1565,1,992,4,2
6553,1566,1,992,4,2
6554,1567,1,992,4,2
6555,1568,1,992,4,2
6556,1569,1,992,4,2
6557,1570,1,992,4,2
6558,1571,1,992,4,2
6559,1572,1,992,4,2
6560,1573,1,992,4,2
6561,1574,1,992,4,2
6562,1575,1,992,4,2
6563,1576,1,992,4,2
6564,1577,1,992,4,2
6565,1578,1,992,4,2
6566,1579,1,992,4,2
6567,1580,1,992,4,2
6568,1581,1,992,4,2
6569,1582,1,992,4,2
6570,1583,1,992,4,2
6571,1584,1,992,4,2
6572,1585,1,992,4,2
6573,1586,1,992,4,2
6574,1587,1,992,4,2
6575,1588,1,992,4,2
6576,1589,1,992,4,2
6577,1590,1,992,4,2
6578,1591,1,992,4,2
6579,1592,1,992,4,2
6580,1593,1,992,4,2
6581,1594,1,992,4,2
6582,1595,1,992,4,2
6583,1596,1,992,4,2
6584,1597,1,992,4,2
6585,1598,1,992,4,2
6586,1599,1,992,4,2
6587,1600,1,992,4,2
6588,1601,1,992,4,2
6589,1602,1,992,4,2
6590,1603,1,992,4,2
6591,1604,1,992,4,2
6592,1605,1,992,4,2
6593,1606,1,992,4,2
6594,1607,1,992,4,2
6595,1608,1,992,4,2
6596,1609,1,992,4,2
6597,1610,1,992,4,2
6598,1611,1,992,4,2
6599,1612,1,992,4,2
6600,1613,1,992,4,2
6601,1614,1,992,4,2
6602,1615,1,992,4,2
6603,1616,1,992,4,2
6604,1617,1,992,4,2
6605,1618,1,992,4,2
6606,1618,0,992,4,2
6607,1618,0,992,4,2
6608,1618,0,992,4,2
6609,1618,0,992,4,2
6610,1618,0,992,4,2
6611,1618,0,992,4,2
6612,1618,0,992,4,2
6613,1618,0,992,4,2
6614,1618,0,992,4,2
6615,1618,0,992,4,2
6616,1618,0,992,4,2
6617,1618,0,992,4,2
6618,1618,0,992,4,2
6619,1618,0,992,4,2
6620,1618,0,992,4,2
6621,1618,0,992,4,2
6622,1618,0,992,4,2
6623,1618,0,992,4,2
6624,1618,0,992,4,2
6625,1618,0,992,4,2
6626,1618,0,992,4,2
6627,1618,0,992,4,2
6628,1618,0,992,4,2
6629,1618,0,992,4,2
6630,1618,0,992,4,2
6631,1618,0,992,4,2
6632,1618,0,992,4,2
6633,1618,0,992,4,2
6634,1618,0,992,4,2
6635,1618,0,992,4,2
6636,1618,0,992,4,2
6637,1618,0,992,4,2
6638,1618,0,992,4,2
6639,1618,0,992,4,2
6640,1618,0,992,4,2
6641,1618,0,992,4,2
6642,1618,0,992,4,2
6643,1618,0,992,4,2
6644,1618,0,992,4,2
6645,1618,0,992,4,2
6646,1618,0,992,4,2
6647,1618,0,992,4,2
6648,1618,0,992,4,2
6649,1618,0,992,4,2
6650,1618,0,992,4,2
6651,1618,0,992,4,2
6652,1618,0,992,4,2
6653,1618,0,992,4,2
6654,1618,0,992,4,2
6655,1618,0,992,4,2
6656,1618,0,992,4,2
6657,1618,0,992,4,2
6658,1618,0,992,4,2
6659,1618,0,992,4,2
6660,1618,0,992,4,2
6661,1618,0,992,4,2
6662,1618,0,992,4,2
6663,1618,0,992,4,2
6664,1618,0,992,4,2
6665,1618,0,992,4,2
6666,1618,0,992,4,2
6667,1618,0,992,4,2
6668,1618,0,992,4,2
6669,1618,0,992,4,2
6670,1618,0,992,4,2
6671,1618,0,992,4,2
6672,1618,0,992,4,2
6673,1618,0,992,4,2
6674,1618,0,992,4,2
6675,1618,0,992,4,2
6676,1618,0,992,4,2
6677,1618,0,992,4,2
6678,1618,0,992,4,2
6679,1618,0,992,4,2
6680,1618,0,992,4,2
6681,1618,0,992,4,2
6682,1618,0,992,4,2
6683,1618,0,992,4,2
6684,1618,0,992,4,2
6685,1618,0,992,4,2
6686,1618,0,992,4,2
6687,1618,0,992,4,2
6688,1618,0,992,4,2
6689,1618,0,992,4,2
6690,1618,0,992,4,2
6691,1618,0,992,4,2
6692,1618,0,992,4,2
6693,1618,0,992,4,2
6694,1618,0,992,4,2
6695,1618,0,992,4,2
6696,1618,0,992,4,2
6697,1618,0,992,4,2
6698,1618,0,992,4,2
6699,1618,0,992,4,2
6700,1618,0,992,4,2
6701,1618,0,992,4,2
6702,1618,0,992,4,2
6703,1618,0,992,4,2
6704,1618,0,992,4,2
6705,1618,0,992,4,2
6706,1618,0,992,4,2
6707,1618,0,992,4,2
6708,1618,0,992,4,2
6709,1618,0,992,4,2
6710,1618,0,992,4,2
6711,1618,0,992,4,2
6712,1618,0,992,4,2
6713,1618,0,992,4,2
6714,1618,0,992,4,2
6715,1618,0,992,4,2
6716,1618,0,992,4,2
6717,1618,0,992,4,2
6718,1618,0,992,4,2
6719,1618,0,992,4,2
6720,1618,0,992,4,2
6721,1618,0,992,4,2
6722,1618,0,992,4,2
6723,1618,0,992,4,2
6724,1618,0,992,4,2
6725,1618,0,992,4,2
6726,1618,0,992,4,2
6727,1618,0,992,4,2
6728,1618,0,992,4,2
6729,1618,0,992,4,2
6730,1618,0,992,4,2
6731,1618,0,992,4,2
6732,1618,0,992,4,2
6733,1618,0,992,4,2
6734,1618,0,992,4,2
6735,1618,0,992,4,2
6736,1618,0,992,4,2
6737,1618,0,992,4,2
6738,1618,0,992,4,2
6739,1618,0,992,4,2
6740,1618,0,992,4,2
6741,1618,0,992,4,2
6742,1618,0,992,4,2
6743,1618,0,992,4,2
6744,1618,0,992,4,2
6745,1618,0,992,4,2
6746,1618,0,992,4,2
6747,1618,0,992,4,2
6748,1618,0,992,4,2
6749,1618,0,992,4,2
6750,1618,0,992,4,2
6751,1618,0,992,4,2
6752,1618,0,992,4,2
6753,1618,0,992,4,2
6754,1618,0,992,4,2
6755,1618,0,992,4,2
6756,1618,0,992,4,2
6757,1618,0,992,4,2
6758,1618,0,992,4,2
6759,1618,0,992,4,2
6760,1618,0,992,4,2
6761,1618,0,992,4,2
6762,1618,0,992,4,2
6763,1618,0,992,4,2
6764,1618,0,992,4,2
6765,1618,0,992,4,2
6766,1618,0,992,4,2
6767,1618,0,992,4,2
6768,1618,0,992,4,2
6769,1618,0,992,4,2
6770,1618,0,992,4,2
6771,1618,0,992,4,2
6772,1618,0,992,4,2
6773,1618,0,992,4,2
6774,1618,0,992,4,2
6775,1618,0,992,4,2
6776,1618,0,992,4,2
6777,1618,0,992,4,2
6778,1618,0,992,4,2
6779,1618,0,992,4,2
6780,1618,0,992,4,2
6781,1618,0,992,4,2
6782,1618,0,992,4,2
6783,1618,0,992,4,2
6784,1618,0,992,4,2
6785,1618,0,992,4,2
6786,1618,0,992,4,2
6787,1618,0,992,4,2
6788,1618,0,992,4,2
6789,1618,0,992,4,2
6790,1618,0,992,4,2
6791,1618,0,992,4,2
6792,1618,0,992,4,2
6793,1618,0,992,4,2
6794,1618,0,992,4,2
6795,1618,0,992,4,2
6796,1618,0,992,4,2
6797,1618,0,992,4,2
6798,1618,0,992,4,2
6799,1618,0,992,4,2
6800,1618,0,992,4,2
6801,1618,0,992,4,2
6802,1618,0,992,4,2
6803,1618,0,992,4,2
6804,1618,0,992,4,2
6805,1618,0,992,4,2
6806,1618,0,992,4,2
6807,1618,0,992,4,2
6808,1618,0,992,4,2
6809,1618,0,992,4,2
6810,1618,0,992,4,2
6811,1618,0,992,4,2
6812,1618,0,992,4,2
6813,1618,0,992,4,2
6814,1618,0,992,4,2
6815,1618,0,992,4,2
6816,1618,0,992,4,2
6817,1618,0,992,4,2
6818,1618,0,992,4,2
6819,1618,0,992,4,2
6820,1618,0,992,4,2
6821,1618,0,992,4,2
6822,1618,0,992,4,2
6823,1618,0,992,4,2
6824,1618,0,992,4,2
6825,1618,0,992,4,2
6826,1618,0,992,4,2
6827,1618,0,992,4,2
6828,1618,0,992,4,2
6829,1618,0,992,4,2
6830,1618,0,992,4,2
6831,1618,0,992,4,2
6832,1618,0,992,4,2
6833,1618,0,992,4,2
6834,1618,0,992,4,2
6835,1618,0,992,4,2
6836,1618,0,992,4,2
6837,1618,0,992,4,2
6838,1618,0,992,4,2
6839,1618,0,992,4,2
6840,1618,0,992,4,2
6841,1618,0,992,4,2
6842,1618,0,992,4,2
6843,1618,0,992,4,2
6844,1618,0,992,4,2
6845,1618,0,992,4,2
6846,1618,0,992,4,2
6847,1618,0,992,4,2
6848,1618,0,992,4,2
6849,1618,0,992,4,2
6850,1618,0,992,4,2
6851,1618,0,992,4,2
6852,1618,0,992,4,2
6853,1618,0,992,4,2
6854,1618,0,992,4,2
6855,1618,0,992,4,2
6856,1618,0,992,4,2
6857,1618,0,992,4,2
6858,1618,0,992,4,2
6859,1618,0,992,4,2
6860,1618,0,992,4,2
6861,1618,0,992,4,2
6862,1618,0,992,4,2
6863,1618,0,992,4,2
6864,1618,0,992,4,2
6865,1618,0,992,4,2
6866,1618,0,992,4,2
6867,1618,0,992,4,2
6868,1618,0,992,4,2
6869,1618,0,992,4,2
6870,1618,0,992,4,2
6871,1618,0,992,4,2
6872,1618,0,992,4,2
6873,1618,0,992,4,2
6874,1618,0,992,4,2
6875,1618,0,992,4,2
6876,1618,0,992,4,2
6877,1618,0,992,4,2
6878,1618,0,992,4,2
6879,1618,0,992,4,2
6880,1618,0,992,4,2
6881,1618,0,992,4,2
6882,1618,0,992,4,2
6883,1618,0,992,4,2
6884,1618,0,992,4,2
6885,1618,0,992,4,2
6886,1618,0,992,4,2
6887,1618,0,992,4,2
6888,1618,0,992,4,2
6889,1618,0,992,4,2
6890,1618,0,992,4,2
6891,1618,0,992,4,2
6892,1618,0,992,4,2
6893,1618,0,992,4,2
6894,1618,0,992,4,2
6895,1618,0,992,4,2
6896,1618,0,992,4,2
6897,1618,0,992,4,2
6898,1618,0,992,4,2
6899,1618,0,992,4,2
6900,1618,0,992,4,2
6901,1618,0,992,4,2
6902,1618,0,992,4,2
6903,1618,0,992,4,2
6904,1618,0,992,4,2
6905,1618,0,992,4,2
6906,1618,0,992,4,2
6907,1618,0,992,4,2
6908,1618,0,992,4,2
6909,1618,0,992,4,2
6910,1618,0,992,4,2
6911,1618,0,992,4,2
6912,1618,0,992,4,2
6913,1618,0,992,4,2
6914,1618,0,992,4,2
6915,1618,0,992,4,2
6916,1618,0,992,4,2
6917,1618,0,992,4,2
6918,1618,0,992,4,2
6919,1618,0,992,4,2
6920,1618,0,992,4,2
6921,1618,0,992,4,2
6922,1618,0,992,4,2
6923,1618,0,992,4,2
6924,1618,0,992,4,2
6925,1618,0,992,4,2
6926,1618,0,992,4,2
6927,1618,0,992,4,2
6928,1618,0,992,4,2
6929,1618,0,992,4,2
6930,1618,0,992,4,2
6931,1618,0,992,4,2
6932,1618,0,992,4,2
6933,1618,0,992,4,2
6934,1618,0,992,4,2
6935,1618,0,992,4,2
6936,1618,0,992,4,2
6937,1618,0,992,4,2
6938,1618,0,992,4,2
6939,1618,0,992,4,2
6940,1618,0,992,4,2
6941,1618,0,992,4,2
6942,1618,0,992,4,2
6943,1618,0,992,4,2
6944,1618,0,992,4,2
6945,1618,0,992,4,2
6946,1618,0,992,4,2
6947,1618,0,992,4,2
6948,1618,0,992,4,2
6949,1618,0,992,4,2
6950,1618,0,992,4,2
6951,1618,0,992,4,2
6952,1618,0,992,4,2
6953,1618,0,992,4,2
6954,1618,0,992,4,2
6955,1618,0,992,4,2
6956,1618,0,992,4,2
6957,1618,0,992,4,2
6958,1618,0,992,4,2
6959,1618,0,992,4,2
6960,1618,0,992,4,2
6961,1618,0,992,4,2
6962,1618,0,992,4,2
6963,1618,0,992,4,2
6964,1618,0,992,4,2
6965,1618,0,992,4,2
6966,1618,0,992,4,2
6967,1618,0,992,4,2
6968,1618,0,992,4,2
6969,1618,0,992,4,2
6970,1618,0,992,4,2
6971,1618,0,992,4,2
6972,1618,0,992,4,2
6973,1618,0,992,4,2
6974,1618,0,992,4,2
6975,1618,0,992,4,2
6976,1618,0,992,4,2
6977,1618,0,992,4,2
6978,1618,0,992,4,2
6979,1618,0,992,4,2
6980,1618,0,992,4,2
6981,1618,0,992,4,2
6982,1618,0,992,4,2
6983,1618,0,992,4,2
6984,1618,0,992,4,2
6985,1618,0,992,4,2
6986,1618,0,992,4,2
6987,1618,0,992,4,2
6988,1618,0,992,4,2
6989,1618,0,992,4,2
6990,1618,0,992,4,2
6991,1618,0,992,4,2
6992,1618,0,992,4,2
6993,1618,0,992,4,2
6994,1618,0,992,4,2
6995,1618,0,992,4,2
6996,1618,0,992,4,2
6997,1618,0,992,4,2
6998,1618,0,992,4,2
6999,1618,0,992,4,2
7000,1618,0,992,4,2
7001,1618,0,992,4,2
7002,1618,0,992,4,2
7003,1618,0,992,4,2
7004,1618,0,992,4,2
7005,1618,0,992,4,2
7006,1618,0,992,5,2
