machine_frame,rendered,delta,camera,stage,lives
1,0,0,0,4,2
2,0,0,0,4,2
3,0,0,0,4,2
4,0,0,0,4,2
5,0,0,0,4,2
6,0,0,0,4,2
7,0,0,0,4,2
8,0,0,0,4,2
9,0,0,0,4,2
10,0,0,0,4,2
11,0,0,0,4,2
12,0,0,0,4,2
13,0,0,0,4,2
14,0,0,0,4,2
15,0,0,0,4,2
16,0,0,0,4,2
17,1,1,0,4,2
18,1,0,0,4,2
19,1,0,0,4,2
20,1,0,0,4,2
21,1,0,0,4,2
22,2,1,0,4,2
23,2,0,0,4,2
24,2,0,0,4,2
25,2,0,0,4,2
26,3,1,1,4,2
27,3,0,1,4,2
28,3,0,1,4,2
29,3,0,1,4,2
30,3,0,1,4,2
31,4,1,2,4,2
32,4,0,2,4,2
33,4,0,2,4,2
34,4,0,2,4,2
35,4,0,2,4,2
36,5,1,3,4,2
37,5,0,3,4,2
38,5,0,3,4,2
39,5,0,3,4,2
40,6,1,4,4,2
41,6,0,4,4,2
42,6,0,4,4,2
43,6,0,4,4,2
44,7,1,5,4,2
45,7,0,5,4,2
46,7,0,5,4,2
47,7,0,5,4,2
48,7,0,5,4,2
49,8,1,5,4,2
50,8,0,5,4,2
51,8,0,5,4,2
52,8,0,5,4,2
53,9,1,6,4,2
54,9,0,6,4,2
55,9,0,6,4,2
56,9,0,6,4,2
57,9,0,6,4,2
58,10,1,7,4,2
59,10,0,7,4,2
60,10,0,7,4,2
61,10,0,7,4,2
62,10,0,7,4,2
63,10,0,7,4,2
64,11,1,8,4,2
65,11,0,8,4,2
66,11,0,8,4,2
67,11,0,8,4,2
68,11,0,8,4,2
69,12,1,9,4,2
70,12,0,9,4,2
71,12,0,9,4,2
72,12,0,9,4,2
73,12,0,9,4,2
74,13,1,10,4,2
75,13,0,10,4,2
76,13,0,10,4,2
77,13,0,10,4,2
78,14,1,11,4,2
79,14,0,11,4,2
80,14,0,11,4,2
81,14,0,11,4,2
82,14,0,11,4,2
83,15,1,12,4,2
84,15,0,12,4,2
85,15,0,12,4,2
86,15,0,12,4,2
87,15,0,12,4,2
88,16,1,13,4,2
89,16,0,13,4,2
90,16,0,13,4,2
91,16,0,13,4,2
92,16,0,13,4,2
93,17,1,14,4,2
94,17,0,14,4,2
95,17,0,14,4,2
96,17,0,14,4,2
97,17,0,14,4,2
98,18,1,15,4,2
99,18,0,15,4,2
100,18,0,15,4,2
101,18,0,15,4,2
102,18,0,15,4,2
103,19,1,15,4,2
104,19,0,15,4,2
105,19,0,15,4,2
106,19,0,15,4,2
107,19,0,15,4,2
108,20,1,16,4,2
109,20,0,16,4,2
110,20,0,16,4,2
111,20,0,16,4,2
112,20,0,16,4,2
113,21,1,17,4,2
114,21,0,17,4,2
115,21,0,17,4,2
116,21,0,17,4,2
117,21,0,17,4,2
118,22,1,18,4,2
119,22,0,18,4,2
120,22,0,18,4,2
121,22,0,18,4,2
122,22,0,18,4,2
123,23,1,19,4,2
124,23,0,19,4,2
125,23,0,19,4,2
126,23,0,19,4,2
127,23,0,19,4,2
128,24,1,20,4,2
129,24,0,20,4,2
130,24,0,20,4,2
131,24,0,20,4,2
132,24,0,20,4,2
133,25,1,21,4,2
134,25,0,21,4,2
135,25,0,21,4,2
136,25,0,21,4,2
137,25,0,21,4,2
138,26,1,22,4,2
139,26,0,22,4,2
140,26,0,22,4,2
141,26,0,22,4,2
142,26,0,22,4,2
143,27,1,23,4,2
144,27,0,23,4,2
145,27,0,23,4,2
146,27,0,23,4,2
147,27,0,23,4,2
148,27,0,23,4,2
149,28,1,24,4,2
150,28,0,24,4,2
151,28,0,24,4,2
152,28,0,24,4,2
153,28,0,24,4,2
154,29,1,25,4,2
155,29,0,25,4,2
156,29,0,25,4,2
157,29,0,25,4,2
158,29,0,25,4,2
159,30,1,26,4,2
160,30,0,26,4,2
161,30,0,26,4,2
162,30,0,26,4,2
163,30,0,26,4,2
164,31,1,27,4,2
165,31,0,27,4,2
166,31,0,27,4,2
167,31,0,27,4,2
168,31,0,27,4,2
169,32,1,28,4,2
170,32,0,28,4,2
171,32,0,28,4,2
172,32,0,28,4,2
173,32,0,28,4,2
174,33,1,29,4,2
175,33,0,29,4,2
176,33,0,29,4,2
177,33,0,29,4,2
178,33,0,29,4,2
179,34,1,30,4,2
180,34,0,30,4,2
181,34,0,30,4,2
182,34,0,30,4,2
183,34,0,30,4,2
184,35,1,31,4,2
185,35,0,31,4,2
186,35,0,31,4,2
187,35,0,31,4,2
188,35,0,31,4,2
189,36,1,32,4,2
190,36,0,32,4,2
191,36,0,32,4,2
192,36,0,32,4,2
193,36,0,32,4,2
194,36,0,32,4,2
195,37,1,33,4,2
196,37,0,33,4,2
197,37,0,33,4,2
198,37,0,33,4,2
199,37,0,33,4,2
200,37,0,33,4,2
201,38,1,34,4,2
202,38,0,34,4,2
203,38,0,34,4,2
204,38,0,34,4,2
205,38,0,34,4,2
206,38,0,34,4,2
207,39,1,35,4,2
208,39,0,35,4,2
209,39,0,35,4,2
210,39,0,35,4,2
211,39,0,35,4,2
212,39,0,35,4,2
213,39,0,35,4,2
214,39,0,35,4,2
215,40,1,36,4,2
216,40,0,36,4,2
217,40,0,36,4,2
218,40,0,36,4,2
219,40,0,36,4,2
220,40,0,36,4,2
221,40,0,36,4,2
222,40,0,36,4,2
223,40,0,36,4,2
224,41,1,37,4,2
225,41,0,37,4,2
226,41,0,37,4,2
227,41,0,37,4,2
228,41,0,37,4,2
229,41,0,37,4,2
230,41,0,37,4,2
231,41,0,37,4,2
232,42,1,39,4,2
233,42,0,39,4,2
234,42,0,39,4,2
235,42,0,39,4,2
236,42,0,39,4,2
237,42,0,39,4,2
238,42,0,39,4,2
239,42,0,39,4,2
240,42,0,39,4,2
241,42,0,39,4,2
242,43,1,40,4,2
243,43,0,40,4,2
244,43,0,40,4,2
245,43,0,40,4,2
246,43,0,40,4,2
247,43,0,40,4,2
248,43,0,40,4,2
249,43,0,40,4,2
250,44,1,42,4,2
251,44,0,42,4,2
252,44,0,42,4,2
253,44,0,42,4,2
254,44,0,42,4,2
255,44,0,42,4,2
256,44,0,42,4,2
257,44,0,42,4,2
258,44,0,42,4,2
259,45,1,43,4,2
260,45,0,43,4,2
261,45,0,43,4,2
262,45,0,43,4,2
263,45,0,43,4,2
264,45,0,43,4,2
265,45,0,43,4,2
266,45,0,43,4,2
267,46,1,45,4,2
268,46,0,45,4,2
269,46,0,45,4,2
270,46,0,45,4,2
271,46,0,45,4,2
272,46,0,45,4,2
273,46,0,45,4,2
274,46,0,45,4,2
275,47,1,46,4,2
276,47,0,46,4,2
277,47,0,46,4,2
278,47,0,46,4,2
279,47,0,46,4,2
280,47,0,46,4,2
281,47,0,46,4,2
282,47,0,46,4,2
283,48,1,48,4,2
284,48,0,48,4,2
285,48,0,48,4,2
286,48,0,48,4,2
287,48,0,48,4,2
288,48,0,48,4,2
289,48,0,48,4,2
290,48,0,48,4,2
291,49,1,49,4,2
292,49,0,49,4,2
293,49,0,49,4,2
294,49,0,49,4,2
295,49,0,49,4,2
296,49,0,49,4,2
297,49,0,49,4,2
298,49,0,49,4,2
299,49,0,49,4,2
300,50,1,51,4,2
301,50,0,51,4,2
302,50,0,51,4,2
303,50,0,51,4,2
304,50,0,51,4,2
305,50,0,51,4,2
306,50,0,51,4,2
307,50,0,51,4,2
308,50,0,51,4,2
309,51,1,52,4,2
310,51,0,52,4,2
311,51,0,52,4,2
312,51,0,52,4,2
313,51,0,52,4,2
314,51,0,52,4,2
315,51,0,52,4,2
316,51,0,52,4,2
317,52,1,54,4,2
318,52,0,54,4,2
319,52,0,54,4,2
320,52,0,54,4,2
321,52,0,54,4,2
322,52,0,54,4,2
323,52,0,54,4,2
324,52,0,54,4,2
325,53,1,55,4,2
326,53,0,55,4,2
327,53,0,55,4,2
328,53,0,55,4,2
329,53,0,55,4,2
330,53,0,55,4,2
331,53,0,55,4,2
332,53,0,55,4,2
333,53,0,55,4,2
334,53,0,55,4,2
335,54,1,57,4,2
336,54,0,57,4,2
337,54,0,57,4,2
338,54,0,57,4,2
339,54,0,57,4,2
340,54,0,57,4,2
341,54,0,57,4,2
342,54,0,57,4,2
343,55,1,58,4,2
344,55,0,58,4,2
345,55,0,58,4,2
346,55,0,58,4,2
347,55,0,58,4,2
348,55,0,58,4,2
349,55,0,58,4,2
350,55,0,58,4,2
351,56,1,60,4,2
352,56,0,60,4,2
353,56,0,60,4,2
354,56,0,60,4,2
355,56,0,60,4,2
356,56,0,60,4,2
357,56,0,60,4,2
358,56,0,60,4,2
359,56,0,60,4,2
360,57,1,61,4,2
361,57,0,61,4,2
362,57,0,61,4,2
363,57,0,61,4,2
364,57,0,61,4,2
365,57,0,61,4,2
366,57,0,61,4,2
367,57,0,61,4,2
368,58,1,63,4,2
369,58,0,63,4,2
370,58,0,63,4,2
371,58,0,63,4,2
372,58,0,63,4,2
373,58,0,63,4,2
374,58,0,63,4,2
375,58,0,63,4,2
376,58,0,63,4,2
377,59,1,64,4,2
378,59,0,64,4,2
379,59,0,64,4,2
380,59,0,64,4,2
381,59,0,64,4,2
382,59,0,64,4,2
383,59,0,64,4,2
384,60,1,66,4,2
385,60,0,66,4,2
386,60,0,66,4,2
387,60,0,66,4,2
388,60,0,66,4,2
389,60,0,66,4,2
390,61,1,67,4,2
391,61,0,67,4,2
392,61,0,67,4,2
393,61,0,67,4,2
394,61,0,67,4,2
395,61,0,67,4,2
396,62,1,68,4,2
397,62,0,68,4,2
398,62,0,68,4,2
399,62,0,68,4,2
400,62,0,68,4,2
401,62,0,68,4,2
402,62,0,68,4,2
403,63,1,69,4,2
404,63,0,69,4,2
405,63,0,69,4,2
406,63,0,69,4,2
407,63,0,69,4,2
408,63,0,69,4,2
409,64,1,71,4,2
410,64,0,71,4,2
411,64,0,71,4,2
412,64,0,71,4,2
413,64,0,71,4,2
414,64,0,71,4,2
415,64,0,71,4,2
416,65,1,72,4,2
417,65,0,72,4,2
418,65,0,72,4,2
419,65,0,72,4,2
420,65,0,72,4,2
421,65,0,72,4,2
422,65,0,72,4,2
423,66,1,73,4,2
424,66,0,73,4,2
425,66,0,73,4,2
426,66,0,73,4,2
427,66,0,73,4,2
428,66,0,73,4,2
429,67,1,75,4,2
430,67,0,75,4,2
431,67,0,75,4,2
432,67,0,75,4,2
433,67,0,75,4,2
434,67,0,75,4,2
435,68,1,76,4,2
436,68,0,76,4,2
437,68,0,76,4,2
438,68,0,76,4,2
439,68,0,76,4,2
440,68,0,76,4,2
441,68,0,76,4,2
442,69,1,77,4,2
443,69,0,77,4,2
444,69,0,77,4,2
445,69,0,77,4,2
446,69,0,77,4,2
447,69,0,77,4,2
448,69,0,77,4,2
449,70,1,78,4,2
450,70,0,78,4,2
451,70,0,78,4,2
452,70,0,78,4,2
453,70,0,78,4,2
454,70,0,78,4,2
455,70,0,78,4,2
456,71,1,79,4,2
457,71,0,79,4,2
458,71,0,79,4,2
459,71,0,79,4,2
460,71,0,79,4,2
461,71,0,79,4,2
462,72,1,81,4,2
463,72,0,81,4,2
464,72,0,81,4,2
465,72,0,81,4,2
466,72,0,81,4,2
467,72,0,81,4,2
468,72,0,81,4,2
469,73,1,82,4,2
470,73,0,82,4,2
471,73,0,82,4,2
472,73,0,82,4,2
473,73,0,82,4,2
474,73,0,82,4,2
475,73,0,82,4,2
476,74,1,83,4,2
477,74,0,83,4,2
478,74,0,83,4,2
479,74,0,83,4,2
480,74,0,83,4,2
481,74,0,83,4,2
482,74,0,83,4,2
483,75,1,84,4,2
484,75,0,84,4,2
485,75,0,84,4,2
486,75,0,84,4,2
487,75,0,84,4,2
488,75,0,84,4,2
489,75,0,84,4,2
490,75,0,84,4,2
491,76,1,86,4,2
492,76,0,86,4,2
493,76,0,86,4,2
494,76,0,86,4,2
495,76,0,86,4,2
496,76,0,86,4,2
497,76,0,86,4,2
498,77,1,87,4,2
499,77,0,87,4,2
500,77,0,87,4,2
501,77,0,87,4,2
502,77,0,87,4,2
503,77,0,87,4,2
504,77,0,87,4,2
505,77,0,87,4,2
506,78,1,89,4,2
507,78,0,89,4,2
508,78,0,89,4,2
509,78,0,89,4,2
510,78,0,89,4,2
511,78,0,89,4,2
512,79,1,90,4,2
513,79,0,90,4,2
514,79,0,90,4,2
515,79,0,90,4,2
516,79,0,90,4,2
517,80,1,91,4,2
518,80,0,91,4,2
519,80,0,91,4,2
520,80,0,91,4,2
521,80,0,91,4,2
522,80,0,91,4,2
523,81,1,92,4,2
524,81,0,92,4,2
525,81,0,92,4,2
526,81,0,92,4,2
527,81,0,92,4,2
528,82,1,93,4,2
529,82,0,93,4,2
530,82,0,93,4,2
531,82,0,93,4,2
532,82,0,93,4,2
533,82,0,93,4,2
534,83,1,94,4,2
535,83,0,94,4,2
536,83,0,94,4,2
537,83,0,94,4,2
538,83,0,94,4,2
539,84,1,95,4,2
540,84,0,95,4,2
541,84,0,95,4,2
542,84,0,95,4,2
543,84,0,95,4,2
544,84,0,95,4,2
545,85,1,96,4,2
546,85,0,96,4,2
547,85,0,96,4,2
548,85,0,96,4,2
549,85,0,96,4,2
550,86,1,97,4,2
551,86,0,97,4,2
552,86,0,97,4,2
553,86,0,97,4,2
554,86,0,97,4,2
555,86,0,97,4,2
556,87,1,98,4,2
557,87,0,98,4,2
558,87,0,98,4,2
559,87,0,98,4,2
560,87,0,98,4,2
561,88,1,99,4,2
562,88,0,99,4,2
563,88,0,99,4,2
564,88,0,99,4,2
565,88,0,99,4,2
566,89,1,100,4,2
567,89,0,100,4,2
568,89,0,100,4,2
569,89,0,100,4,2
570,89,0,100,4,2
571,89,0,100,4,2
572,89,0,100,4,2
573,90,1,101,4,2
574,90,0,101,4,2
575,90,0,101,4,2
576,90,0,101,4,2
577,90,0,101,4,2
578,90,0,101,4,2
579,90,0,101,4,2
580,90,0,101,4,2
581,91,1,103,4,2
582,91,0,103,4,2
583,91,0,103,4,2
584,91,0,103,4,2
585,91,0,103,4,2
586,91,0,103,4,2
587,91,0,103,4,2
588,91,0,103,4,2
589,92,1,104,4,2
590,92,0,104,4,2
591,92,0,104,4,2
592,92,0,104,4,2
593,92,0,104,4,2
594,92,0,104,4,2
595,92,0,104,4,2
596,92,0,104,4,2
597,93,1,106,4,2
598,93,0,106,4,2
599,93,0,106,4,2
600,93,0,106,4,2
601,93,0,106,4,2
602,93,0,106,4,2
603,93,0,106,4,2
604,94,1,107,4,2
605,94,0,107,4,2
606,94,0,107,4,2
607,94,0,107,4,2
608,94,0,107,4,2
609,94,0,107,4,2
610,94,0,107,4,2
611,95,1,108,4,2
612,95,0,108,4,2
613,95,0,108,4,2
614,95,0,108,4,2
615,95,0,108,4,2
616,95,0,108,4,2
617,95,0,108,4,2
618,95,0,108,4,2
619,96,1,110,4,2
620,96,0,110,4,2
621,96,0,110,4,2
622,96,0,110,4,2
623,96,0,110,4,2
624,96,0,110,4,2
625,96,0,110,4,2
626,96,0,110,4,2
627,97,1,111,4,2
628,97,0,111,4,2
629,97,0,111,4,2
630,97,0,111,4,2
631,97,0,111,4,2
632,97,0,111,4,2
633,97,0,111,4,2
634,97,0,111,4,2
635,98,1,113,4,2
636,98,0,113,4,2
637,98,0,113,4,2
638,98,0,113,4,2
639,98,0,113,4,2
640,98,0,113,4,2
641,98,0,113,4,2
642,98,0,113,4,2
643,99,1,114,4,2
644,99,0,114,4,2
645,99,0,114,4,2
646,99,0,114,4,2
647,99,0,114,4,2
648,99,0,114,4,2
649,99,0,114,4,2
650,99,0,114,4,2
651,100,1,116,4,2
652,100,0,116,4,2
653,100,0,116,4,2
654,100,0,116,4,2
655,100,0,116,4,2
656,100,0,116,4,2
657,100,0,116,4,2
658,100,0,116,4,2
659,101,1,117,4,2
660,101,0,117,4,2
661,101,0,117,4,2
662,101,0,117,4,2
663,101,0,117,4,2
664,101,0,117,4,2
665,101,0,117,4,2
666,101,0,117,4,2
667,102,1,119,4,2
668,102,0,119,4,2
669,102,0,119,4,2
670,102,0,119,4,2
671,102,0,119,4,2
672,102,0,119,4,2
673,102,0,119,4,2
674,102,0,119,4,2
675,102,0,119,4,2
676,103,1,120,4,2
677,103,0,120,4,2
678,103,0,120,4,2
679,103,0,120,4,2
680,103,0,120,4,2
681,103,0,120,4,2
682,103,0,120,4,2
683,103,0,120,4,2
684,104,1,122,4,2
685,104,0,122,4,2
686,104,0,122,4,2
687,104,0,122,4,2
688,104,0,122,4,2
689,104,0,122,4,2
690,104,0,122,4,2
691,104,0,122,4,2
692,105,1,123,4,2
693,105,0,123,4,2
694,105,0,123,4,2
695,105,0,123,4,2
696,105,0,123,4,2
697,105,0,123,4,2
698,105,0,123,4,2
699,105,0,123,4,2
700,105,0,123,4,2
701,106,1,125,4,2
702,106,0,125,4,2
703,106,0,125,4,2
704,106,0,125,4,2
705,106,0,125,4,2
706,106,0,125,4,2
707,106,0,125,4,2
708,106,0,125,4,2
709,106,0,125,4,2
710,107,1,126,4,2
711,107,0,126,4,2
712,107,0,126,4,2
713,107,0,126,4,2
714,107,0,126,4,2
715,107,0,126,4,2
716,107,0,126,4,2
717,107,0,126,4,2
718,107,0,126,4,2
719,108,1,128,4,2
720,108,0,128,4,2
721,108,0,128,4,2
722,108,0,128,4,2
723,108,0,128,4,2
724,108,0,128,4,2
725,108,0,128,4,2
726,108,0,128,4,2
727,108,0,128,4,2
728,109,1,129,4,2
729,109,0,129,4,2
730,109,0,129,4,2
731,109,0,129,4,2
732,109,0,129,4,2
733,109,0,129,4,2
734,109,0,129,4,2
735,110,1,131,4,2
736,110,0,131,4,2
737,110,0,131,4,2
738,110,0,131,4,2
739,110,0,131,4,2
740,110,0,131,4,2
741,110,0,131,4,2
742,110,0,131,4,2
743,111,1,132,4,2
744,111,0,132,4,2
745,111,0,132,4,2
746,111,0,132,4,2
747,111,0,132,4,2
748,111,0,132,4,2
749,111,0,132,4,2
750,111,0,132,4,2
751,112,1,134,4,2
752,112,0,134,4,2
753,112,0,134,4,2
754,112,0,134,4,2
755,112,0,134,4,2
756,112,0,134,4,2
757,112,0,134,4,2
758,113,1,135,4,2
759,113,0,135,4,2
760,113,0,135,4,2
761,113,0,135,4,2
762,113,0,135,4,2
763,113,0,135,4,2
764,113,0,135,4,2
765,113,0,135,4,2
766,114,1,136,4,2
767,114,0,136,4,2
768,114,0,136,4,2
769,114,0,136,4,2
770,114,0,136,4,2
771,114,0,136,4,2
772,114,0,136,4,2
773,114,0,136,4,2
774,115,1,138,4,2
775,115,0,138,4,2
776,115,0,138,4,2
777,115,0,138,4,2
778,115,0,138,4,2
779,115,0,138,4,2
780,115,0,138,4,2
781,115,0,138,4,2
782,116,1,139,4,2
783,116,0,139,4,2
784,116,0,139,4,2
785,116,0,139,4,2
786,116,0,139,4,2
787,116,0,139,4,2
788,116,0,139,4,2
789,116,0,139,4,2
790,117,1,141,4,2
791,117,0,141,4,2
792,117,0,141,4,2
793,117,0,141,4,2
794,117,0,141,4,2
795,117,0,141,4,2
796,117,0,141,4,2
797,117,0,141,4,2
798,118,1,142,4,2
799,118,0,142,4,2
800,118,0,142,4,2
801,118,0,142,4,2
802,118,0,142,4,2
803,118,0,142,4,2
804,118,0,142,4,2
805,118,0,142,4,2
806,119,1,144,4,2
807,119,0,144,4,2
808,119,0,144,4,2
809,119,0,144,4,2
810,119,0,144,4,2
811,119,0,144,4,2
812,119,0,144,4,2
813,119,0,144,4,2
814,120,1,145,4,2
815,120,0,145,4,2
816,120,0,145,4,2
817,120,0,145,4,2
818,120,0,145,4,2
819,120,0,145,4,2
820,120,0,145,4,2
821,120,0,145,4,2
822,121,1,147,4,2
823,121,0,147,4,2
824,121,0,147,4,2
825,121,0,147,4,2
826,121,0,147,4,2
827,121,0,147,4,2
828,121,0,147,4,2
829,121,0,147,4,2
830,122,1,148,4,2
831,122,0,148,4,2
832,122,0,148,4,2
833,122,0,148,4,2
834,122,0,148,4,2
835,122,0,148,4,2
836,122,0,148,4,2
837,122,0,148,4,2
838,123,1,150,4,2
839,123,0,150,4,2
840,123,0,150,4,2
841,123,0,150,4,2
842,123,0,150,4,2
843,123,0,150,4,2
844,123,0,150,4,2
845,123,0,150,4,2
846,124,1,151,4,2
847,124,0,151,4,2
848,124,0,151,4,2
849,124,0,151,4,2
850,124,0,151,4,2
851,124,0,151,4,2
852,124,0,151,4,2
853,124,0,151,4,2
854,124,0,151,4,2
855,125,1,153,4,2
856,125,0,153,4,2
857,125,0,153,4,2
858,125,0,153,4,2
859,125,0,153,4,2
860,125,0,153,4,2
861,125,0,153,4,2
862,126,1,154,4,2
863,126,0,154,4,2
864,126,0,154,4,2
865,126,0,154,4,2
866,126,0,154,4,2
867,126,0,154,4,2
868,126,0,154,4,2
869,126,0,154,4,2
870,126,0,154,4,2
871,127,1,156,4,2
872,127,0,156,4,2
873,127,0,156,4,2
874,127,0,156,4,2
875,127,0,156,4,2
876,127,0,156,4,2
877,127,0,156,4,2
878,127,0,156,4,2
879,127,0,156,4,2
880,127,0,156,4,2
881,128,1,157,4,2
882,128,0,157,4,2
883,128,0,157,4,2
884,128,0,157,4,2
885,128,0,157,4,2
886,128,0,157,4,2
887,128,0,157,4,2
888,128,0,157,4,2
889,128,0,157,4,2
890,128,0,157,4,2
891,129,1,159,4,2
892,129,0,159,4,2
893,129,0,159,4,2
894,129,0,159,4,2
895,129,0,159,4,2
896,129,0,159,4,2
897,129,0,159,4,2
898,129,0,159,4,2
899,129,0,159,4,2
900,129,0,159,4,2
901,130,1,160,4,2
902,130,0,160,4,2
903,130,0,160,4,2
904,130,0,160,4,2
905,130,0,160,4,2
906,130,0,160,4,2
907,130,0,160,4,2
908,130,0,160,4,2
909,130,0,160,4,2
910,130,0,160,4,2
911,131,1,162,4,2
912,131,0,162,4,2
913,131,0,162,4,2
914,131,0,162,4,2
915,131,0,162,4,2
916,131,0,162,4,2
917,131,0,162,4,2
918,131,0,162,4,2
919,131,0,162,4,2
920,131,0,162,4,2
921,131,0,162,4,2
922,132,1,163,4,2
923,132,0,163,4,2
924,132,0,163,4,2
925,132,0,163,4,2
926,132,0,163,4,2
927,132,0,163,4,2
928,132,0,163,4,2
929,132,0,163,4,2
930,132,0,163,4,2
931,132,0,163,4,2
932,133,1,165,4,2
933,133,0,165,4,2
934,133,0,165,4,2
935,133,0,165,4,2
936,133,0,165,4,2
937,133,0,165,4,2
938,133,0,165,4,2
939,133,0,165,4,2
940,133,0,165,4,2
941,133,0,165,4,2
942,134,1,166,4,2
943,134,0,166,4,2
944,134,0,166,4,2
945,134,0,166,4,2
946,134,0,166,4,2
947,134,0,166,4,2
948,134,0,166,4,2
949,134,0,166,4,2
950,134,0,166,4,2
951,134,0,166,4,2
952,134,0,166,4,2
953,135,1,168,4,2
954,135,0,168,4,2
955,135,0,168,4,2
956,135,0,168,4,2
957,135,0,168,4,2
958,135,0,168,4,2
959,135,0,168,4,2
960,135,0,168,4,2
961,135,0,168,4,2
962,135,0,168,4,2
963,136,1,169,4,2
964,136,0,169,4,2
965,136,0,169,4,2
966,136,0,169,4,2
967,136,0,169,4,2
968,136,0,169,4,2
969,136,0,169,4,2
970,136,0,169,4,2
971,136,0,169,4,2
972,136,0,169,4,2
973,137,1,171,4,2
974,137,0,171,4,2
975,137,0,171,4,2
976,137,0,171,4,2
977,137,0,171,4,2
978,137,0,171,4,2
979,137,0,171,4,2
980,137,0,171,4,2
981,138,1,172,4,2
982,138,0,172,4,2
983,138,0,172,4,2
984,138,0,172,4,2
985,138,0,172,4,2
986,138,0,172,4,2
987,138,0,172,4,2
988,138,0,172,4,2
989,139,1,174,4,2
990,139,0,174,4,2
991,139,0,174,4,2
992,139,0,174,4,2
993,139,0,174,4,2
994,139,0,174,4,2
995,139,0,174,4,2
996,139,0,174,4,2
997,140,1,175,4,2
998,140,0,175,4,2
999,140,0,175,4,2
1000,140,0,175,4,2
1001,140,0,175,4,2
1002,140,0,175,4,2
1003,140,0,175,4,2
1004,141,1,177,4,2
1005,141,0,177,4,2
1006,141,0,177,4,2
1007,141,0,177,4,2
1008,141,0,177,4,2
1009,141,0,177,4,2
1010,141,0,177,4,2
1011,142,1,178,4,2
1012,142,0,178,4,2
1013,142,0,178,4,2
1014,142,0,178,4,2
1015,142,0,178,4,2
1016,142,0,178,4,2
1017,142,0,178,4,2
1018,142,0,178,4,2
1019,143,1,179,4,2
1020,143,0,179,4,2
1021,143,0,179,4,2
1022,143,0,179,4,2
1023,143,0,179,4,2
1024,143,0,179,4,2
1025,143,0,179,4,2
1026,144,1,181,4,2
1027,144,0,181,4,2
1028,144,0,181,4,2
1029,144,0,181,4,2
1030,144,0,181,4,2
1031,144,0,181,4,2
1032,144,0,181,4,2
1033,144,0,181,4,2
1034,145,1,182,4,2
1035,145,0,182,4,2
1036,145,0,182,4,2
1037,145,0,182,4,2
1038,145,0,182,4,2
1039,145,0,182,4,2
1040,145,0,182,4,2
1041,145,0,182,4,2
1042,145,0,182,4,2
1043,146,1,184,4,2
1044,146,0,184,4,2
1045,146,0,184,4,2
1046,146,0,184,4,2
1047,146,0,184,4,2
1048,146,0,184,4,2
1049,146,0,184,4,2
1050,147,1,185,4,2
1051,147,0,185,4,2
1052,147,0,185,4,2
1053,147,0,185,4,2
1054,147,0,185,4,2
1055,147,0,185,4,2
1056,147,0,185,4,2
1057,148,1,186,4,2
1058,148,0,186,4,2
1059,148,0,186,4,2
1060,148,0,186,4,2
1061,148,0,186,4,2
1062,148,0,186,4,2
1063,148,0,186,4,2
1064,149,1,188,4,2
1065,149,0,188,4,2
1066,149,0,188,4,2
1067,149,0,188,4,2
1068,149,0,188,4,2
1069,149,0,188,4,2
1070,149,0,188,4,2
1071,150,1,189,4,2
1072,150,0,189,4,2
1073,150,0,189,4,2
1074,150,0,189,4,2
1075,150,0,189,4,2
1076,150,0,189,4,2
1077,150,0,189,4,2
1078,151,1,190,4,2
1079,151,0,190,4,2
1080,151,0,190,4,2
1081,151,0,190,4,2
1082,151,0,190,4,2
1083,151,0,190,4,2
1084,151,0,190,4,2
1085,151,0,190,4,2
1086,152,1,192,4,2
1087,152,0,192,4,2
1088,152,0,192,4,2
1089,152,0,192,4,2
1090,152,0,192,4,2
1091,152,0,192,4,2
1092,152,0,192,4,2
1093,152,0,192,4,2
1094,152,0,192,4,2
1095,152,0,192,4,2
1096,153,1,193,4,2
1097,153,0,193,4,2
1098,153,0,193,4,2
1099,153,0,193,4,2
1100,153,0,193,4,2
1101,153,0,193,4,2
1102,153,0,193,4,2
1103,153,0,193,4,2
1104,153,0,193,4,2
1105,154,1,195,4,2
1106,154,0,195,4,2
1107,154,0,195,4,2
1108,154,0,195,4,2
1109,154,0,195,4,2
1110,154,0,195,4,2
1111,154,0,195,4,2
1112,154,0,195,4,2
1113,154,0,195,4,2
1114,154,0,195,4,2
1115,155,1,196,4,2
1116,155,0,196,4,2
1117,155,0,196,4,2
1118,155,0,196,4,2
1119,155,0,196,4,2
1120,155,0,196,4,2
1121,155,0,196,4,2
1122,155,0,196,4,2
1123,155,0,196,4,2
1124,155,0,196,4,2
1125,155,0,196,4,2
1126,155,0,196,4,2
1127,156,1,198,4,2
1128,156,0,198,4,2
1129,156,0,198,4,2
1130,156,0,198,4,2
1131,156,0,198,4,2
1132,156,0,198,4,2
1133,156,0,198,4,2
1134,156,0,198,4,2
1135,156,0,198,4,2
1136,156,0,198,4,2
1137,156,0,198,4,2
1138,157,1,199,4,2
1139,157,0,199,4,2
1140,157,0,199,4,2
1141,157,0,199,4,2
1142,157,0,199,4,2
1143,157,0,199,4,2
1144,157,0,199,4,2
1145,157,0,199,4,2
1146,157,0,199,4,2
1147,157,0,199,4,2
1148,157,0,199,4,2
1149,157,0,199,4,2
1150,157,0,199,4,2
1151,158,1,201,4,2
1152,158,0,201,4,2
1153,158,0,201,4,2
1154,158,0,201,4,2
1155,158,0,201,4,2
1156,158,0,201,4,2
1157,158,0,201,4,2
1158,158,0,201,4,2
1159,158,0,201,4,2
1160,158,0,201,4,2
1161,158,0,201,4,2
1162,158,0,201,4,2
1163,159,1,202,4,2
1164,159,0,202,4,2
1165,159,0,202,4,2
1166,159,0,202,4,2
1167,159,0,202,4,2
1168,159,0,202,4,2
1169,159,0,202,4,2
1170,159,0,202,4,2
1171,159,0,202,4,2
1172,159,0,202,4,2
1173,159,0,202,4,2
1174,159,0,202,4,2
1175,160,1,204,4,2
1176,160,0,204,4,2
1177,160,0,204,4,2
1178,160,0,204,4,2
1179,160,0,204,4,2
1180,160,0,204,4,2
1181,160,0,204,4,2
1182,160,0,204,4,2
1183,160,0,204,4,2
1184,160,0,204,4,2
1185,160,0,204,4,2
1186,160,0,204,4,2
1187,161,1,205,4,2
1188,161,0,205,4,2
1189,161,0,205,4,2
1190,161,0,205,4,2
1191,161,0,205,4,2
1192,161,0,205,4,2
1193,161,0,205,4,2
1194,161,0,205,4,2
1195,161,0,205,4,2
1196,161,0,205,4,2
1197,161,0,205,4,2
1198,161,0,205,4,2
1199,162,1,207,4,2
1200,162,0,207,4,2
1201,162,0,207,4,2
1202,162,0,207,4,2
1203,162,0,207,4,2
1204,162,0,207,4,2
1205,162,0,207,4,2
1206,162,0,207,4,2
1207,162,0,207,4,2
1208,162,0,207,4,2
1209,162,0,207,4,2
1210,162,0,207,4,2
1211,162,0,207,4,2
1212,163,1,208,4,2
1213,163,0,208,4,2
1214,163,0,208,4,2
1215,163,0,208,4,2
1216,163,0,208,4,2
1217,163,0,208,4,2
1218,163,0,208,4,2
1219,163,0,208,4,2
1220,163,0,208,4,2
1221,163,0,208,4,2
1222,163,0,208,4,2
1223,163,0,208,4,2
1224,164,1,210,4,2
1225,164,0,210,4,2
1226,164,0,210,4,2
1227,164,0,210,4,2
1228,164,0,210,4,2
1229,164,0,210,4,2
1230,164,0,210,4,2
1231,164,0,210,4,2
1232,164,0,210,4,2
1233,164,0,210,4,2
1234,164,0,210,4,2
1235,164,0,210,4,2
1236,165,1,211,4,2
1237,165,0,211,4,2
1238,165,0,211,4,2
1239,165,0,211,4,2
1240,165,0,211,4,2
1241,165,0,211,4,2
1242,165,0,211,4,2
1243,165,0,211,4,2
1244,165,0,211,4,2
1245,165,0,211,4,2
1246,165,0,211,4,2
1247,165,0,211,4,2
1248,165,0,211,4,2
1249,165,0,211,4,2
1250,166,1,213,4,2
1251,166,0,213,4,2
1252,166,0,213,4,2
1253,166,0,213,4,2
1254,166,0,213,4,2
1255,166,0,213,4,2
1256,166,0,213,4,2
1257,166,0,213,4,2
1258,166,0,213,4,2
1259,166,0,213,4,2
1260,166,0,213,4,2
1261,166,0,213,4,2
1262,166,0,213,4,2
1263,166,0,213,4,2
1264,166,0,213,4,2
1265,167,1,214,4,2
1266,167,0,214,4,2
1267,167,0,214,4,2
1268,167,0,214,4,2
1269,167,0,214,4,2
1270,167,0,214,4,2
1271,167,0,214,4,2
1272,167,0,214,4,2
1273,167,0,214,4,2
1274,167,0,214,4,2
1275,167,0,214,4,2
1276,167,0,214,4,2
1277,167,0,214,4,2
1278,167,0,214,4,2
1279,167,0,214,4,2
1280,167,0,214,4,2
1281,168,1,216,4,2
1282,168,0,216,4,2
1283,168,0,216,4,2
1284,168,0,216,4,2
1285,168,0,216,4,2
1286,168,0,216,4,2
1287,168,0,216,4,2
1288,168,0,216,4,2
1289,168,0,216,4,2
1290,168,0,216,4,2
1291,168,0,216,4,2
1292,168,0,216,4,2
1293,168,0,216,4,2
1294,168,0,216,4,2
1295,168,0,216,4,2
1296,169,1,217,4,2
1297,169,0,217,4,2
1298,169,0,217,4,2
1299,169,0,217,4,2
1300,169,0,217,4,2
1301,169,0,217,4,2
1302,169,0,217,4,2
1303,169,0,217,4,2
1304,169,0,217,4,2
1305,169,0,217,4,2
1306,169,0,217,4,2
1307,169,0,217,4,2
1308,169,0,217,4,2
1309,169,0,217,4,2
1310,169,0,217,4,2
1311,170,1,219,4,2
1312,170,0,219,4,2
1313,170,0,219,4,2
1314,170,0,219,4,2
1315,170,0,219,4,2
1316,170,0,219,4,2
1317,170,0,219,4,2
1318,170,0,219,4,2
1319,170,0,219,4,2
1320,170,0,219,4,2
1321,170,0,219,4,2
1322,170,0,219,4,2
1323,170,0,219,4,2
1324,170,0,219,4,2
1325,171,1,220,4,2
1326,171,0,220,4,2
1327,171,0,220,4,2
1328,171,0,220,4,2
1329,171,0,220,4,2
1330,171,0,220,4,2
1331,171,0,220,4,2
1332,171,0,220,4,2
1333,171,0,220,4,2
1334,171,0,220,4,2
1335,171,0,220,4,2
1336,171,0,220,4,2
1337,172,1,222,4,2
1338,172,0,222,4,2
1339,172,0,222,4,2
1340,172,0,222,4,2
1341,172,0,222,4,2
1342,172,0,222,4,2
1343,172,0,222,4,2
1344,172,0,222,4,2
1345,172,0,222,4,2
1346,172,0,222,4,2
1347,172,0,222,4,2
1348,172,0,222,4,2
1349,173,1,223,4,2
1350,173,0,223,4,2
1351,173,0,223,4,2
1352,173,0,223,4,2
1353,173,0,223,4,2
1354,173,0,223,4,2
1355,173,0,223,4,2
1356,173,0,223,4,2
1357,173,0,223,4,2
1358,173,0,223,4,2
1359,173,0,223,4,2
1360,173,0,223,4,2
1361,174,1,225,4,2
1362,174,0,225,4,2
1363,174,0,225,4,2
1364,174,0,225,4,2
1365,174,0,225,4,2
1366,174,0,225,4,2
1367,174,0,225,4,2
1368,174,0,225,4,2
1369,174,0,225,4,2
1370,174,0,225,4,2
1371,174,0,225,4,2
1372,174,0,225,4,2
1373,175,1,226,4,2
1374,175,0,226,4,2
1375,175,0,226,4,2
1376,175,0,226,4,2
1377,175,0,226,4,2
1378,175,0,226,4,2
1379,175,0,226,4,2
1380,175,0,226,4,2
1381,175,0,226,4,2
1382,175,0,226,4,2
1383,175,0,226,4,2
1384,176,1,228,4,2
1385,176,0,228,4,2
1386,176,0,228,4,2
1387,176,0,228,4,2
1388,176,0,228,4,2
1389,176,0,228,4,2
1390,176,0,228,4,2
1391,176,0,228,4,2
1392,176,0,228,4,2
1393,176,0,228,4,2
1394,176,0,228,4,2
1395,176,0,228,4,2
1396,177,1,229,4,2
1397,177,0,229,4,2
1398,177,0,229,4,2
1399,177,0,229,4,2
1400,177,0,229,4,2
1401,177,0,229,4,2
1402,177,0,229,4,2
1403,177,0,229,4,2
1404,177,0,229,4,2
1405,177,0,229,4,2
1406,177,0,229,4,2
1407,177,0,229,4,2
1408,178,1,231,4,2
1409,178,0,231,4,2
1410,178,0,231,4,2
1411,178,0,231,4,2
1412,178,0,231,4,2
1413,178,0,231,4,2
1414,178,0,231,4,2
1415,178,0,231,4,2
1416,178,0,231,4,2
1417,178,0,231,4,2
1418,178,0,231,4,2
1419,178,0,231,4,2
1420,179,1,232,4,2
1421,179,0,232,4,2
1422,179,0,232,4,2
1423,179,0,232,4,2
1424,179,0,232,4,2
1425,179,0,232,4,2
1426,179,0,232,4,2
1427,179,0,232,4,2
1428,179,0,232,4,2
1429,179,0,232,4,2
1430,179,0,232,4,2
1431,179,0,232,4,2
1432,179,0,232,4,2
1433,180,1,234,4,2
1434,180,0,234,4,2
1435,180,0,234,4,2
1436,180,0,234,4,2
1437,180,0,234,4,2
1438,180,0,234,4,2
1439,180,0,234,4,2
1440,180,0,234,4,2
1441,180,0,234,4,2
1442,180,0,234,4,2
1443,180,0,234,4,2
1444,180,0,234,4,2
1445,181,1,235,4,2
1446,181,0,235,4,2
1447,181,0,235,4,2
1448,181,0,235,4,2
1449,181,0,235,4,2
1450,181,0,235,4,2
1451,181,0,235,4,2
1452,181,0,235,4,2
1453,181,0,235,4,2
1454,181,0,235,4,2
1455,181,0,235,4,2
1456,181,0,235,4,2
1457,182,1,237,4,2
1458,182,0,237,4,2
1459,182,0,237,4,2
1460,182,0,237,4,2
1461,182,0,237,4,2
1462,182,0,237,4,2
1463,182,0,237,4,2
1464,182,0,237,4,2
1465,182,0,237,4,2
1466,182,0,237,4,2
1467,182,0,237,4,2
1468,182,0,237,4,2
1469,183,1,238,4,2
1470,183,0,238,4,2
1471,183,0,238,4,2
1472,183,0,238,4,2
1473,183,0,238,4,2
1474,183,0,238,4,2
1475,183,0,238,4,2
1476,183,0,238,4,2
1477,183,0,238,4,2
1478,183,0,238,4,2
1479,183,0,238,4,2
1480,183,0,238,4,2
1481,183,0,238,4,2
1482,184,1,240,4,2
1483,184,0,240,4,2
1484,184,0,240,4,2
1485,184,0,240,4,2
1486,184,0,240,4,2
1487,184,0,240,4,2
1488,184,0,240,4,2
1489,184,0,240,4,2
1490,184,0,240,4,2
1491,184,0,240,4,2
1492,184,0,240,4,2
1493,185,1,241,4,2
1494,185,0,241,4,2
1495,185,0,241,4,2
1496,185,0,241,4,2
1497,185,0,241,4,2
1498,185,0,241,4,2
1499,185,0,241,4,2
1500,185,0,241,4,2
1501,185,0,241,4,2
1502,185,0,241,4,2
1503,186,1,243,4,2
1504,186,0,243,4,2
1505,186,0,243,4,2
1506,186,0,243,4,2
1507,186,0,243,4,2
1508,186,0,243,4,2
1509,186,0,243,4,2
1510,186,0,243,4,2
1511,186,0,243,4,2
1512,186,0,243,4,2
1513,187,1,244,4,2
1514,187,0,244,4,2
1515,187,0,244,4,2
1516,187,0,244,4,2
1517,187,0,244,4,2
1518,187,0,244,4,2
1519,187,0,244,4,2
1520,187,0,244,4,2
1521,187,0,244,4,2
1522,188,1,246,4,2
1523,188,0,246,4,2
1524,188,0,246,4,2
1525,188,0,246,4,2
1526,188,0,246,4,2
1527,188,0,246,4,2
1528,188,0,246,4,2
1529,188,0,246,4,2
1530,189,1,247,4,2
1531,189,0,247,4,2
1532,189,0,247,4,2
1533,189,0,247,4,2
1534,189,0,247,4,2
1535,189,0,247,4,2
1536,189,0,247,4,2
1537,190,1,249,4,2
1538,190,0,249,4,2
1539,190,0,249,4,2
1540,190,0,249,4,2
1541,190,0,249,4,2
1542,190,0,249,4,2
1543,190,0,249,4,2
1544,191,1,250,4,2
1545,191,0,250,4,2
1546,191,0,250,4,2
1547,191,0,250,4,2
1548,191,0,250,4,2
1549,191,0,250,4,2
1550,192,1,251,4,2
1551,192,0,251,4,2
1552,192,0,251,4,2
1553,192,0,251,4,2
1554,192,0,251,4,2
1555,192,0,251,4,2
1556,193,1,252,4,2
1557,193,0,252,4,2
1558,193,0,252,4,2
1559,193,0,252,4,2
1560,193,0,252,4,2
1561,193,0,252,4,2
1562,194,1,254,4,2
1563,194,0,254,4,2
1564,194,0,254,4,2
1565,194,0,254,4,2
1566,194,0,254,4,2
1567,194,0,254,4,2
1568,194,0,254,4,2
1569,194,0,254,4,2
1570,195,1,255,4,2
1571,195,0,255,4,2
1572,195,0,255,4,2
1573,195,0,255,4,2
1574,195,0,255,4,2
1575,195,0,255,4,2
1576,195,0,255,4,2
1577,195,0,255,4,2
1578,195,0,255,4,2
1579,196,1,256,4,2
1580,196,0,256,4,2
1581,196,0,256,4,2
1582,196,0,256,4,2
1583,196,0,256,4,2
1584,196,0,256,4,2
1585,196,0,256,4,2
1586,196,0,256,4,2
1587,197,1,258,4,2
1588,197,0,258,4,2
1589,197,0,258,4,2
1590,197,0,258,4,2
1591,197,0,258,4,2
1592,197,0,258,4,2
1593,197,0,258,4,2
1594,197,0,258,4,2
1595,197,0,258,4,2
1596,198,1,259,4,2
1597,198,0,259,4,2
1598,198,0,259,4,2
1599,198,0,259,4,2
1600,198,0,259,4,2
1601,198,0,259,4,2
1602,198,0,259,4,2
1603,198,0,259,4,2
1604,199,1,261,4,2
1605,199,0,261,4,2
1606,199,0,261,4,2
1607,199,0,261,4,2
1608,199,0,261,4,2
1609,199,0,261,4,2
1610,199,0,261,4,2
1611,199,0,261,4,2
1612,199,0,261,4,2
1613,200,1,262,4,2
1614,200,0,262,4,2
1615,200,0,262,4,2
1616,200,0,262,4,2
1617,200,0,262,4,2
1618,200,0,262,4,2
1619,200,0,262,4,2
1620,200,0,262,4,2
1621,200,0,262,4,2
1622,201,1,264,4,2
1623,201,0,264,4,2
1624,201,0,264,4,2
1625,201,0,264,4,2
1626,201,0,264,4,2
1627,201,0,264,4,2
1628,201,0,264,4,2
1629,201,0,264,4,2
1630,202,1,265,4,2
1631,202,0,265,4,2
1632,202,0,265,4,2
1633,202,0,265,4,2
1634,202,0,265,4,2
1635,202,0,265,4,2
1636,202,0,265,4,2
1637,202,0,265,4,2
1638,202,0,265,4,2
1639,203,1,267,4,2
1640,203,0,267,4,2
1641,203,0,267,4,2
1642,203,0,267,4,2
1643,203,0,267,4,2
1644,203,0,267,4,2
1645,203,0,267,4,2
1646,203,0,267,4,2
1647,204,1,268,4,2
1648,204,0,268,4,2
1649,204,0,268,4,2
1650,204,0,268,4,2
1651,204,0,268,4,2
1652,204,0,268,4,2
1653,204,0,268,4,2
1654,204,0,268,4,2
1655,204,0,268,4,2
1656,205,1,270,4,2
1657,205,0,270,4,2
1658,205,0,270,4,2
1659,205,0,270,4,2
1660,205,0,270,4,2
1661,205,0,270,4,2
1662,205,0,270,4,2
1663,206,1,271,4,2
1664,206,0,271,4,2
1665,206,0,271,4,2
1666,206,0,271,4,2
1667,206,0,271,4,2
1668,206,0,271,4,2
1669,207,1,273,4,2
1670,207,0,273,4,2
1671,207,0,273,4,2
1672,207,0,273,4,2
1673,207,0,273,4,2
1674,207,0,273,4,2
1675,208,1,274,4,2
1676,208,0,274,4,2
1677,208,0,274,4,2
1678,208,0,274,4,2
1679,208,0,274,4,2
1680,208,0,274,4,2
1681,209,1,275,4,2
1682,209,0,275,4,2
1683,209,0,275,4,2
1684,209,0,275,4,2
1685,209,0,275,4,2
1686,210,1,276,4,2
1687,210,0,276,4,2
1688,210,0,276,4,2
1689,210,0,276,4,2
1690,210,0,276,4,2
1691,210,0,276,4,2
1692,211,1,277,4,2
1693,211,0,277,4,2
1694,211,0,277,4,2
1695,211,0,277,4,2
1696,211,0,277,4,2
1697,211,0,277,4,2
1698,212,1,278,4,2
1699,212,0,278,4,2
1700,212,0,278,4,2
1701,212,0,278,4,2
1702,212,0,278,4,2
1703,213,1,279,4,2
1704,213,0,279,4,2
1705,213,0,279,4,2
1706,213,0,279,4,2
1707,213,0,279,4,2
1708,213,0,279,4,2
1709,213,0,279,4,2
1710,214,1,280,4,2
1711,214,0,280,4,2
1712,214,0,280,4,2
1713,214,0,280,4,2
1714,214,0,280,4,2
1715,214,0,280,4,2
1716,215,1,281,4,2
1717,215,0,281,4,2
1718,215,0,281,4,2
1719,215,0,281,4,2
1720,215,0,281,4,2
1721,215,0,281,4,2
1722,216,1,282,4,2
1723,216,0,282,4,2
1724,216,0,282,4,2
1725,216,0,282,4,2
1726,216,0,282,4,2
1727,216,0,282,4,2
1728,217,1,284,4,2
1729,217,0,284,4,2
1730,217,0,284,4,2
1731,217,0,284,4,2
1732,217,0,284,4,2
1733,217,0,284,4,2
1734,218,1,285,4,2
1735,218,0,285,4,2
1736,218,0,285,4,2
1737,218,0,285,4,2
1738,218,0,285,4,2
1739,218,0,285,4,2
1740,219,1,286,4,2
1741,219,0,286,4,2
1742,219,0,286,4,2
1743,219,0,286,4,2
1744,219,0,286,4,2
1745,220,1,287,4,2
1746,220,0,287,4,2
1747,220,0,287,4,2
1748,220,0,287,4,2
1749,220,0,287,4,2
1750,220,0,287,4,2
1751,221,1,288,4,2
1752,221,0,288,4,2
1753,221,0,288,4,2
1754,221,0,288,4,2
1755,221,0,288,4,2
1756,221,0,288,4,2
1757,222,1,289,4,2
1758,222,0,289,4,2
1759,222,0,289,4,2
1760,222,0,289,4,2
1761,222,0,289,4,2
1762,223,1,290,4,2
1763,223,0,290,4,2
1764,223,0,290,4,2
1765,223,0,290,4,2
1766,223,0,290,4,2
1767,223,0,290,4,2
1768,224,1,291,4,2
1769,224,0,291,4,2
1770,224,0,291,4,2
1771,224,0,291,4,2
1772,224,0,291,4,2
1773,224,0,291,4,2
1774,225,1,292,4,2
1775,225,0,292,4,2
1776,225,0,292,4,2
1777,225,0,292,4,2
1778,225,0,292,4,2
1779,226,1,293,4,2
1780,226,0,293,4,2
1781,226,0,293,4,2
1782,226,0,293,4,2
1783,226,0,293,4,2
1784,226,0,293,4,2
1785,227,1,294,4,2
1786,227,0,294,4,2
1787,227,0,294,4,2
1788,227,0,294,4,2
1789,227,0,294,4,2
1790,227,0,294,4,2
1791,228,1,295,4,2
1792,228,0,295,4,2
1793,228,0,295,4,2
1794,228,0,295,4,2
1795,228,0,295,4,2
1796,228,0,295,4,2
1797,229,1,297,4,2
1798,229,0,297,4,2
1799,229,0,297,4,2
1800,229,0,297,4,2
1801,229,0,297,4,2
1802,229,0,297,4,2
1803,230,1,298,4,2
1804,230,0,298,4,2
1805,230,0,298,4,2
1806,230,0,298,4,2
1807,230,0,298,4,2
1808,231,1,299,4,2
1809,231,0,299,4,2
1810,231,0,299,4,2
1811,231,0,299,4,2
1812,231,0,299,4,2
1813,231,0,299,4,2
1814,232,1,300,4,2
1815,232,0,300,4,2
1816,232,0,300,4,2
1817,232,0,300,4,2
1818,232,0,300,4,2
1819,232,0,300,4,2
1820,233,1,301,4,2
1821,233,0,301,4,2
1822,233,0,301,4,2
1823,233,0,301,4,2
1824,233,0,301,4,2
1825,233,0,301,4,2
1826,234,1,302,4,2
1827,234,0,302,4,2
1828,234,0,302,4,2
1829,234,0,302,4,2
1830,234,0,302,4,2
1831,235,1,303,4,2
1832,235,0,303,4,2
1833,235,0,303,4,2
1834,235,0,303,4,2
1835,235,0,303,4,2
1836,235,0,303,4,2
1837,236,1,304,4,2
1838,236,0,304,4,2
1839,236,0,304,4,2
1840,236,0,304,4,2
1841,236,0,304,4,2
1842,236,0,304,4,2
1843,237,1,305,4,2
1844,237,0,305,4,2
1845,237,0,305,4,2
1846,237,0,305,4,2
1847,237,0,305,4,2
1848,237,0,305,4,2
1849,238,1,306,4,2
1850,238,0,306,4,2
1851,238,0,306,4,2
1852,238,0,306,4,2
1853,238,0,306,4,2
1854,238,0,306,4,2
1855,239,1,307,4,2
1856,239,0,307,4,2
1857,239,0,307,4,2
1858,239,0,307,4,2
1859,239,0,307,4,2
1860,240,1,309,4,2
1861,240,0,309,4,2
1862,240,0,309,4,2
1863,240,0,309,4,2
1864,240,0,309,4,2
1865,240,0,309,4,2
1866,241,1,309,4,2
1867,241,0,309,4,2
1868,241,0,309,4,2
1869,241,0,309,4,2
1870,241,0,309,4,2
1871,241,0,309,4,2
1872,242,1,311,4,2
1873,242,0,311,4,2
1874,242,0,311,4,2
1875,242,0,311,4,2
1876,242,0,311,4,2
1877,242,0,311,4,2
1878,243,1,312,4,2
1879,243,0,312,4,2
1880,243,0,312,4,2
1881,243,0,312,4,2
1882,243,0,312,4,2
1883,243,0,312,4,2
1884,244,1,313,4,2
1885,244,0,313,4,2
1886,244,0,313,4,2
1887,244,0,313,4,2
1888,244,0,313,4,2
1889,244,0,313,4,2
1890,245,1,314,4,2
1891,245,0,314,4,2
1892,245,0,314,4,2
1893,245,0,314,4,2
1894,245,0,314,4,2
1895,245,0,314,4,2
1896,246,1,315,4,2
1897,246,0,315,4,2
1898,246,0,315,4,2
1899,246,0,315,4,2
1900,246,0,315,4,2
1901,246,0,315,4,2
1902,247,1,316,4,2
1903,247,0,316,4,2
1904,247,0,316,4,2
1905,247,0,316,4,2
1906,247,0,316,4,2
1907,247,0,316,4,2
1908,248,1,317,4,2
1909,248,0,317,4,2
1910,248,0,317,4,2
1911,248,0,317,4,2
1912,248,0,317,4,2
1913,248,0,317,4,2
1914,249,1,318,4,2
1915,249,0,318,4,2
1916,249,0,318,4,2
1917,249,0,318,4,2
1918,249,0,318,4,2
1919,249,0,318,4,2
1920,250,1,320,4,2
1921,250,0,320,4,2
1922,250,0,320,4,2
1923,250,0,320,4,2
1924,250,0,320,4,2
1925,250,0,320,4,2
1926,251,1,321,4,2
1927,251,0,321,4,2
1928,251,0,321,4,2
1929,251,0,321,4,2
1930,251,0,321,4,2
1931,251,0,321,4,2
1932,252,1,322,4,2
1933,252,0,322,4,2
1934,252,0,322,4,2
1935,252,0,322,4,2
1936,252,0,322,4,2
1937,252,0,322,4,2
1938,253,1,323,4,2
1939,253,0,323,4,2
1940,253,0,323,4,2
1941,253,0,323,4,2
1942,253,0,323,4,2
1943,253,0,323,4,2
1944,254,1,324,4,2
1945,254,0,324,4,2
1946,254,0,324,4,2
1947,254,0,324,4,2
1948,254,0,324,4,2
1949,254,0,324,4,2
1950,254,0,324,4,2
1951,255,1,325,4,2
1952,255,0,325,4,2
1953,255,0,325,4,2
1954,255,0,325,4,2
1955,255,0,325,4,2
1956,255,0,325,4,2
1957,256,1,327,4,2
1958,256,0,327,4,2
1959,256,0,327,4,2
1960,256,0,327,4,2
1961,256,0,327,4,2
1962,256,0,327,4,2
1963,256,0,327,4,2
1964,256,0,327,4,2
1965,257,1,328,4,2
1966,257,0,328,4,2
1967,257,0,328,4,2
1968,257,0,328,4,2
1969,257,0,328,4,2
1970,257,0,328,4,2
1971,257,0,328,4,2
1972,258,1,329,4,2
1973,258,0,329,4,2
1974,258,0,329,4,2
1975,258,0,329,4,2
1976,258,0,329,4,2
1977,258,0,329,4,2
1978,259,1,330,4,2
1979,259,0,330,4,2
1980,259,0,330,4,2
1981,259,0,330,4,2
1982,259,0,330,4,2
1983,259,0,330,4,2
1984,259,0,330,4,2
1985,260,1,332,4,2
1986,260,0,332,4,2
1987,260,0,332,4,2
1988,260,0,332,4,2
1989,260,0,332,4,2
1990,260,0,332,4,2
1991,260,0,332,4,2
1992,261,1,333,4,2
1993,261,0,333,4,2
1994,261,0,333,4,2
1995,261,0,333,4,2
1996,261,0,333,4,2
1997,261,0,333,4,2
1998,262,1,334,4,2
1999,262,0,334,4,2
2000,262,0,334,4,2
2001,262,0,334,4,2
2002,262,0,334,4,2
2003,262,0,334,4,2
2004,263,1,335,4,2
2005,263,0,335,4,2
2006,263,0,335,4,2
2007,263,0,335,4,2
2008,263,0,335,4,2
2009,263,0,335,4,2
2010,264,1,336,4,2
2011,264,0,336,4,2
2012,264,0,336,4,2
2013,264,0,336,4,2
2014,264,0,336,4,2
2015,264,0,336,4,2
2016,265,1,338,4,2
2017,265,0,338,4,2
2018,265,0,338,4,2
2019,265,0,338,4,2
2020,265,0,338,4,2
2021,265,0,338,4,2
2022,265,0,338,4,2
2023,266,1,339,4,2
2024,266,0,339,4,2
2025,266,0,339,4,2
2026,266,0,339,4,2
2027,266,0,339,4,2
2028,266,0,339,4,2
2029,267,1,340,4,2
2030,267,0,340,4,2
2031,267,0,340,4,2
2032,267,0,340,4,2
2033,267,0,340,4,2
2034,267,0,340,4,2
2035,268,1,341,4,2
2036,268,0,341,4,2
2037,268,0,341,4,2
2038,268,0,341,4,2
2039,268,0,341,4,2
2040,268,0,341,4,2
2041,269,1,342,4,2
2042,269,0,342,4,2
2043,269,0,342,4,2
2044,269,0,342,4,2
2045,269,0,342,4,2
2046,269,0,342,4,2
2047,270,1,343,4,2
2048,270,0,343,4,2
2049,270,0,343,4,2
2050,270,0,343,4,2
2051,270,0,343,4,2
2052,270,0,343,4,2
2053,270,0,343,4,2
2054,271,1,345,4,2
2055,271,0,345,4,2
2056,271,0,345,4,2
2057,271,0,345,4,2
2058,271,0,345,4,2
2059,271,0,345,4,2
2060,272,1,346,4,2
2061,272,0,346,4,2
2062,272,0,346,4,2
2063,272,0,346,4,2
2064,272,0,346,4,2
2065,272,0,346,4,2
2066,273,1,347,4,2
2067,273,0,347,4,2
2068,273,0,347,4,2
2069,273,0,347,4,2
2070,273,0,347,4,2
2071,273,0,347,4,2
2072,274,1,348,4,2
2073,274,0,348,4,2
2074,274,0,348,4,2
2075,274,0,348,4,2
2076,274,0,348,4,2
2077,274,0,348,4,2
2078,275,1,349,4,2
2079,275,0,349,4,2
2080,275,0,349,4,2
2081,275,0,349,4,2
2082,275,0,349,4,2
2083,275,0,349,4,2
2084,276,1,350,4,2
2085,276,0,350,4,2
2086,276,0,350,4,2
2087,276,0,350,4,2
2088,276,0,350,4,2
2089,276,0,350,4,2
2090,277,1,351,4,2
2091,277,0,351,4,2
2092,277,0,351,4,2
2093,277,0,351,4,2
2094,277,0,351,4,2
2095,277,0,351,4,2
2096,278,1,353,4,2
2097,278,0,353,4,2
2098,278,0,353,4,2
2099,278,0,353,4,2
2100,278,0,353,4,2
2101,278,0,353,4,2
2102,278,0,353,4,2
2103,279,1,354,4,2
2104,279,0,354,4,2
2105,279,0,354,4,2
2106,279,0,354,4,2
2107,279,0,354,4,2
2108,279,0,354,4,2
2109,279,0,354,4,2
2110,279,0,354,4,2
2111,279,0,354,4,2
2112,279,0,354,4,2
2113,279,0,354,4,2
2114,279,0,354,4,2
2115,280,1,355,4,2
2116,280,0,355,4,2
2117,280,0,355,4,2
2118,280,0,355,4,2
2119,280,0,355,4,2
2120,280,0,355,4,2
2121,280,0,355,4,2
2122,280,0,355,4,2
2123,280,0,355,4,2
2124,280,0,355,4,2
2125,280,0,355,4,2
2126,281,1,357,4,2
2127,281,0,357,4,2
2128,281,0,357,4,2
2129,281,0,357,4,2
2130,281,0,357,4,2
2131,281,0,357,4,2
2132,281,0,357,4,2
2133,281,0,357,4,2
2134,281,0,357,4,2
2135,281,0,357,4,2
2136,281,0,357,4,2
2137,281,0,357,4,2
2138,281,0,357,4,2
2139,282,1,358,4,2
2140,282,0,358,4,2
2141,282,0,358,4,2
2142,282,0,358,4,2
2143,282,0,358,4,2
2144,282,0,358,4,2
2145,282,0,358,4,2
2146,282,0,358,4,2
2147,282,0,358,4,2
2148,282,0,358,4,2
2149,282,0,358,4,2
2150,282,0,358,4,2
2151,282,0,358,4,2
2152,282,0,358,4,2
2153,282,0,358,4,2
2154,282,0,358,4,2
2155,283,1,360,4,2
2156,283,0,360,4,2
2157,283,0,360,4,2
2158,283,0,360,4,2
2159,283,0,360,4,2
2160,283,0,360,4,2
2161,283,0,360,4,2
2162,283,0,360,4,2
2163,283,0,360,4,2
2164,283,0,360,4,2
2165,283,0,360,4,2
2166,283,0,360,4,2
2167,283,0,360,4,2
2168,283,0,360,4,2
2169,283,0,360,4,2
2170,283,0,360,4,2
2171,283,0,360,4,2
2172,284,1,361,4,2
2173,284,0,361,4,2
2174,284,0,361,4,2
2175,284,0,361,4,2
2176,284,0,361,4,2
2177,284,0,361,4,2
2178,284,0,361,4,2
2179,284,0,361,4,2
2180,284,0,361,4,2
2181,284,0,361,4,2
2182,284,0,361,4,2
2183,284,0,361,4,2
2184,284,0,361,4,2
2185,284,0,361,4,2
2186,284,0,361,4,2
2187,284,0,361,4,2
2188,284,0,361,4,2
2189,284,0,361,4,2
2190,285,1,363,4,2
2191,285,0,363,4,2
2192,285,0,363,4,2
2193,285,0,363,4,2
2194,285,0,363,4,2
2195,285,0,363,4,2
2196,285,0,363,4,2
2197,285,0,363,4,2
2198,285,0,363,4,2
2199,285,0,363,4,2
2200,285,0,363,4,2
2201,285,0,363,4,2
2202,285,0,363,4,2
2203,285,0,363,4,2
2204,285,0,363,4,2
2205,285,0,363,4,2
2206,285,0,363,4,2
2207,285,0,363,4,2
2208,286,1,364,4,2
2209,286,0,364,4,2
2210,286,0,364,4,2
2211,286,0,364,4,2
2212,286,0,364,4,2
2213,286,0,364,4,2
2214,286,0,364,4,2
2215,286,0,364,4,2
2216,286,0,364,4,2
2217,286,0,364,4,2
2218,286,0,364,4,2
2219,286,0,364,4,2
2220,286,0,364,4,2
2221,286,0,364,4,2
2222,286,0,364,4,2
2223,286,0,364,4,2
2224,286,0,364,4,2
2225,286,0,364,4,2
2226,287,1,366,4,2
2227,287,0,366,4,2
2228,287,0,366,4,2
2229,287,0,366,4,2
2230,287,0,366,4,2
2231,287,0,366,4,2
2232,287,0,366,4,2
2233,287,0,366,4,2
2234,287,0,366,4,2
2235,287,0,366,4,2
2236,287,0,366,4,2
2237,287,0,366,4,2
2238,287,0,366,4,2
2239,287,0,366,4,2
2240,287,0,366,4,2
2241,287,0,366,4,2
2242,287,0,366,4,2
2243,287,0,366,4,2
2244,288,1,367,4,2
2245,288,0,367,4,2
2246,288,0,367,4,2
2247,288,0,367,4,2
2248,288,0,367,4,2
2249,288,0,367,4,2
2250,288,0,367,4,2
2251,288,0,367,4,2
2252,288,0,367,4,2
2253,288,0,367,4,2
2254,288,0,367,4,2
2255,288,0,367,4,2
2256,288,0,367,4,2
2257,288,0,367,4,2
2258,288,0,367,4,2
2259,288,0,367,4,2
2260,288,0,367,4,2
2261,288,0,367,4,2
2262,289,1,369,4,2
2263,289,0,369,4,2
2264,289,0,369,4,2
2265,289,0,369,4,2
2266,289,0,369,4,2
2267,289,0,369,4,2
2268,289,0,369,4,2
2269,289,0,369,4,2
2270,289,0,369,4,2
2271,289,0,369,4,2
2272,289,0,369,4,2
2273,289,0,369,4,2
2274,289,0,369,4,2
2275,289,0,369,4,2
2276,289,0,369,4,2
2277,289,0,369,4,2
2278,289,0,369,4,2
2279,290,1,370,4,2
2280,290,0,370,4,2
2281,290,0,370,4,2
2282,290,0,370,4,2
2283,290,0,370,4,2
2284,290,0,370,4,2
2285,290,0,370,4,2
2286,290,0,370,4,2
2287,290,0,370,4,2
2288,290,0,370,4,2
2289,290,0,370,4,2
2290,290,0,370,4,2
2291,290,0,370,4,2
2292,290,0,370,4,2
2293,291,1,372,4,2
2294,291,0,372,4,2
2295,291,0,372,4,2
2296,291,0,372,4,2
2297,291,0,372,4,2
2298,291,0,372,4,2
2299,291,0,372,4,2
2300,291,0,372,4,2
2301,291,0,372,4,2
2302,291,0,372,4,2
2303,291,0,372,4,2
2304,291,0,372,4,2
2305,291,0,372,4,2
2306,291,0,372,4,2
2307,291,0,372,4,2
2308,292,1,373,4,2
2309,292,0,373,4,2
2310,292,0,373,4,2
2311,292,0,373,4,2
2312,292,0,373,4,2
2313,292,0,373,4,2
2314,292,0,373,4,2
2315,292,0,373,4,2
2316,292,0,373,4,2
2317,292,0,373,4,2
2318,292,0,373,4,2
2319,292,0,373,4,2
2320,292,0,373,4,2
2321,292,0,373,4,2
2322,293,1,375,4,2
2323,293,0,375,4,2
2324,293,0,375,4,2
2325,293,0,375,4,2
2326,293,0,375,4,2
2327,293,0,375,4,2
2328,293,0,375,4,2
2329,293,0,375,4,2
2330,293,0,375,4,2
2331,293,0,375,4,2
2332,293,0,375,4,2
2333,293,0,375,4,2
2334,293,0,375,4,2
2335,293,0,375,4,2
2336,293,0,375,4,2
2337,294,1,376,4,2
2338,294,0,376,4,2
2339,294,0,376,4,2
2340,294,0,376,4,2
2341,294,0,376,4,2
2342,294,0,376,4,2
2343,294,0,376,4,2
2344,294,0,376,4,2
2345,294,0,376,4,2
2346,294,0,376,4,2
2347,294,0,376,4,2
2348,294,0,376,4,2
2349,294,0,376,4,2
2350,294,0,376,4,2
2351,294,0,376,4,2
2352,295,1,378,4,2
2353,295,0,378,4,2
2354,295,0,378,4,2
2355,295,0,378,4,2
2356,295,0,378,4,2
2357,295,0,378,4,2
2358,295,0,378,4,2
2359,295,0,378,4,2
2360,295,0,378,4,2
2361,295,0,378,4,2
2362,295,0,378,4,2
2363,295,0,378,4,2
2364,295,0,378,4,2
2365,295,0,378,4,2
2366,295,0,378,4,2
2367,296,1,379,4,2
2368,296,0,379,4,2
2369,296,0,379,4,2
2370,296,0,379,4,2
2371,296,0,379,4,2
2372,296,0,379,4,2
2373,296,0,379,4,2
2374,296,0,379,4,2
2375,296,0,379,4,2
2376,296,0,379,4,2
2377,296,0,379,4,2
2378,296,0,379,4,2
2379,296,0,379,4,2
2380,296,0,379,4,2
2381,296,0,379,4,2
2382,297,1,381,4,2
2383,297,0,381,4,2
2384,297,0,381,4,2
2385,297,0,381,4,2
2386,297,0,381,4,2
2387,297,0,381,4,2
2388,297,0,381,4,2
2389,297,0,381,4,2
2390,297,0,381,4,2
2391,297,0,381,4,2
2392,297,0,381,4,2
2393,297,0,381,4,2
2394,297,0,381,4,2
2395,297,0,381,4,2
2396,298,1,382,4,2
2397,298,0,382,4,2
2398,298,0,382,4,2
2399,298,0,382,4,2
2400,298,0,382,4,2
2401,298,0,382,4,2
2402,298,0,382,4,2
2403,298,0,382,4,2
2404,298,0,382,4,2
2405,298,0,382,4,2
2406,298,0,382,4,2
2407,298,0,382,4,2
2408,298,0,382,4,2
2409,299,1,384,4,2
2410,299,0,384,4,2
2411,299,0,384,4,2
2412,299,0,384,4,2
2413,299,0,384,4,2
2414,299,0,384,4,2
2415,299,0,384,4,2
2416,299,0,384,4,2
2417,299,0,384,4,2
2418,299,0,384,4,2
2419,299,0,384,4,2
2420,299,0,384,4,2
2421,300,1,385,4,2
2422,300,0,385,4,2
2423,300,0,385,4,2
2424,300,0,385,4,2
2425,300,0,385,4,2
2426,300,0,385,4,2
2427,300,0,385,4,2
2428,300,0,385,4,2
2429,300,0,385,4,2
2430,300,0,385,4,2
2431,300,0,385,4,2
2432,300,0,385,4,2
2433,300,0,385,4,2
2434,301,1,387,4,2
2435,301,0,387,4,2
2436,301,0,387,4,2
2437,301,0,387,4,2
2438,301,0,387,4,2
2439,301,0,387,4,2
2440,301,0,387,4,2
2441,301,0,387,4,2
2442,301,0,387,4,2
2443,301,0,387,4,2
2444,301,0,387,4,2
2445,301,0,387,4,2
2446,301,0,387,4,2
2447,301,0,387,4,2
2448,301,0,387,4,2
2449,302,1,388,4,2
2450,302,0,388,4,2
2451,302,0,388,4,2
2452,302,0,388,4,2
2453,302,0,388,4,2
2454,302,0,388,4,2
2455,302,0,388,4,2
2456,302,0,388,4,2
2457,302,0,388,4,2
2458,302,0,388,4,2
2459,302,0,388,4,2
2460,302,0,388,4,2
2461,302,0,388,4,2
2462,302,0,388,4,2
2463,303,1,390,4,2
2464,303,0,390,4,2
2465,303,0,390,4,2
2466,303,0,390,4,2
2467,303,0,390,4,2
2468,303,0,390,4,2
2469,303,0,390,4,2
2470,303,0,390,4,2
2471,303,0,390,4,2
2472,303,0,390,4,2
2473,303,0,390,4,2
2474,304,1,391,4,2
2475,304,0,391,4,2
2476,304,0,391,4,2
2477,304,0,391,4,2
2478,304,0,391,4,2
2479,304,0,391,4,2
2480,304,0,391,4,2
2481,304,0,391,4,2
2482,304,0,391,4,2
2483,304,0,391,4,2
2484,304,0,391,4,2
2485,304,0,391,4,2
2486,304,0,391,4,2
2487,305,1,393,4,2
2488,305,0,393,4,2
2489,305,0,393,4,2
2490,305,0,393,4,2
2491,305,0,393,4,2
2492,305,0,393,4,2
2493,305,0,393,4,2
2494,305,0,393,4,2
2495,305,0,393,4,2
2496,305,0,393,4,2
2497,305,0,393,4,2
2498,306,1,394,4,2
2499,306,0,394,4,2
2500,306,0,394,4,2
2501,306,0,394,4,2
2502,306,0,394,4,2
2503,306,0,394,4,2
2504,306,0,394,4,2
2505,306,0,394,4,2
2506,306,0,394,4,2
2507,306,0,394,4,2
2508,306,0,394,4,2
2509,306,0,394,4,2
2510,307,1,396,4,2
2511,307,0,396,4,2
2512,307,0,396,4,2
2513,307,0,396,4,2
2514,307,0,396,4,2
2515,307,0,396,4,2
2516,307,0,396,4,2
2517,307,0,396,4,2
2518,307,0,396,4,2
2519,307,0,396,4,2
2520,307,0,396,4,2
2521,308,1,397,4,2
2522,308,0,397,4,2
2523,308,0,397,4,2
2524,308,0,397,4,2
2525,308,0,397,4,2
2526,308,0,397,4,2
2527,308,0,397,4,2
2528,308,0,397,4,2
2529,308,0,397,4,2
2530,308,0,397,4,2
2531,308,0,397,4,2
2532,308,0,397,4,2
2533,309,1,399,4,2
2534,309,0,399,4,2
2535,309,0,399,4,2
2536,309,0,399,4,2
2537,309,0,399,4,2
2538,309,0,399,4,2
2539,309,0,399,4,2
2540,309,0,399,4,2
2541,309,0,399,4,2
2542,309,0,399,4,2
2543,309,0,399,4,2
2544,310,1,400,4,2
2545,310,0,400,4,2
2546,310,0,400,4,2
2547,310,0,400,4,2
2548,310,0,400,4,2
2549,310,0,400,4,2
2550,310,0,400,4,2
2551,310,0,400,4,2
2552,310,0,400,4,2
2553,310,0,400,4,2
2554,310,0,400,4,2
2555,310,0,400,4,2
2556,311,1,402,4,2
2557,311,0,402,4,2
2558,311,0,402,4,2
2559,311,0,402,4,2
2560,311,0,402,4,2
2561,311,0,402,4,2
2562,311,0,402,4,2
2563,311,0,402,4,2
2564,311,0,402,4,2
2565,311,0,402,4,2
2566,311,0,402,4,2
2567,311,0,402,4,2
2568,312,1,403,4,2
2569,312,0,403,4,2
2570,312,0,403,4,2
2571,312,0,403,4,2
2572,312,0,403,4,2
2573,312,0,403,4,2
2574,312,0,403,4,2
2575,312,0,403,4,2
2576,312,0,403,4,2
2577,312,0,403,4,2
2578,313,1,405,4,2
2579,313,0,405,4,2
2580,313,0,405,4,2
2581,313,0,405,4,2
2582,313,0,405,4,2
2583,313,0,405,4,2
2584,313,0,405,4,2
2585,313,0,405,4,2
2586,314,1,406,4,2
2587,314,0,406,4,2
2588,314,0,406,4,2
2589,314,0,406,4,2
2590,314,0,406,4,2
2591,314,0,406,4,2
2592,314,0,406,4,2
2593,314,0,406,4,2
2594,314,0,406,4,2
2595,314,0,406,4,2
2596,315,1,408,4,2
2597,315,0,408,4,2
2598,315,0,408,4,2
2599,315,0,408,4,2
2600,315,0,408,4,2
2601,315,0,408,4,2
2602,315,0,408,4,2
2603,315,0,408,4,2
2604,316,1,409,4,2
2605,316,0,409,4,2
2606,316,0,409,4,2
2607,316,0,409,4,2
2608,316,0,409,4,2
2609,316,0,409,4,2
2610,316,0,409,4,2
2611,316,0,409,4,2
2612,316,0,409,4,2
2613,317,1,411,4,2
2614,317,0,411,4,2
2615,317,0,411,4,2
2616,317,0,411,4,2
2617,317,0,411,4,2
2618,317,0,411,4,2
2619,317,0,411,4,2
2620,317,0,411,4,2
2621,317,0,411,4,2
2622,318,1,412,4,2
2623,318,0,412,4,2
2624,318,0,412,4,2
2625,318,0,412,4,2
2626,318,0,412,4,2
2627,318,0,412,4,2
2628,318,0,412,4,2
2629,318,0,412,4,2
2630,318,0,412,4,2
2631,318,0,412,4,2
2632,318,0,412,4,2
2633,318,0,412,4,2
2634,319,1,414,4,2
2635,319,0,414,4,2
2636,319,0,414,4,2
2637,319,0,414,4,2
2638,319,0,414,4,2
2639,319,0,414,4,2
2640,319,0,414,4,2
2641,319,0,414,4,2
2642,319,0,414,4,2
2643,319,0,414,4,2
2644,319,0,414,4,2
2645,319,0,414,4,2
2646,319,0,414,4,2
2647,320,1,415,4,2
2648,320,0,415,4,2
2649,320,0,415,4,2
2650,320,0,415,4,2
2651,320,0,415,4,2
2652,320,0,415,4,2
2653,320,0,415,4,2
2654,320,0,415,4,2
2655,320,0,415,4,2
2656,321,1,417,4,2
2657,321,0,417,4,2
2658,321,0,417,4,2
2659,321,0,417,4,2
2660,321,0,417,4,2
2661,321,0,417,4,2
2662,321,0,417,4,2
2663,321,0,417,4,2
2664,322,1,418,4,2
2665,322,0,418,4,2
2666,322,0,418,4,2
2667,322,0,418,4,2
2668,322,0,418,4,2
2669,322,0,418,4,2
2670,322,0,418,4,2
2671,322,0,418,4,2
2672,322,0,418,4,2
2673,323,1,420,4,2
2674,323,0,420,4,2
2675,323,0,420,4,2
2676,323,0,420,4,2
2677,323,0,420,4,2
2678,323,0,420,4,2
2679,323,0,420,4,2
2680,323,0,420,4,2
2681,323,0,420,4,2
2682,324,1,421,4,2
2683,324,0,421,4,2
2684,324,0,421,4,2
2685,324,0,421,4,2
2686,324,0,421,4,2
2687,324,0,421,4,2
2688,324,0,421,4,2
2689,324,0,421,4,2
2690,324,0,421,4,2
2691,325,1,423,4,2
2692,325,0,423,4,2
2693,325,0,423,4,2
2694,325,0,423,4,2
2695,325,0,423,4,2
2696,325,0,423,4,2
2697,325,0,423,4,2
2698,325,0,423,4,2
2699,325,0,423,4,2
2700,325,0,423,4,2
2701,326,1,424,4,2
2702,326,0,424,4,2
2703,326,0,424,4,2
2704,326,0,424,4,2
2705,326,0,424,4,2
2706,326,0,424,4,2
2707,326,0,424,4,2
2708,326,0,424,4,2
2709,327,1,426,4,2
2710,327,0,426,4,2
2711,327,0,426,4,2
2712,327,0,426,4,2
2713,327,0,426,4,2
2714,327,0,426,4,2
2715,327,0,426,4,2
2716,327,0,426,4,2
2717,327,0,426,4,2
2718,328,1,427,4,2
2719,328,0,427,4,2
2720,328,0,427,4,2
2721,328,0,427,4,2
2722,328,0,427,4,2
2723,328,0,427,4,2
2724,328,0,427,4,2
2725,328,0,427,4,2
2726,328,0,427,4,2
2727,328,0,427,4,2
2728,329,1,429,4,2
2729,329,0,429,4,2
2730,329,0,429,4,2
2731,329,0,429,4,2
2732,329,0,429,4,2
2733,329,0,429,4,2
2734,329,0,429,4,2
2735,329,0,429,4,2
2736,329,0,429,4,2
2737,329,0,429,4,2
2738,329,0,429,4,2
2739,330,1,430,4,2
2740,330,0,430,4,2
2741,330,0,430,4,2
2742,330,0,430,4,2
2743,330,0,430,4,2
2744,330,0,430,4,2
2745,330,0,430,4,2
2746,330,0,430,4,2
2747,330,0,430,4,2
2748,330,0,430,4,2
2749,330,0,430,4,2
2750,330,0,430,4,2
2751,331,1,432,4,2
2752,331,0,432,4,2
2753,331,0,432,4,2
2754,331,0,432,4,2
2755,331,0,432,4,2
2756,331,0,432,4,2
2757,331,0,432,4,2
2758,331,0,432,4,2
2759,331,0,432,4,2
2760,331,0,432,4,2
2761,331,0,432,4,2
2762,331,0,432,4,2
2763,331,0,432,4,2
2764,332,1,433,4,2
2765,332,0,433,4,2
2766,332,0,433,4,2
2767,332,0,433,4,2
2768,332,0,433,4,2
2769,332,0,433,4,2
2770,332,0,433,4,2
2771,332,0,433,4,2
2772,332,0,433,4,2
2773,332,0,433,4,2
2774,332,0,433,4,2
2775,332,0,433,4,2
2776,332,0,433,4,2
2777,333,1,435,4,2
2778,333,0,435,4,2
2779,333,0,435,4,2
2780,333,0,435,4,2
2781,333,0,435,4,2
2782,333,0,435,4,2
2783,333,0,435,4,2
2784,333,0,435,4,2
2785,333,0,435,4,2
2786,333,0,435,4,2
2787,333,0,435,4,2
2788,333,0,435,4,2
2789,334,1,436,4,2
2790,334,0,436,4,2
2791,334,0,436,4,2
2792,334,0,436,4,2
2793,334,0,436,4,2
2794,334,0,436,4,2
2795,334,0,436,4,2
2796,334,0,436,4,2
2797,334,0,436,4,2
2798,334,0,436,4,2
2799,334,0,436,4,2
2800,334,0,436,4,2
2801,334,0,436,4,2
2802,335,1,438,4,2
2803,335,0,438,4,2
2804,335,0,438,4,2
2805,335,0,438,4,2
2806,335,0,438,4,2
2807,335,0,438,4,2
2808,335,0,438,4,2
2809,335,0,438,4,2
2810,335,0,438,4,2
2811,335,0,438,4,2
2812,335,0,438,4,2
2813,335,0,438,4,2
2814,335,0,438,4,2
2815,336,1,439,4,2
2816,336,0,439,4,2
2817,336,0,439,4,2
2818,336,0,439,4,2
2819,336,0,439,4,2
2820,336,0,439,4,2
2821,336,0,439,4,2
2822,336,0,439,4,2
2823,336,0,439,4,2
2824,336,0,439,4,2
2825,336,0,439,4,2
2826,336,0,439,4,2
2827,336,0,439,4,2
2828,336,0,439,4,2
2829,337,1,441,4,2
2830,337,0,441,4,2
2831,337,0,441,4,2
2832,337,0,441,4,2
2833,337,0,441,4,2
2834,337,0,441,4,2
2835,337,0,441,4,2
2836,337,0,441,4,2
2837,337,0,441,4,2
2838,337,0,441,4,2
2839,337,0,441,4,2
2840,338,1,442,4,2
2841,338,0,442,4,2
2842,338,0,442,4,2
2843,338,0,442,4,2
2844,338,0,442,4,2
2845,338,0,442,4,2
2846,338,0,442,4,2
2847,338,0,442,4,2
2848,338,0,442,4,2
2849,338,0,442,4,2
2850,339,1,444,4,2
2851,339,0,444,4,2
2852,339,0,444,4,2
2853,339,0,444,4,2
2854,339,0,444,4,2
2855,339,0,444,4,2
2856,339,0,444,4,2
2857,339,0,444,4,2
2858,339,0,444,4,2
2859,340,1,445,4,2
2860,340,0,445,4,2
2861,340,0,445,4,2
2862,340,0,445,4,2
2863,340,0,445,4,2
2864,340,0,445,4,2
2865,340,0,445,4,2
2866,340,0,445,4,2
2867,340,0,445,4,2
2868,340,0,445,4,2
2869,341,1,447,4,2
2870,341,0,447,4,2
2871,341,0,447,4,2
2872,341,0,447,4,2
2873,341,0,447,4,2
2874,341,0,447,4,2
2875,341,0,447,4,2
2876,341,0,447,4,2
2877,341,0,447,4,2
2878,341,0,447,4,2
2879,342,1,448,4,2
2880,342,0,448,4,2
2881,342,0,448,4,2
2882,342,0,448,4,2
2883,342,0,448,4,2
2884,342,0,448,4,2
2885,342,0,448,4,2
2886,342,0,448,4,2
2887,342,0,448,4,2
2888,343,1,450,4,2
2889,343,0,450,4,2
2890,343,0,450,4,2
2891,343,0,450,4,2
2892,343,0,450,4,2
2893,343,0,450,4,2
2894,343,0,450,4,2
2895,343,0,450,4,2
2896,343,0,450,4,2
2897,343,0,450,4,2
2898,344,1,451,4,2
2899,344,0,451,4,2
2900,344,0,451,4,2
2901,344,0,451,4,2
2902,344,0,451,4,2
2903,344,0,451,4,2
2904,344,0,451,4,2
2905,344,0,451,4,2
2906,344,0,451,4,2
2907,345,1,453,4,2
2908,345,0,453,4,2
2909,345,0,453,4,2
2910,345,0,453,4,2
2911,345,0,453,4,2
2912,345,0,453,4,2
2913,345,0,453,4,2
2914,345,0,453,4,2
2915,345,0,453,4,2
2916,345,0,453,4,2
2917,346,1,454,4,2
2918,346,0,454,4,2
2919,346,0,454,4,2
2920,346,0,454,4,2
2921,346,0,454,4,2
2922,346,0,454,4,2
2923,346,0,454,4,2
2924,346,0,454,4,2
2925,346,0,454,4,2
2926,346,0,454,4,2
2927,347,1,456,4,2
2928,347,0,456,4,2
2929,347,0,456,4,2
2930,347,0,456,4,2
2931,347,0,456,4,2
2932,347,0,456,4,2
2933,347,0,456,4,2
2934,347,0,456,4,2
2935,347,0,456,4,2
2936,347,0,456,4,2
2937,348,1,457,4,2
2938,348,0,457,4,2
2939,348,0,457,4,2
2940,348,0,457,4,2
2941,348,0,457,4,2
2942,348,0,457,4,2
2943,348,0,457,4,2
2944,348,0,457,4,2
2945,349,1,459,4,2
2946,349,0,459,4,2
2947,349,0,459,4,2
2948,349,0,459,4,2
2949,349,0,459,4,2
2950,349,0,459,4,2
2951,350,1,460,4,2
2952,350,0,460,4,2
2953,350,0,460,4,2
2954,350,0,460,4,2
2955,350,0,460,4,2
2956,350,0,460,4,2
2957,351,1,461,4,2
2958,351,0,461,4,2
2959,351,0,461,4,2
2960,351,0,461,4,2
2961,351,0,461,4,2
2962,351,0,461,4,2
2963,351,0,461,4,2
2964,352,1,462,4,2
2965,352,0,462,4,2
2966,352,0,462,4,2
2967,352,0,462,4,2
2968,352,0,462,4,2
2969,352,0,462,4,2
2970,353,1,464,4,2
2971,353,0,464,4,2
2972,353,0,464,4,2
2973,353,0,464,4,2
2974,353,0,464,4,2
2975,353,0,464,4,2
2976,353,0,464,4,2
2977,354,1,465,4,2
2978,354,0,465,4,2
2979,354,0,465,4,2
2980,354,0,465,4,2
2981,354,0,465,4,2
2982,354,0,465,4,2
2983,354,0,465,4,2
2984,354,0,465,4,2
2985,354,0,465,4,2
2986,354,0,465,4,2
2987,355,1,466,4,2
2988,355,0,466,4,2
2989,355,0,466,4,2
2990,355,0,466,4,2
2991,355,0,466,4,2
2992,355,0,466,4,2
2993,355,0,466,4,2
2994,355,0,466,4,2
2995,355,0,466,4,2
2996,356,1,468,4,2
2997,356,0,468,4,2
2998,356,0,468,4,2
2999,356,0,468,4,2
3000,356,0,468,4,2
3001,356,0,468,4,2
3002,356,0,468,4,2
3003,356,0,468,4,2
3004,356,0,468,4,2
3005,356,0,468,4,2
3006,357,1,469,4,2
3007,357,0,469,4,2
3008,357,0,469,4,2
3009,357,0,469,4,2
3010,357,0,469,4,2
3011,357,0,469,4,2
3012,357,0,469,4,2
3013,357,0,469,4,2
3014,357,0,469,4,2
3015,357,0,469,4,2
3016,358,1,471,4,2
3017,358,0,471,4,2
3018,358,0,471,4,2
3019,358,0,471,4,2
3020,358,0,471,4,2
3021,358,0,471,4,2
3022,358,0,471,4,2
3023,358,0,471,4,2
3024,358,0,471,4,2
3025,358,0,471,4,2
3026,358,0,471,4,2
3027,359,1,472,4,2
3028,359,0,472,4,2
3029,359,0,472,4,2
3030,359,0,472,4,2
3031,359,0,472,4,2
3032,359,0,472,4,2
3033,359,0,472,4,2
3034,359,0,472,4,2
3035,359,0,472,4,2
3036,360,1,474,4,2
3037,360,0,474,4,2
3038,360,0,474,4,2
3039,360,0,474,4,2
3040,360,0,474,4,2
3041,360,0,474,4,2
3042,360,0,474,4,2
3043,360,0,474,4,2
3044,360,0,474,4,2
3045,361,1,475,4,2
3046,361,0,475,4,2
3047,361,0,475,4,2
3048,361,0,475,4,2
3049,361,0,475,4,2
3050,361,0,475,4,2
3051,361,0,475,4,2
3052,361,0,475,4,2
3053,361,0,475,4,2
3054,362,1,477,4,2
3055,362,0,477,4,2
3056,362,0,477,4,2
3057,362,0,477,4,2
3058,362,0,477,4,2
3059,362,0,477,4,2
3060,362,0,477,4,2
3061,362,0,477,4,2
3062,362,0,477,4,2
3063,363,1,478,4,2
3064,363,0,478,4,2
3065,363,0,478,4,2
3066,363,0,478,4,2
3067,363,0,478,4,2
3068,363,0,478,4,2
3069,363,0,478,4,2
3070,363,0,478,4,2
3071,363,0,478,4,2
3072,364,1,480,4,2
3073,364,0,480,4,2
3074,364,0,480,4,2
3075,364,0,480,4,2
3076,364,0,480,4,2
3077,364,0,480,4,2
3078,364,0,480,4,2
3079,364,0,480,4,2
3080,364,0,480,4,2
3081,364,0,480,4,2
3082,364,0,480,4,2
3083,364,0,480,4,2
3084,365,1,481,4,2
3085,365,0,481,4,2
3086,365,0,481,4,2
3087,365,0,481,4,2
3088,365,0,481,4,2
3089,365,0,481,4,2
3090,365,0,481,4,2
3091,365,0,481,4,2
3092,365,0,481,4,2
3093,365,0,481,4,2
3094,365,0,481,4,2
3095,365,0,481,4,2
3096,365,0,481,4,2
3097,366,1,483,4,2
3098,366,0,483,4,2
3099,366,0,483,4,2
3100,366,0,483,4,2
3101,366,0,483,4,2
3102,366,0,483,4,2
3103,366,0,483,4,2
3104,366,0,483,4,2
3105,366,0,483,4,2
3106,366,0,483,4,2
3107,366,0,483,4,2
3108,367,1,484,4,2
3109,367,0,484,4,2
3110,367,0,484,4,2
3111,367,0,484,4,2
3112,367,0,484,4,2
3113,367,0,484,4,2
3114,367,0,484,4,2
3115,367,0,484,4,2
3116,367,0,484,4,2
3117,367,0,484,4,2
3118,367,0,484,4,2
3119,367,0,484,4,2
3120,367,0,484,4,2
3121,368,1,486,4,2
3122,368,0,486,4,2
3123,368,0,486,4,2
3124,368,0,486,4,2
3125,368,0,486,4,2
3126,368,0,486,4,2
3127,368,0,486,4,2
3128,368,0,486,4,2
3129,368,0,486,4,2
3130,368,0,486,4,2
3131,368,0,486,4,2
3132,368,0,486,4,2
3133,369,1,487,4,2
3134,369,0,487,4,2
3135,369,0,487,4,2
3136,369,0,487,4,2
3137,369,0,487,4,2
3138,369,0,487,4,2
3139,369,0,487,4,2
3140,369,0,487,4,2
3141,369,0,487,4,2
3142,369,0,487,4,2
3143,369,0,487,4,2
3144,369,0,487,4,2
3145,369,0,487,4,2
3146,370,1,489,4,2
3147,370,0,489,4,2
3148,370,0,489,4,2
3149,370,0,489,4,2
3150,370,0,489,4,2
3151,370,0,489,4,2
3152,370,0,489,4,2
3153,370,0,489,4,2
3154,370,0,489,4,2
3155,370,0,489,4,2
3156,370,0,489,4,2
3157,370,0,489,4,2
3158,371,1,490,4,2
3159,371,0,490,4,2
3160,371,0,490,4,2
3161,371,0,490,4,2
3162,371,0,490,4,2
3163,371,0,490,4,2
3164,371,0,490,4,2
3165,371,0,490,4,2
3166,371,0,490,4,2
3167,371,0,490,4,2
3168,371,0,490,4,2
3169,371,0,490,4,2
3170,372,1,492,4,2
3171,372,0,492,4,2
3172,372,0,492,4,2
3173,372,0,492,4,2
3174,372,0,492,4,2
3175,372,0,492,4,2
3176,372,0,492,4,2
3177,372,0,492,4,2
3178,372,0,492,4,2
3179,372,0,492,4,2
3180,372,0,492,4,2
3181,372,0,492,4,2
3182,372,0,492,4,2
3183,373,1,493,4,2
3184,373,0,493,4,2
3185,373,0,493,4,2
3186,373,0,493,4,2
3187,373,0,493,4,2
3188,373,0,493,4,2
3189,373,0,493,4,2
3190,373,0,493,4,2
3191,373,0,493,4,2
3192,373,0,493,4,2
3193,374,1,495,4,2
3194,374,0,495,4,2
3195,374,0,495,4,2
3196,374,0,495,4,2
3197,374,0,495,4,2
3198,374,0,495,4,2
3199,374,0,495,4,2
3200,374,0,495,4,2
3201,374,0,495,4,2
3202,375,1,496,4,2
3203,375,0,496,4,2
3204,375,0,496,4,2
3205,375,0,496,4,2
3206,375,0,496,4,2
3207,375,0,496,4,2
3208,375,0,496,4,2
3209,375,0,496,4,2
3210,375,0,496,4,2
3211,376,1,498,4,2
3212,376,0,498,4,2
3213,376,0,498,4,2
3214,376,0,498,4,2
3215,376,0,498,4,2
3216,376,0,498,4,2
3217,376,0,498,4,2
3218,376,0,498,4,2
3219,376,0,498,4,2
3220,376,0,498,4,2
3221,377,1,499,4,2
3222,377,0,499,4,2
3223,377,0,499,4,2
3224,377,0,499,4,2
3225,377,0,499,4,2
3226,377,0,499,4,2
3227,377,0,499,4,2
3228,377,0,499,4,2
3229,377,0,499,4,2
3230,378,1,501,4,2
3231,378,0,501,4,2
3232,378,0,501,4,2
3233,378,0,501,4,2
3234,378,0,501,4,2
3235,378,0,501,4,2
3236,378,0,501,4,2
3237,378,0,501,4,2
3238,378,0,501,4,2
3239,378,0,501,4,2
3240,378,0,501,4,2
3241,379,1,502,4,2
3242,379,0,502,4,2
3243,379,0,502,4,2
3244,379,0,502,4,2
3245,379,0,502,4,2
3246,379,0,502,4,2
3247,379,0,502,4,2
3248,379,0,502,4,2
3249,379,0,502,4,2
3250,379,0,502,4,2
3251,379,0,502,4,2
3252,379,0,502,4,2
3253,379,0,502,4,2
3254,379,0,502,4,2
3255,379,0,502,4,2
3256,379,0,502,4,2
3257,380,1,504,4,2
3258,380,0,504,4,2
3259,380,0,504,4,2
3260,380,0,504,4,2
3261,380,0,504,4,2
3262,380,0,504,4,2
3263,380,0,504,4,2
3264,380,0,504,4,2
3265,380,0,504,4,2
3266,380,0,504,4,2
3267,380,0,504,4,2
3268,380,0,504,4,2
3269,380,0,504,4,2
3270,380,0,504,4,2
3271,380,0,504,4,2
3272,380,0,504,4,2
3273,380,0,504,4,2
3274,381,1,505,4,2
3275,381,0,505,4,2
3276,381,0,505,4,2
3277,381,0,505,4,2
3278,381,0,505,4,2
3279,381,0,505,4,2
3280,381,0,505,4,2
3281,381,0,505,4,2
3282,381,0,505,4,2
3283,381,0,505,4,2
3284,381,0,505,4,2
3285,381,0,505,4,2
3286,381,0,505,4,2
3287,381,0,505,4,2
3288,381,0,505,4,2
3289,381,0,505,4,2
3290,381,0,505,4,2
3291,381,0,505,4,2
3292,382,1,507,4,2
3293,382,0,507,4,2
3294,382,0,507,4,2
3295,382,0,507,4,2
3296,382,0,507,4,2
3297,382,0,507,4,2
3298,382,0,507,4,2
3299,382,0,507,4,2
3300,382,0,507,4,2
3301,382,0,507,4,2
3302,382,0,507,4,2
3303,382,0,507,4,2
3304,382,0,507,4,2
3305,382,0,507,4,2
3306,382,0,507,4,2
3307,382,0,507,4,2
3308,382,0,507,4,2
3309,382,0,507,4,2
3310,383,1,508,4,2
3311,383,0,508,4,2
3312,383,0,508,4,2
3313,383,0,508,4,2
3314,383,0,508,4,2
3315,383,0,508,4,2
3316,383,0,508,4,2
3317,383,0,508,4,2
3318,383,0,508,4,2
3319,383,0,508,4,2
3320,383,0,508,4,2
3321,383,0,508,4,2
3322,383,0,508,4,2
3323,383,0,508,4,2
3324,383,0,508,4,2
3325,383,0,508,4,2
3326,384,1,510,4,2
3327,384,0,510,4,2
3328,384,0,510,4,2
3329,384,0,510,4,2
3330,384,0,510,4,2
3331,384,0,510,4,2
3332,384,0,510,4,2
3333,384,0,510,4,2
3334,384,0,510,4,2
3335,384,0,510,4,2
3336,384,0,510,4,2
3337,384,0,510,4,2
3338,384,0,510,4,2
3339,384,0,510,4,2
3340,385,1,511,4,2
3341,385,0,511,4,2
3342,385,0,511,4,2
3343,385,0,511,4,2
3344,385,0,511,4,2
3345,385,0,511,4,2
3346,385,0,511,4,2
3347,385,0,511,4,2
3348,385,0,511,4,2
3349,385,0,511,4,2
3350,385,0,511,4,2
3351,385,0,511,4,2
3352,385,0,511,4,2
3353,386,1,513,4,2
3354,386,0,513,4,2
3355,386,0,513,4,2
3356,386,0,513,4,2
3357,386,0,513,4,2
3358,386,0,513,4,2
3359,386,0,513,4,2
3360,386,0,513,4,2
3361,386,0,513,4,2
3362,386,0,513,4,2
3363,386,0,513,4,2
3364,386,0,513,4,2
3365,386,0,513,4,2
3366,386,0,513,4,2
3367,387,1,514,4,2
3368,387,0,514,4,2
3369,387,0,514,4,2
3370,387,0,514,4,2
3371,387,0,514,4,2
3372,387,0,514,4,2
3373,387,0,514,4,2
3374,387,0,514,4,2
3375,387,0,514,4,2
3376,387,0,514,4,2
3377,387,0,514,4,2
3378,387,0,514,4,2
3379,387,0,514,4,2
3380,388,1,516,4,2
3381,388,0,516,4,2
3382,388,0,516,4,2
3383,388,0,516,4,2
3384,388,0,516,4,2
3385,388,0,516,4,2
3386,388,0,516,4,2
3387,388,0,516,4,2
3388,388,0,516,4,2
3389,388,0,516,4,2
3390,388,0,516,4,2
3391,388,0,516,4,2
3392,388,0,516,4,2
3393,388,0,516,4,2
3394,389,1,517,4,2
3395,389,0,517,4,2
3396,389,0,517,4,2
3397,389,0,517,4,2
3398,389,0,517,4,2
3399,389,0,517,4,2
3400,389,0,517,4,2
3401,389,0,517,4,2
3402,389,0,517,4,2
3403,389,0,517,4,2
3404,389,0,517,4,2
3405,389,0,517,4,2
3406,389,0,517,4,2
3407,389,0,517,4,2
3408,390,1,519,4,2
3409,390,0,519,4,2
3410,390,0,519,4,2
3411,390,0,519,4,2
3412,390,0,519,4,2
3413,390,0,519,4,2
3414,390,0,519,4,2
3415,390,0,519,4,2
3416,390,0,519,4,2
3417,390,0,519,4,2
3418,390,0,519,4,2
3419,390,0,519,4,2
3420,390,0,519,4,2
3421,390,0,519,4,2
3422,390,0,519,4,2
3423,391,1,520,4,2
3424,391,0,520,4,2
3425,391,0,520,4,2
3426,391,0,520,4,2
3427,391,0,520,4,2
3428,391,0,520,4,2
3429,391,0,520,4,2
3430,391,0,520,4,2
3431,391,0,520,4,2
3432,391,0,520,4,2
3433,391,0,520,4,2
3434,391,0,520,4,2
3435,391,0,520,4,2
3436,391,0,520,4,2
3437,392,1,522,4,2
3438,392,0,522,4,2
3439,392,0,522,4,2
3440,392,0,522,4,2
3441,392,0,522,4,2
3442,392,0,522,4,2
3443,392,0,522,4,2
3444,392,0,522,4,2
3445,392,0,522,4,2
3446,392,0,522,4,2
3447,392,0,522,4,2
3448,392,0,522,4,2
3449,392,0,522,4,2
3450,392,0,522,4,2
3451,393,1,523,4,2
3452,393,0,523,4,2
3453,393,0,523,4,2
3454,393,0,523,4,2
3455,393,0,523,4,2
3456,393,0,523,4,2
3457,393,0,523,4,2
3458,393,0,523,4,2
3459,393,0,523,4,2
3460,393,0,523,4,2
3461,393,0,523,4,2
3462,393,0,523,4,2
3463,393,0,523,4,2
3464,393,0,523,4,2
3465,394,1,525,4,2
3466,394,0,525,4,2
3467,394,0,525,4,2
3468,394,0,525,4,2
3469,394,0,525,4,2
3470,394,0,525,4,2
3471,394,0,525,4,2
3472,394,0,525,4,2
3473,394,0,525,4,2
3474,394,0,525,4,2
3475,394,0,525,4,2
3476,394,0,525,4,2
3477,394,0,525,4,2
3478,395,1,526,4,2
3479,395,0,526,4,2
3480,395,0,526,4,2
3481,395,0,526,4,2
3482,395,0,526,4,2
3483,395,0,526,4,2
3484,395,0,526,4,2
3485,395,0,526,4,2
3486,395,0,526,4,2
3487,395,0,526,4,2
3488,395,0,526,4,2
3489,395,0,526,4,2
3490,395,0,526,4,2
3491,395,0,526,4,2
3492,396,1,528,4,2
3493,396,0,528,4,2
3494,396,0,528,4,2
3495,396,0,528,4,2
3496,396,0,528,4,2
3497,396,0,528,4,2
3498,396,0,528,4,2
3499,396,0,528,4,2
3500,396,0,528,4,2
3501,396,0,528,4,2
3502,396,0,528,4,2
3503,396,0,528,4,2
3504,396,0,528,4,2
3505,396,0,528,4,2
3506,397,1,529,4,2
3507,397,0,529,4,2
3508,397,0,529,4,2
3509,397,0,529,4,2
3510,397,0,529,4,2
3511,397,0,529,4,2
3512,397,0,529,4,2
3513,397,0,529,4,2
3514,397,0,529,4,2
3515,397,0,529,4,2
3516,397,0,529,4,2
3517,397,0,529,4,2
3518,397,0,529,4,2
3519,398,1,531,4,2
3520,398,0,531,4,2
3521,398,0,531,4,2
3522,398,0,531,4,2
3523,398,0,531,4,2
3524,398,0,531,4,2
3525,398,0,531,4,2
3526,398,0,531,4,2
3527,398,0,531,4,2
3528,398,0,531,4,2
3529,399,1,532,4,2
3530,399,0,532,4,2
3531,399,0,532,4,2
3532,399,0,532,4,2
3533,399,0,532,4,2
3534,399,0,532,4,2
3535,399,0,532,4,2
3536,399,0,532,4,2
3537,399,0,532,4,2
3538,399,0,532,4,2
3539,399,0,532,4,2
3540,400,1,534,4,2
3541,400,0,534,4,2
3542,400,0,534,4,2
3543,400,0,534,4,2
3544,400,0,534,4,2
3545,400,0,534,4,2
3546,400,0,534,4,2
3547,400,0,534,4,2
3548,400,0,534,4,2
3549,400,0,534,4,2
3550,400,0,534,4,2
3551,400,0,534,4,2
3552,400,0,534,4,2
3553,401,1,535,4,2
3554,401,0,535,4,2
3555,401,0,535,4,2
3556,401,0,535,4,2
3557,401,0,535,4,2
3558,401,0,535,4,2
3559,401,0,535,4,2
3560,401,0,535,4,2
3561,401,0,535,4,2
3562,401,0,535,4,2
3563,401,0,535,4,2
3564,401,0,535,4,2
3565,401,0,535,4,2
3566,401,0,535,4,2
3567,402,1,537,4,2
3568,402,0,537,4,2
3569,402,0,537,4,2
3570,402,0,537,4,2
3571,402,0,537,4,2
3572,402,0,537,4,2
3573,402,0,537,4,2
3574,402,0,537,4,2
3575,402,0,537,4,2
3576,402,0,537,4,2
3577,402,0,537,4,2
3578,402,0,537,4,2
3579,402,0,537,4,2
3580,402,0,537,4,2
3581,403,1,538,4,2
3582,403,0,538,4,2
3583,403,0,538,4,2
3584,403,0,538,4,2
3585,403,0,538,4,2
3586,403,0,538,4,2
3587,403,0,538,4,2
3588,403,0,538,4,2
3589,403,0,538,4,2
3590,403,0,538,4,2
3591,403,0,538,4,2
3592,403,0,538,4,2
3593,403,0,538,4,2
3594,403,0,538,4,2
3595,404,1,540,4,2
3596,404,0,540,4,2
3597,404,0,540,4,2
3598,404,0,540,4,2
3599,404,0,540,4,2
3600,404,0,540,4,2
3601,404,0,540,4,2
3602,404,0,540,4,2
3603,404,0,540,4,2
3604,404,0,540,4,2
3605,404,0,540,4,2
3606,404,0,540,4,2
3607,404,0,540,4,2
3608,404,0,540,4,2
3609,404,0,540,4,2
3610,404,0,540,4,2
3611,404,0,540,4,2
3612,405,1,541,4,2
3613,405,0,541,4,2
3614,405,0,541,4,2
3615,405,0,541,4,2
3616,405,0,541,4,2
3617,405,0,541,4,2
3618,405,0,541,4,2
3619,405,0,541,4,2
3620,405,0,541,4,2
3621,405,0,541,4,2
3622,405,0,541,4,2
3623,405,0,541,4,2
3624,405,0,541,4,2
3625,405,0,541,4,2
3626,405,0,541,4,2
3627,405,0,541,4,2
3628,405,0,541,4,2
3629,406,1,543,4,2
3630,406,0,543,4,2
3631,406,0,543,4,2
3632,406,0,543,4,2
3633,406,0,543,4,2
3634,406,0,543,4,2
3635,406,0,543,4,2
3636,406,0,543,4,2
3637,406,0,543,4,2
3638,406,0,543,4,2
3639,406,0,543,4,2
3640,406,0,543,4,2
3641,406,0,543,4,2
3642,406,0,543,4,2
3643,406,0,543,4,2
3644,406,0,543,4,2
3645,406,0,543,4,2
3646,406,0,543,4,2
3647,407,1,544,4,2
3648,407,0,544,4,2
3649,407,0,544,4,2
3650,407,0,544,4,2
3651,407,0,544,4,2
3652,407,0,544,4,2
3653,407,0,544,4,2
3654,407,0,544,4,2
3655,407,0,544,4,2
3656,407,0,544,4,2
3657,407,0,544,4,2
3658,407,0,544,4,2
3659,407,0,544,4,2
3660,407,0,544,4,2
3661,407,0,544,4,2
3662,407,0,544,4,2
3663,407,0,544,4,2
3664,407,0,544,4,2
3665,408,1,546,4,2
3666,408,0,546,4,2
3667,408,0,546,4,2
3668,408,0,546,4,2
3669,408,0,546,4,2
3670,408,0,546,4,2
3671,408,0,546,4,2
3672,408,0,546,4,2
3673,408,0,546,4,2
3674,408,0,546,4,2
3675,408,0,546,4,2
3676,408,0,546,4,2
3677,408,0,546,4,2
3678,408,0,546,4,2
3679,408,0,546,4,2
3680,408,0,546,4,2
3681,408,0,546,4,2
3682,409,1,547,4,2
3683,409,0,547,4,2
3684,409,0,547,4,2
3685,409,0,547,4,2
3686,409,0,547,4,2
3687,409,0,547,4,2
3688,409,0,547,4,2
3689,409,0,547,4,2
3690,409,0,547,4,2
3691,409,0,547,4,2
3692,409,0,547,4,2
3693,409,0,547,4,2
3694,409,0,547,4,2
3695,409,0,547,4,2
3696,409,0,547,4,2
3697,409,0,547,4,2
3698,409,0,547,4,2
3699,409,0,547,4,2
3700,410,1,549,4,2
3701,410,0,549,4,2
3702,410,0,549,4,2
3703,410,0,549,4,2
3704,410,0,549,4,2
3705,410,0,549,4,2
3706,410,0,549,4,2
3707,410,0,549,4,2
3708,410,0,549,4,2
3709,410,0,549,4,2
3710,410,0,549,4,2
3711,410,0,549,4,2
3712,410,0,549,4,2
3713,410,0,549,4,2
3714,410,0,549,4,2
3715,410,0,549,4,2
3716,410,0,549,4,2
3717,410,0,549,4,2
3718,411,1,550,4,2
3719,411,0,550,4,2
3720,411,0,550,4,2
3721,411,0,550,4,2
3722,411,0,550,4,2
3723,411,0,550,4,2
3724,411,0,550,4,2
3725,411,0,550,4,2
3726,411,0,550,4,2
3727,411,0,550,4,2
3728,411,0,550,4,2
3729,411,0,550,4,2
3730,411,0,550,4,2
3731,411,0,550,4,2
3732,411,0,550,4,2
3733,411,0,550,4,2
3734,412,1,552,4,2
3735,412,0,552,4,2
3736,412,0,552,4,2
3737,412,0,552,4,2
3738,412,0,552,4,2
3739,412,0,552,4,2
3740,412,0,552,4,2
3741,412,0,552,4,2
3742,412,0,552,4,2
3743,412,0,552,4,2
3744,412,0,552,4,2
3745,412,0,552,4,2
3746,413,1,553,4,2
3747,413,0,553,4,2
3748,413,0,553,4,2
3749,413,0,553,4,2
3750,413,0,553,4,2
3751,413,0,553,4,2
3752,413,0,553,4,2
3753,413,0,553,4,2
3754,413,0,553,4,2
3755,413,0,553,4,2
3756,414,1,555,4,2
3757,414,0,555,4,2
3758,414,0,555,4,2
3759,414,0,555,4,2
3760,414,0,555,4,2
3761,414,0,555,4,2
3762,414,0,555,4,2
3763,414,0,555,4,2
3764,414,0,555,4,2
3765,414,0,555,4,2
3766,415,1,556,4,2
3767,415,0,556,4,2
3768,415,0,556,4,2
3769,415,0,556,4,2
3770,415,0,556,4,2
3771,415,0,556,4,2
3772,415,0,556,4,2
3773,416,1,558,4,2
3774,416,0,558,4,2
3775,416,0,558,4,2
3776,416,0,558,4,2
3777,416,0,558,4,2
3778,417,1,559,4,2
3779,417,0,559,4,2
3780,417,0,559,4,2
3781,417,0,559,4,2
3782,417,0,559,4,2
3783,417,0,559,4,2
3784,418,1,560,4,2
3785,418,0,560,4,2
3786,418,0,560,4,2
3787,418,0,560,4,2
3788,418,0,560,4,2
3789,418,0,560,4,2
3790,419,1,561,4,2
3791,419,0,561,4,2
3792,419,0,561,4,2
3793,419,0,561,4,2
3794,419,0,561,4,2
3795,419,0,561,4,2
3796,420,1,562,4,2
3797,420,0,562,4,2
3798,420,0,562,4,2
3799,420,0,562,4,2
3800,420,0,562,4,2
3801,421,1,563,4,2
3802,421,0,563,4,2
3803,421,0,563,4,2
3804,421,0,563,4,2
3805,421,0,563,4,2
3806,421,0,563,4,2
3807,422,1,564,4,2
3808,422,0,564,4,2
3809,422,0,564,4,2
3810,422,0,564,4,2
3811,422,0,564,4,2
3812,422,0,564,4,2
3813,423,1,565,4,2
3814,423,0,565,4,2
3815,423,0,565,4,2
3816,423,0,565,4,2
3817,423,0,565,4,2
3818,423,0,565,4,2
3819,424,1,566,4,2
3820,424,0,566,4,2
3821,424,0,566,4,2
3822,424,0,566,4,2
3823,424,0,566,4,2
3824,425,1,567,4,2
3825,425,0,567,4,2
3826,425,0,567,4,2
3827,425,0,567,4,2
3828,425,0,567,4,2
3829,425,0,567,4,2
3830,425,0,567,4,2
3831,426,1,568,4,2
3832,426,0,568,4,2
3833,426,0,568,4,2
3834,426,0,568,4,2
3835,426,0,568,4,2
3836,426,0,568,4,2
3837,427,1,570,4,2
3838,427,0,570,4,2
3839,427,0,570,4,2
3840,427,0,570,4,2
3841,427,0,570,4,2
3842,428,1,571,4,2
3843,428,0,571,4,2
3844,428,0,571,4,2
3845,428,0,571,4,2
3846,428,0,571,4,2
3847,428,0,571,4,2
3848,429,1,572,4,2
3849,429,0,572,4,2
3850,429,0,572,4,2
3851,429,0,572,4,2
3852,429,0,572,4,2
3853,429,0,572,4,2
3854,430,1,573,4,2
3855,430,0,573,4,2
3856,430,0,573,4,2
3857,430,0,573,4,2
3858,430,0,573,4,2
3859,430,0,573,4,2
3860,431,1,574,4,2
3861,431,0,574,4,2
3862,431,0,574,4,2
3863,431,0,574,4,2
3864,431,0,574,4,2
3865,432,1,575,4,2
3866,432,0,575,4,2
3867,432,0,575,4,2
3868,432,0,575,4,2
3869,432,0,575,4,2
3870,432,0,575,4,2
3871,432,0,575,4,2
3872,433,1,576,4,2
3873,433,0,576,4,2
3874,433,0,576,4,2
3875,433,0,576,4,2
3876,433,0,576,4,2
3877,433,0,576,4,2
3878,433,0,576,4,2
3879,433,0,576,4,2
3880,433,0,576,4,2
3881,434,1,577,4,2
3882,434,0,577,4,2
3883,434,0,577,4,2
3884,434,0,577,4,2
3885,434,0,577,4,2
3886,434,0,577,4,2
3887,434,0,577,4,2
3888,434,0,577,4,2
3889,434,0,577,4,2
3890,434,0,577,4,2
3891,435,1,579,4,2
3892,435,0,579,4,2
3893,435,0,579,4,2
3894,435,0,579,4,2
3895,435,0,579,4,2
3896,435,0,579,4,2
3897,435,0,579,4,2
3898,435,0,579,4,2
3899,435,0,579,4,2
3900,435,0,579,4,2
3901,436,1,580,4,2
3902,436,0,580,4,2
3903,436,0,580,4,2
3904,436,0,580,4,2
3905,436,0,580,4,2
3906,436,0,580,4,2
3907,436,0,580,4,2
3908,436,0,580,4,2
3909,436,0,580,4,2
3910,436,0,580,4,2
3911,436,0,580,4,2
3912,436,0,580,4,2
3913,437,1,582,4,2
3914,437,0,582,4,2
3915,437,0,582,4,2
3916,437,0,582,4,2
3917,437,0,582,4,2
3918,437,0,582,4,2
3919,437,0,582,4,2
3920,437,0,582,4,2
3921,437,0,582,4,2
3922,437,0,582,4,2
3923,437,0,582,4,2
3924,437,0,582,4,2
3925,437,0,582,4,2
3926,437,0,582,4,2
3927,437,0,582,4,2
3928,438,1,583,4,2
3929,438,0,583,4,2
3930,438,0,583,4,2
3931,438,0,583,4,2
3932,438,0,583,4,2
3933,438,0,583,4,2
3934,438,0,583,4,2
3935,438,0,583,4,2
3936,438,0,583,4,2
3937,438,0,583,4,2
3938,438,0,583,4,2
3939,438,0,583,4,2
3940,438,0,583,4,2
3941,438,0,583,4,2
3942,438,0,583,4,2
3943,438,0,583,4,2
3944,439,1,585,4,2
3945,439,0,585,4,2
3946,439,0,585,4,2
3947,439,0,585,4,2
3948,439,0,585,4,2
3949,439,0,585,4,2
3950,439,0,585,4,2
3951,439,0,585,4,2
3952,439,0,585,4,2
3953,439,0,585,4,2
3954,439,0,585,4,2
3955,439,0,585,4,2
3956,439,0,585,4,2
3957,439,0,585,4,2
3958,439,0,585,4,2
3959,439,0,585,4,2
3960,439,0,585,4,2
3961,439,0,585,4,2
3962,439,0,585,4,2
3963,439,0,585,4,2
3964,440,1,586,4,2
3965,440,0,586,4,2
3966,440,0,586,4,2
3967,440,0,586,4,2
3968,440,0,586,4,2
3969,440,0,586,4,2
3970,440,0,586,4,2
3971,440,0,586,4,2
3972,440,0,586,4,2
3973,440,0,586,4,2
3974,440,0,586,4,2
3975,440,0,586,4,2
3976,440,0,586,4,2
3977,440,0,586,4,2
3978,440,0,586,4,2
3979,440,0,586,4,2
3980,440,0,586,4,2
3981,440,0,586,4,2
3982,440,0,586,4,2
3983,441,1,588,4,2
3984,441,0,588,4,2
3985,441,0,588,4,2
3986,441,0,588,4,2
3987,441,0,588,4,2
3988,441,0,588,4,2
3989,441,0,588,4,2
3990,441,0,588,4,2
3991,441,0,588,4,2
3992,441,0,588,4,2
3993,441,0,588,4,2
3994,441,0,588,4,2
3995,441,0,588,4,2
3996,441,0,588,4,2
3997,441,0,588,4,2
3998,441,0,588,4,2
3999,441,0,588,4,2
4000,441,0,588,4,2
4001,441,0,588,4,2
4002,441,0,588,4,2
4003,441,0,588,4,2
4004,442,1,589,4,2
4005,442,0,589,4,2
4006,442,0,589,4,2
4007,442,0,589,4,2
4008,442,0,589,4,2
4009,442,0,589,4,2
4010,442,0,589,4,2
4011,442,0,589,4,2
4012,442,0,589,4,2
4013,442,0,589,4,2
4014,442,0,589,4,2
4015,442,0,589,4,2
4016,442,0,589,4,2
4017,442,0,589,4,2
4018,442,0,589,4,2
4019,442,0,589,4,2
4020,442,0,589,4,2
4021,442,0,589,4,2
4022,442,0,589,4,2
4023,442,0,589,4,2
4024,442,0,589,4,2
4025,442,0,589,4,2
4026,442,0,589,4,2
4027,442,0,589,4,2
4028,443,1,591,4,2
4029,443,0,591,4,2
4030,443,0,591,4,2
4031,443,0,591,4,2
4032,443,0,591,4,2
4033,443,0,591,4,2
4034,443,0,591,4,2
4035,443,0,591,4,2
4036,443,0,591,4,2
4037,443,0,591,4,2
4038,443,0,591,4,2
4039,443,0,591,4,2
4040,443,0,591,4,2
4041,443,0,591,4,2
4042,443,0,591,4,2
4043,443,0,591,4,2
4044,443,0,591,4,2
4045,443,0,591,4,2
4046,443,0,591,4,2
4047,443,0,591,4,2
4048,443,0,591,4,2
4049,443,0,591,4,2
4050,443,0,591,4,2
4051,444,1,592,4,2
4052,444,0,592,4,2
4053,444,0,592,4,2
4054,444,0,592,4,2
4055,444,0,592,4,2
4056,444,0,592,4,2
4057,444,0,592,4,2
4058,444,0,592,4,2
4059,444,0,592,4,2
4060,444,0,592,4,2
4061,444,0,592,4,2
4062,444,0,592,4,2
4063,444,0,592,4,2
4064,444,0,592,4,2
4065,444,0,592,4,2
4066,444,0,592,4,2
4067,444,0,592,4,2
4068,444,0,592,4,2
4069,444,0,592,4,2
4070,445,1,594,4,2
4071,445,0,594,4,2
4072,445,0,594,4,2
4073,445,0,594,4,2
4074,445,0,594,4,2
4075,445,0,594,4,2
4076,445,0,594,4,2
4077,445,0,594,4,2
4078,445,0,594,4,2
4079,445,0,594,4,2
4080,445,0,594,4,2
4081,445,0,594,4,2
4082,445,0,594,4,2
4083,445,0,594,4,2
4084,445,0,594,4,2
4085,445,0,594,4,2
4086,445,0,594,4,2
4087,445,0,594,4,2
4088,445,0,594,4,2
4089,445,0,594,4,2
4090,446,1,595,4,2
4091,446,0,595,4,2
4092,446,0,595,4,2
4093,446,0,595,4,2
4094,446,0,595,4,2
4095,446,0,595,4,2
4096,446,0,595,4,2
4097,446,0,595,4,2
4098,446,0,595,4,2
4099,446,0,595,4,2
4100,446,0,595,4,2
4101,446,0,595,4,2
4102,446,0,595,4,2
4103,446,0,595,4,2
4104,446,0,595,4,2
4105,446,0,595,4,2
4106,446,0,595,4,2
4107,446,0,595,4,2
4108,446,0,595,4,2
4109,446,0,595,4,2
4110,446,0,595,4,2
4111,446,0,595,4,2
4112,446,0,595,4,2
4113,446,0,595,4,2
4114,447,1,597,4,2
4115,447,0,597,4,2
4116,447,0,597,4,2
4117,447,0,597,4,2
4118,447,0,597,4,2
4119,447,0,597,4,2
4120,447,0,597,4,2
4121,447,0,597,4,2
4122,447,0,597,4,2
4123,447,0,597,4,2
4124,447,0,597,4,2
4125,447,0,597,4,2
4126,447,0,597,4,2
4127,447,0,597,4,2
4128,447,0,597,4,2
4129,447,0,597,4,2
4130,447,0,597,4,2
4131,447,0,597,4,2
4132,447,0,597,4,2
4133,447,0,597,4,2
4134,447,0,597,4,2
4135,448,1,598,4,2
4136,448,0,598,4,2
4137,448,0,598,4,2
4138,448,0,598,4,2
4139,448,0,598,4,2
4140,448,0,598,4,2
4141,448,0,598,4,2
4142,448,0,598,4,2
4143,448,0,598,4,2
4144,448,0,598,4,2
4145,448,0,598,4,2
4146,448,0,598,4,2
4147,448,0,598,4,2
4148,448,0,598,4,2
4149,448,0,598,4,2
4150,448,0,598,4,2
4151,448,0,598,4,2
4152,448,0,598,4,2
4153,448,0,598,4,2
4154,448,0,598,4,2
4155,449,1,600,4,2
4156,449,0,600,4,2
4157,449,0,600,4,2
4158,449,0,600,4,2
4159,449,0,600,4,2
4160,449,0,600,4,2
4161,449,0,600,4,2
4162,449,0,600,4,2
4163,449,0,600,4,2
4164,449,0,600,4,2
4165,449,0,600,4,2
4166,449,0,600,4,2
4167,449,0,600,4,2
4168,449,0,600,4,2
4169,449,0,600,4,2
4170,449,0,600,4,2
4171,449,0,600,4,2
4172,449,0,600,4,2
4173,449,0,600,4,2
4174,449,0,600,4,2
4175,450,1,601,4,2
4176,450,0,601,4,2
4177,450,0,601,4,2
4178,450,0,601,4,2
4179,450,0,601,4,2
4180,450,0,601,4,2
4181,450,0,601,4,2
4182,450,0,601,4,2
4183,450,0,601,4,2
4184,450,0,601,4,2
4185,450,0,601,4,2
4186,450,0,601,4,2
4187,450,0,601,4,2
4188,450,0,601,4,2
4189,450,0,601,4,2
4190,450,0,601,4,2
4191,450,0,601,4,2
4192,450,0,601,4,2
4193,450,0,601,4,2
4194,451,1,603,4,2
4195,451,0,603,4,2
4196,451,0,603,4,2
4197,451,0,603,4,2
4198,451,0,603,4,2
4199,451,0,603,4,2
4200,451,0,603,4,2
4201,451,0,603,4,2
4202,451,0,603,4,2
4203,451,0,603,4,2
4204,451,0,603,4,2
4205,451,0,603,4,2
4206,451,0,603,4,2
4207,451,0,603,4,2
4208,451,0,603,4,2
4209,451,0,603,4,2
4210,451,0,603,4,2
4211,451,0,603,4,2
4212,451,0,603,4,2
4213,452,1,604,4,2
4214,452,0,604,4,2
4215,452,0,604,4,2
4216,452,0,604,4,2
4217,452,0,604,4,2
4218,452,0,604,4,2
4219,452,0,604,4,2
4220,452,0,604,4,2
4221,452,0,604,4,2
4222,452,0,604,4,2
4223,452,0,604,4,2
4224,452,0,604,4,2
4225,452,0,604,4,2
4226,452,0,604,4,2
4227,452,0,604,4,2
4228,452,0,604,4,2
4229,452,0,604,4,2
4230,452,0,604,4,2
4231,452,0,604,4,2
4232,453,1,606,4,2
4233,453,0,606,4,2
4234,453,0,606,4,2
4235,453,0,606,4,2
4236,453,0,606,4,2
4237,453,0,606,4,2
4238,453,0,606,4,2
4239,453,0,606,4,2
4240,453,0,606,4,2
4241,453,0,606,4,2
4242,453,0,606,4,2
4243,453,0,606,4,2
4244,453,0,606,4,2
4245,453,0,606,4,2
4246,453,0,606,4,2
4247,453,0,606,4,2
4248,453,0,606,4,2
4249,453,0,606,4,2
4250,454,1,607,4,2
4251,454,0,607,4,2
4252,454,0,607,4,2
4253,454,0,607,4,2
4254,454,0,607,4,2
4255,454,0,607,4,2
4256,454,0,607,4,2
4257,454,0,607,4,2
4258,454,0,607,4,2
4259,454,0,607,4,2
4260,454,0,607,4,2
4261,454,0,607,4,2
4262,454,0,607,4,2
4263,454,0,607,4,2
4264,454,0,607,4,2
4265,454,0,607,4,2
4266,454,0,607,4,2
4267,454,0,607,4,2
4268,454,0,607,4,2
4269,455,1,609,4,2
4270,455,0,609,4,2
4271,455,0,609,4,2
4272,455,0,609,4,2
4273,455,0,609,4,2
4274,455,0,609,4,2
4275,455,0,609,4,2
4276,455,0,609,4,2
4277,455,0,609,4,2
4278,455,0,609,4,2
4279,455,0,609,4,2
4280,455,0,609,4,2
4281,455,0,609,4,2
4282,455,0,609,4,2
4283,455,0,609,4,2
4284,455,0,609,4,2
4285,455,0,609,4,2
4286,455,0,609,4,2
4287,455,0,609,4,2
4288,456,1,610,4,2
4289,456,0,610,4,2
4290,456,0,610,4,2
4291,456,0,610,4,2
4292,456,0,610,4,2
4293,456,0,610,4,2
4294,456,0,610,4,2
4295,456,0,610,4,2
4296,456,0,610,4,2
4297,456,0,610,4,2
4298,456,0,610,4,2
4299,456,0,610,4,2
4300,456,0,610,4,2
4301,456,0,610,4,2
4302,456,0,610,4,2
4303,456,0,610,4,2
4304,456,0,610,4,2
4305,456,0,610,4,2
4306,457,1,612,4,2
4307,457,0,612,4,2
4308,457,0,612,4,2
4309,457,0,612,4,2
4310,457,0,612,4,2
4311,457,0,612,4,2
4312,457,0,612,4,2
4313,457,0,612,4,2
4314,457,0,612,4,2
4315,457,0,612,4,2
4316,457,0,612,4,2
4317,457,0,612,4,2
4318,457,0,612,4,2
4319,457,0,612,4,2
4320,457,0,612,4,2
4321,457,0,612,4,2
4322,457,0,612,4,2
4323,457,0,612,4,2
4324,457,0,612,4,2
4325,458,1,613,4,2
4326,458,0,613,4,2
4327,458,0,613,4,2
4328,458,0,613,4,2
4329,458,0,613,4,2
4330,458,0,613,4,2
4331,458,0,613,4,2
4332,458,0,613,4,2
4333,458,0,613,4,2
4334,458,0,613,4,2
4335,458,0,613,4,2
4336,458,0,613,4,2
4337,458,0,613,4,2
4338,458,0,613,4,2
4339,458,0,613,4,2
4340,459,1,615,4,2
4341,459,0,615,4,2
4342,459,0,615,4,2
4343,459,0,615,4,2
4344,459,0,615,4,2
4345,459,0,615,4,2
4346,459,0,615,4,2
4347,459,0,615,4,2
4348,459,0,615,4,2
4349,459,0,615,4,2
4350,459,0,615,4,2
4351,459,0,615,4,2
4352,459,0,615,4,2
4353,459,0,615,4,2
4354,459,0,615,4,2
4355,460,1,616,4,2
4356,460,0,616,4,2
4357,460,0,616,4,2
4358,460,0,616,4,2
4359,460,0,616,4,2
4360,460,0,616,4,2
4361,460,0,616,4,2
4362,460,0,616,4,2
4363,460,0,616,4,2
4364,460,0,616,4,2
4365,460,0,616,4,2
4366,460,0,616,4,2
4367,460,0,616,4,2
4368,461,1,618,4,2
4369,461,0,618,4,2
4370,461,0,618,4,2
4371,461,0,618,4,2
4372,461,0,618,4,2
4373,461,0,618,4,2
4374,461,0,618,4,2
4375,461,0,618,4,2
4376,461,0,618,4,2
4377,461,0,618,4,2
4378,462,1,619,4,2
4379,462,0,619,4,2
4380,462,0,619,4,2
4381,462,0,619,4,2
4382,462,0,619,4,2
4383,462,0,619,4,2
4384,462,0,619,4,2
4385,462,0,619,4,2
4386,462,0,619,4,2
4387,462,0,619,4,2
4388,463,1,621,4,2
4389,463,0,621,4,2
4390,463,0,621,4,2
4391,463,0,621,4,2
4392,463,0,621,4,2
4393,463,0,621,4,2
4394,463,0,621,4,2
4395,463,0,621,4,2
4396,463,0,621,4,2
4397,463,0,621,4,2
4398,463,0,621,4,2
4399,464,1,622,4,2
4400,464,0,622,4,2
4401,464,0,622,4,2
4402,464,0,622,4,2
4403,464,0,622,4,2
4404,464,0,622,4,2
4405,464,0,622,4,2
4406,464,0,622,4,2
4407,464,0,622,4,2
4408,464,0,622,4,2
4409,465,1,624,4,2
4410,465,0,624,4,2
4411,465,0,624,4,2
4412,465,0,624,4,2
4413,465,0,624,4,2
4414,465,0,624,4,2
4415,465,0,624,4,2
4416,466,1,625,4,2
4417,466,0,625,4,2
4418,466,0,625,4,2
4419,466,0,625,4,2
4420,466,0,625,4,2
4421,466,0,625,4,2
4422,467,1,627,4,2
4423,467,0,627,4,2
4424,467,0,627,4,2
4425,467,0,627,4,2
4426,467,0,627,4,2
4427,467,0,627,4,2
4428,467,0,627,4,2
4429,468,1,628,4,2
4430,468,0,628,4,2
4431,468,0,628,4,2
4432,468,0,628,4,2
4433,468,0,628,4,2
4434,468,0,628,4,2
4435,468,0,628,4,2
4436,469,1,629,4,2
4437,469,0,629,4,2
4438,469,0,629,4,2
4439,469,0,629,4,2
4440,469,0,629,4,2
4441,469,0,629,4,2
4442,470,1,630,4,2
4443,470,0,630,4,2
4444,470,0,630,4,2
4445,470,0,630,4,2
4446,470,0,630,4,2
4447,470,0,630,4,2
4448,470,0,630,4,2
4449,470,0,630,4,2
4450,471,1,632,4,2
4451,471,0,632,4,2
4452,471,0,632,4,2
4453,471,0,632,4,2
4454,471,0,632,4,2
4455,471,0,632,4,2
4456,471,0,632,4,2
4457,472,1,633,4,2
4458,472,0,633,4,2
4459,472,0,633,4,2
4460,472,0,633,4,2
4461,472,0,633,4,2
4462,472,0,633,4,2
4463,472,0,633,4,2
4464,473,1,634,4,2
4465,473,0,634,4,2
4466,473,0,634,4,2
4467,473,0,634,4,2
4468,473,0,634,4,2
4469,473,0,634,4,2
4470,473,0,634,4,2
4471,473,0,634,4,2
4472,474,1,636,4,2
4473,474,0,636,4,2
4474,474,0,636,4,2
4475,474,0,636,4,2
4476,474,0,636,4,2
4477,474,0,636,4,2
4478,474,0,636,4,2
4479,474,0,636,4,2
4480,474,0,636,4,2
4481,474,0,636,4,2
4482,474,0,636,4,2
4483,474,0,636,4,2
4484,475,1,637,4,2
4485,475,0,637,4,2
4486,475,0,637,4,2
4487,475,0,637,4,2
4488,475,0,637,4,2
4489,475,0,637,4,2
4490,475,0,637,4,2
4491,475,0,637,4,2
4492,475,0,637,4,2
4493,475,0,637,4,2
4494,475,0,637,4,2
4495,475,0,637,4,2
4496,476,1,639,4,2
4497,476,0,639,4,2
4498,476,0,639,4,2
4499,476,0,639,4,2
4500,476,0,639,4,2
4501,476,0,639,4,2
4502,476,0,639,4,2
4503,476,0,639,4,2
4504,476,0,639,4,2
4505,476,0,639,4,2
4506,476,0,639,4,2
4507,477,1,640,4,2
4508,477,0,640,4,2
4509,477,0,640,4,2
4510,477,0,640,4,2
4511,477,0,640,4,2
4512,477,0,640,4,2
4513,477,0,640,4,2
4514,477,0,640,4,2
4515,477,0,640,4,2
4516,477,0,640,4,2
4517,477,0,640,4,2
4518,478,1,642,4,2
4519,478,0,642,4,2
4520,478,0,642,4,2
4521,478,0,642,4,2
4522,478,0,642,4,2
4523,478,0,642,4,2
4524,478,0,642,4,2
4525,478,0,642,4,2
4526,478,0,642,4,2
4527,478,0,642,4,2
4528,478,0,642,4,2
4529,479,1,643,4,2
4530,479,0,643,4,2
4531,479,0,643,4,2
4532,479,0,643,4,2
4533,479,0,643,4,2
4534,479,0,643,4,2
4535,479,0,643,4,2
4536,479,0,643,4,2
4537,479,0,643,4,2
4538,479,0,643,4,2
4539,479,0,643,4,2
4540,480,1,645,4,2
4541,480,0,645,4,2
4542,480,0,645,4,2
4543,480,0,645,4,2
4544,480,0,645,4,2
4545,480,0,645,4,2
4546,480,0,645,4,2
4547,480,0,645,4,2
4548,480,0,645,4,2
4549,480,0,645,4,2
4550,480,0,645,4,2
4551,480,0,645,4,2
4552,481,1,646,4,2
4553,481,0,646,4,2
4554,481,0,646,4,2
4555,481,0,646,4,2
4556,481,0,646,4,2
4557,481,0,646,4,2
4558,481,0,646,4,2
4559,481,0,646,4,2
4560,481,0,646,4,2
4561,481,0,646,4,2
4562,481,0,646,4,2
4563,481,0,646,4,2
4564,482,1,648,4,2
4565,482,0,648,4,2
4566,482,0,648,4,2
4567,482,0,648,4,2
4568,482,0,648,4,2
4569,482,0,648,4,2
4570,482,0,648,4,2
4571,482,0,648,4,2
4572,482,0,648,4,2
4573,482,0,648,4,2
4574,482,0,648,4,2
4575,483,1,649,4,2
4576,483,0,649,4,2
4577,483,0,649,4,2
4578,483,0,649,4,2
4579,483,0,649,4,2
4580,483,0,649,4,2
4581,483,0,649,4,2
4582,483,0,649,4,2
4583,483,0,649,4,2
4584,483,0,649,4,2
4585,483,0,649,4,2
4586,483,0,649,4,2
4587,484,1,651,4,2
4588,484,0,651,4,2
4589,484,0,651,4,2
4590,484,0,651,4,2
4591,484,0,651,4,2
4592,484,0,651,4,2
4593,484,0,651,4,2
4594,484,0,651,4,2
4595,484,0,651,4,2
4596,484,0,651,4,2
4597,484,0,651,4,2
4598,485,1,652,4,2
4599,485,0,652,4,2
4600,485,0,652,4,2
4601,485,0,652,4,2
4602,485,0,652,4,2
4603,485,0,652,4,2
4604,485,0,652,4,2
4605,485,0,652,4,2
4606,485,0,652,4,2
4607,485,0,652,4,2
4608,485,0,652,4,2
4609,485,0,652,4,2
4610,485,0,652,4,2
4611,485,0,652,4,2
4612,485,0,652,4,2
4613,486,1,654,4,2
4614,486,0,654,4,2
4615,486,0,654,4,2
4616,486,0,654,4,2
4617,486,0,654,4,2
4618,486,0,654,4,2
4619,486,0,654,4,2
4620,486,0,654,4,2
4621,486,0,654,4,2
4622,486,0,654,4,2
4623,486,0,654,4,2
4624,486,0,654,4,2
4625,486,0,654,4,2
4626,486,0,654,4,2
4627,486,0,654,4,2
4628,487,1,655,4,2
4629,487,0,655,4,2
4630,487,0,655,4,2
4631,487,0,655,4,2
4632,487,0,655,4,2
4633,487,0,655,4,2
4634,487,0,655,4,2
4635,487,0,655,4,2
4636,487,0,655,4,2
4637,487,0,655,4,2
4638,487,0,655,4,2
4639,487,0,655,4,2
4640,487,0,655,4,2
4641,487,0,655,4,2
4642,487,0,655,4,2
4643,487,0,655,4,2
4644,488,1,657,4,2
4645,488,0,657,4,2
4646,488,0,657,4,2
4647,488,0,657,4,2
4648,488,0,657,4,2
4649,488,0,657,4,2
4650,488,0,657,4,2
4651,488,0,657,4,2
4652,488,0,657,4,2
4653,488,0,657,4,2
4654,488,0,657,4,2
4655,488,0,657,4,2
4656,488,0,657,4,2
4657,488,0,657,4,2
4658,488,0,657,4,2
4659,489,1,658,4,2
4660,489,0,658,4,2
4661,489,0,658,4,2
4662,489,0,658,4,2
4663,489,0,658,4,2
4664,489,0,658,4,2
4665,489,0,658,4,2
4666,489,0,658,4,2
4667,489,0,658,4,2
4668,489,0,658,4,2
4669,489,0,658,4,2
4670,489,0,658,4,2
4671,489,0,658,4,2
4672,489,0,658,4,2
4673,489,0,658,4,2
4674,489,0,658,4,2
4675,490,1,660,4,2
4676,490,0,660,4,2
4677,490,0,660,4,2
4678,490,0,660,4,2
4679,490,0,660,4,2
4680,490,0,660,4,2
4681,490,0,660,4,2
4682,490,0,660,4,2
4683,490,0,660,4,2
4684,490,0,660,4,2
4685,490,0,660,4,2
4686,490,0,660,4,2
4687,490,0,660,4,2
4688,490,0,660,4,2
4689,490,0,660,4,2
4690,491,1,661,4,2
4691,491,0,661,4,2
4692,491,0,661,4,2
4693,491,0,661,4,2
4694,491,0,661,4,2
4695,491,0,661,4,2
4696,491,0,661,4,2
4697,491,0,661,4,2
4698,491,0,661,4,2
4699,491,0,661,4,2
4700,491,0,661,4,2
4701,491,0,661,4,2
4702,491,0,661,4,2
4703,491,0,661,4,2
4704,491,0,661,4,2
4705,491,0,661,4,2
4706,492,1,663,4,2
4707,492,0,663,4,2
4708,492,0,663,4,2
4709,492,0,663,4,2
4710,492,0,663,4,2
4711,492,0,663,4,2
4712,492,0,663,4,2
4713,492,0,663,4,2
4714,492,0,663,4,2
4715,492,0,663,4,2
4716,492,0,663,4,2
4717,492,0,663,4,2
4718,492,0,663,4,2
4719,492,0,663,4,2
4720,492,0,663,4,2
4721,492,0,663,4,2
4722,493,1,664,4,2
4723,493,0,664,4,2
4724,493,0,664,4,2
4725,493,0,664,4,2
4726,493,0,664,4,2
4727,493,0,664,4,2
4728,493,0,664,4,2
4729,493,0,664,4,2
4730,493,0,664,4,2
4731,493,0,664,4,2
4732,493,0,664,4,2
4733,493,0,664,4,2
4734,493,0,664,4,2
4735,493,0,664,4,2
4736,493,0,664,4,2
4737,494,1,666,4,2
4738,494,0,666,4,2
4739,494,0,666,4,2
4740,494,0,666,4,2
4741,494,0,666,4,2
4742,494,0,666,4,2
4743,494,0,666,4,2
4744,494,0,666,4,2
4745,494,0,666,4,2
4746,494,0,666,4,2
4747,494,0,666,4,2
4748,494,0,666,4,2
4749,494,0,666,4,2
4750,494,0,666,4,2
4751,494,0,666,4,2
4752,494,0,666,4,2
4753,495,1,667,4,2
4754,495,0,667,4,2
4755,495,0,667,4,2
4756,495,0,667,4,2
4757,495,0,667,4,2
4758,495,0,667,4,2
4759,495,0,667,4,2
4760,495,0,667,4,2
4761,495,0,667,4,2
4762,495,0,667,4,2
4763,495,0,667,4,2
4764,495,0,667,4,2
4765,495,0,667,4,2
4766,495,0,667,4,2
4767,495,0,667,4,2
4768,496,1,669,4,2
4769,496,0,669,4,2
4770,496,0,669,4,2
4771,496,0,669,4,2
4772,496,0,669,4,2
4773,496,0,669,4,2
4774,496,0,669,4,2
4775,496,0,669,4,2
4776,496,0,669,4,2
4777,496,0,669,4,2
4778,496,0,669,4,2
4779,496,0,669,4,2
4780,496,0,669,4,2
4781,496,0,669,4,2
4782,496,0,669,4,2
4783,497,1,670,4,2
4784,497,0,670,4,2
4785,497,0,670,4,2
4786,497,0,670,4,2
4787,497,0,670,4,2
4788,497,0,670,4,2
4789,497,0,670,4,2
4790,497,0,670,4,2
4791,497,0,670,4,2
4792,497,0,670,4,2
4793,497,0,670,4,2
4794,497,0,670,4,2
4795,497,0,670,4,2
4796,497,0,670,4,2
4797,497,0,670,4,2
4798,498,1,672,4,2
4799,498,0,672,4,2
4800,498,0,672,4,2
4801,498,0,672,4,2
4802,498,0,672,4,2
4803,498,0,672,4,2
4804,498,0,672,4,2
4805,498,0,672,4,2
4806,498,0,672,4,2
4807,498,0,672,4,2
4808,498,0,672,4,2
4809,498,0,672,4,2
4810,498,0,672,4,2
4811,498,0,672,4,2
4812,498,0,672,4,2
4813,498,0,672,4,2
4814,499,1,673,4,2
4815,499,0,673,4,2
4816,499,0,673,4,2
4817,499,0,673,4,2
4818,499,0,673,4,2
4819,499,0,673,4,2
4820,499,0,673,4,2
4821,499,0,673,4,2
4822,499,0,673,4,2
4823,499,0,673,4,2
4824,499,0,673,4,2
4825,499,0,673,4,2
4826,499,0,673,4,2
4827,499,0,673,4,2
4828,499,0,673,4,2
4829,500,1,675,4,2
4830,500,0,675,4,2
4831,500,0,675,4,2
4832,500,0,675,4,2
4833,500,0,675,4,2
4834,500,0,675,4,2
4835,500,0,675,4,2
4836,500,0,675,4,2
4837,500,0,675,4,2
4838,500,0,675,4,2
4839,500,0,675,4,2
4840,500,0,675,4,2
4841,500,0,675,4,2
4842,500,0,675,4,2
4843,500,0,675,4,2
4844,501,1,676,4,2
4845,501,0,676,4,2
4846,501,0,676,4,2
4847,501,0,676,4,2
4848,501,0,676,4,2
4849,501,0,676,4,2
4850,501,0,676,4,2
4851,501,0,676,4,2
4852,501,0,676,4,2
4853,501,0,676,4,2
4854,501,0,676,4,2
4855,501,0,676,4,2
4856,501,0,676,4,2
4857,501,0,676,4,2
4858,501,0,676,4,2
4859,502,1,678,4,2
4860,502,0,678,4,2
4861,502,0,678,4,2
4862,502,0,678,4,2
4863,502,0,678,4,2
4864,502,0,678,4,2
4865,502,0,678,4,2
4866,502,0,678,4,2
4867,502,0,678,4,2
4868,502,0,678,4,2
4869,502,0,678,4,2
4870,502,0,678,4,2
4871,502,0,678,4,2
4872,502,0,678,4,2
4873,502,0,678,4,2
4874,502,0,678,4,2
4875,502,0,678,4,2
4876,502,0,678,4,2
4877,503,1,679,4,2
4878,503,0,679,4,2
4879,503,0,679,4,2
4880,503,0,679,4,2
4881,503,0,679,4,2
4882,503,0,679,4,2
4883,503,0,679,4,2
4884,503,0,679,4,2
4885,503,0,679,4,2
4886,503,0,679,4,2
4887,503,0,679,4,2
4888,503,0,679,4,2
4889,503,0,679,4,2
4890,503,0,679,4,2
4891,503,0,679,4,2
4892,503,0,679,4,2
4893,503,0,679,4,2
4894,503,0,679,4,2
4895,503,0,679,4,2
4896,504,1,681,4,2
4897,504,0,681,4,2
4898,504,0,681,4,2
4899,504,0,681,4,2
4900,504,0,681,4,2
4901,504,0,681,4,2
4902,504,0,681,4,2
4903,504,0,681,4,2
4904,504,0,681,4,2
4905,504,0,681,4,2
4906,504,0,681,4,2
4907,504,0,681,4,2
4908,504,0,681,4,2
4909,504,0,681,4,2
4910,504,0,681,4,2
4911,504,0,681,4,2
4912,505,1,682,4,2
4913,505,0,682,4,2
4914,505,0,682,4,2
4915,505,0,682,4,2
4916,505,0,682,4,2
4917,505,0,682,4,2
4918,505,0,682,4,2
4919,505,0,682,4,2
4920,505,0,682,4,2
4921,505,0,682,4,2
4922,505,0,682,4,2
4923,505,0,682,4,2
4924,505,0,682,4,2
4925,505,0,682,4,2
4926,505,0,682,4,2
4927,506,1,684,4,2
4928,506,0,684,4,2
4929,506,0,684,4,2
4930,506,0,684,4,2
4931,506,0,684,4,2
4932,506,0,684,4,2
4933,506,0,684,4,2
4934,506,0,684,4,2
4935,506,0,684,4,2
4936,506,0,684,4,2
4937,506,0,684,4,2
4938,506,0,684,4,2
4939,506,0,684,4,2
4940,506,0,684,4,2
4941,506,0,684,4,2
4942,507,1,685,4,2
4943,507,0,685,4,2
4944,507,0,685,4,2
4945,507,0,685,4,2
4946,507,0,685,4,2
4947,507,0,685,4,2
4948,507,0,685,4,2
4949,507,0,685,4,2
4950,507,0,685,4,2
4951,507,0,685,4,2
4952,507,0,685,4,2
4953,507,0,685,4,2
4954,507,0,685,4,2
4955,507,0,685,4,2
4956,507,0,685,4,2
4957,508,1,687,4,2
4958,508,0,687,4,2
4959,508,0,687,4,2
4960,508,0,687,4,2
4961,508,0,687,4,2
4962,508,0,687,4,2
4963,508,0,687,4,2
4964,508,0,687,4,2
4965,508,0,687,4,2
4966,508,0,687,4,2
4967,508,0,687,4,2
4968,508,0,687,4,2
4969,508,0,687,4,2
4970,508,0,687,4,2
4971,508,0,687,4,2
4972,508,0,687,4,2
4973,509,1,688,4,2
4974,509,0,688,4,2
4975,509,0,688,4,2
4976,509,0,688,4,2
4977,509,0,688,4,2
4978,509,0,688,4,2
4979,509,0,688,4,2
4980,509,0,688,4,2
4981,509,0,688,4,2
4982,509,0,688,4,2
4983,509,0,688,4,2
4984,509,0,688,4,2
4985,509,0,688,4,2
4986,509,0,688,4,2
4987,509,0,688,4,2
4988,510,1,690,4,2
4989,510,0,690,4,2
4990,510,0,690,4,2
4991,510,0,690,4,2
4992,510,0,690,4,2
4993,510,0,690,4,2
4994,510,0,690,4,2
4995,510,0,690,4,2
4996,510,0,690,4,2
4997,510,0,690,4,2
4998,510,0,690,4,2
4999,510,0,690,4,2
5000,510,0,690,4,2
5001,510,0,690,4,2
5002,510,0,690,4,2
5003,511,1,691,4,2
5004,511,0,691,4,2
5005,511,0,691,4,2
5006,511,0,691,4,2
5007,511,0,691,4,2
5008,511,0,691,4,2
5009,511,0,691,4,2
5010,511,0,691,4,2
5011,511,0,691,4,2
5012,511,0,691,4,2
5013,511,0,691,4,2
5014,511,0,691,4,2
5015,511,0,691,4,2
5016,511,0,691,4,2
5017,511,0,691,4,2
5018,512,1,693,4,2
5019,512,0,693,4,2
5020,512,0,693,4,2
5021,512,0,693,4,2
5022,512,0,693,4,2
5023,512,0,693,4,2
5024,512,0,693,4,2
5025,512,0,693,4,2
5026,512,0,693,4,2
5027,512,0,693,4,2
5028,512,0,693,4,2
5029,512,0,693,4,2
5030,512,0,693,4,2
5031,512,0,693,4,2
5032,512,0,693,4,2
5033,512,0,693,4,2
5034,513,1,694,4,2
5035,513,0,694,4,2
5036,513,0,694,4,2
5037,513,0,694,4,2
5038,513,0,694,4,2
5039,513,0,694,4,2
5040,513,0,694,4,2
5041,513,0,694,4,2
5042,513,0,694,4,2
5043,513,0,694,4,2
5044,513,0,694,4,2
5045,513,0,694,4,2
5046,513,0,694,4,2
5047,513,0,694,4,2
5048,513,0,694,4,2
5049,514,1,696,4,2
5050,514,0,696,4,2
5051,514,0,696,4,2
5052,514,0,696,4,2
5053,514,0,696,4,2
5054,514,0,696,4,2
5055,514,0,696,4,2
5056,514,0,696,4,2
5057,514,0,696,4,2
5058,514,0,696,4,2
5059,514,0,696,4,2
5060,514,0,696,4,2
5061,514,0,696,4,2
5062,514,0,696,4,2
5063,514,0,696,4,2
5064,515,1,697,4,2
5065,515,0,697,4,2
5066,515,0,697,4,2
5067,515,0,697,4,2
5068,515,0,697,4,2
5069,515,0,697,4,2
5070,515,0,697,4,2
5071,515,0,697,4,2
5072,515,0,697,4,2
5073,515,0,697,4,2
5074,515,0,697,4,2
5075,515,0,697,4,2
5076,515,0,697,4,2
5077,515,0,697,4,2
5078,515,0,697,4,2
5079,516,1,699,4,2
5080,516,0,699,4,2
5081,516,0,699,4,2
5082,516,0,699,4,2
5083,516,0,699,4,2
5084,516,0,699,4,2
5085,516,0,699,4,2
5086,516,0,699,4,2
5087,516,0,699,4,2
5088,516,0,699,4,2
5089,516,0,699,4,2
5090,516,0,699,4,2
5091,516,0,699,4,2
5092,516,0,699,4,2
5093,516,0,699,4,2
5094,517,1,700,4,2
5095,517,0,700,4,2
5096,517,0,700,4,2
5097,517,0,700,4,2
5098,517,0,700,4,2
5099,517,0,700,4,2
5100,517,0,700,4,2
5101,517,0,700,4,2
5102,517,0,700,4,2
5103,517,0,700,4,2
5104,517,0,700,4,2
5105,517,0,700,4,2
5106,517,0,700,4,2
5107,517,0,700,4,2
5108,517,0,700,4,2
5109,518,1,702,4,2
5110,518,0,702,4,2
5111,518,0,702,4,2
5112,518,0,702,4,2
5113,518,0,702,4,2
5114,518,0,702,4,2
5115,518,0,702,4,2
5116,518,0,702,4,2
5117,518,0,702,4,2
5118,518,0,702,4,2
5119,518,0,702,4,2
5120,519,1,703,4,2
5121,519,0,703,4,2
5122,519,0,703,4,2
5123,519,0,703,4,2
5124,519,0,703,4,2
5125,519,0,703,4,2
5126,519,0,703,4,2
5127,519,0,703,4,2
5128,519,0,703,4,2
5129,519,0,703,4,2
5130,520,1,705,4,2
5131,520,0,705,4,2
5132,520,0,705,4,2
5133,520,0,705,4,2
5134,520,0,705,4,2
5135,520,0,705,4,2
5136,520,0,705,4,2
5137,520,0,705,4,2
5138,520,0,705,4,2
5139,520,0,705,4,2
5140,520,0,705,4,2
5141,520,0,705,4,2
5142,521,1,706,4,2
5143,521,0,706,4,2
5144,521,0,706,4,2
5145,521,0,706,4,2
5146,521,0,706,4,2
5147,521,0,706,4,2
5148,521,0,706,4,2
5149,521,0,706,4,2
5150,521,0,706,4,2
5151,521,0,706,4,2
5152,521,0,706,4,2
5153,521,0,706,4,2
5154,521,0,706,4,2
5155,521,0,706,4,2
5156,521,0,706,4,2
5157,521,0,706,4,2
5158,522,1,708,4,2
5159,522,0,708,4,2
5160,522,0,708,4,2
5161,522,0,708,4,2
5162,522,0,708,4,2
5163,522,0,708,4,2
5164,522,0,708,4,2
5165,522,0,708,4,2
5166,522,0,708,4,2
5167,522,0,708,4,2
5168,522,0,708,4,2
5169,522,0,708,4,2
5170,522,0,708,4,2
5171,522,0,708,4,2
5172,522,0,708,4,2
5173,522,0,708,4,2
5174,522,0,708,4,2
5175,522,0,708,4,2
5176,522,0,708,4,2
5177,523,1,709,4,2
5178,523,0,709,4,2
5179,523,0,709,4,2
5180,523,0,709,4,2
5181,523,0,709,4,2
5182,523,0,709,4,2
5183,523,0,709,4,2
5184,523,0,709,4,2
5185,523,0,709,4,2
5186,523,0,709,4,2
5187,523,0,709,4,2
5188,523,0,709,4,2
5189,523,0,709,4,2
5190,523,0,709,4,2
5191,523,0,709,4,2
5192,523,0,709,4,2
5193,523,0,709,4,2
5194,523,0,709,4,2
5195,523,0,709,4,2
5196,523,0,709,4,2
5197,523,0,709,4,2
5198,523,0,709,4,2
5199,523,0,709,4,2
5200,523,0,709,4,2
5201,523,0,709,4,2
5202,524,1,711,4,2
5203,524,0,711,4,2
5204,524,0,711,4,2
5205,524,0,711,4,2
5206,524,0,711,4,2
5207,524,0,711,4,2
5208,524,0,711,4,2
5209,524,0,711,4,2
5210,524,0,711,4,2
5211,524,0,711,4,2
5212,524,0,711,4,2
5213,524,0,711,4,2
5214,524,0,711,4,2
5215,524,0,711,4,2
5216,524,0,711,4,2
5217,524,0,711,4,2
5218,524,0,711,4,2
5219,524,0,711,4,2
5220,524,0,711,4,2
5221,524,0,711,4,2
5222,524,0,711,4,2
5223,524,0,711,4,2
5224,524,0,711,4,2
5225,524,0,711,4,2
5226,524,0,711,4,2
5227,524,0,711,4,2
5228,524,0,711,4,2
5229,525,1,712,4,2
5230,525,0,712,4,2
5231,525,0,712,4,2
5232,525,0,712,4,2
5233,525,0,712,4,2
5234,525,0,712,4,2
5235,525,0,712,4,2
5236,525,0,712,4,2
5237,525,0,712,4,2
5238,525,0,712,4,2
5239,525,0,712,4,2
5240,525,0,712,4,2
5241,525,0,712,4,2
5242,525,0,712,4,2
5243,525,0,712,4,2
5244,525,0,712,4,2
5245,525,0,712,4,2
5246,525,0,712,4,2
5247,525,0,712,4,2
5248,525,0,712,4,2
5249,525,0,712,4,2
5250,525,0,712,4,2
5251,525,0,712,4,2
5252,525,0,712,4,2
5253,525,0,712,4,2
5254,525,0,712,4,2
5255,525,0,712,4,2
5256,525,0,712,4,2
5257,525,0,712,4,2
5258,525,0,712,4,2
5259,525,0,712,4,2
5260,525,0,712,4,2
5261,526,1,714,4,2
5262,526,0,714,4,2
5263,526,0,714,4,2
5264,526,0,714,4,2
5265,526,0,714,4,2
5266,526,0,714,4,2
5267,526,0,714,4,2
5268,526,0,714,4,2
5269,526,0,714,4,2
5270,526,0,714,4,2
5271,526,0,714,4,2
5272,526,0,714,4,2
5273,526,0,714,4,2
5274,526,0,714,4,2
5275,526,0,714,4,2
5276,526,0,714,4,2
5277,526,0,714,4,2
5278,526,0,714,4,2
5279,526,0,714,4,2
5280,526,0,714,4,2
5281,526,0,714,4,2
5282,526,0,714,4,2
5283,526,0,714,4,2
5284,526,0,714,4,2
5285,526,0,714,4,2
5286,526,0,714,4,2
5287,526,0,714,4,2
5288,526,0,714,4,2
5289,526,0,714,4,2
5290,526,0,714,4,2
5291,526,0,714,4,2
5292,526,0,714,4,2
5293,526,0,714,4,2
5294,526,0,714,4,2
5295,526,0,714,4,2
5296,526,0,714,4,2
5297,526,0,714,4,2
5298,526,0,714,4,2
5299,526,0,714,4,2
5300,527,1,715,4,2
5301,527,0,715,4,2
5302,527,0,715,4,2
5303,527,0,715,4,2
5304,527,0,715,4,2
5305,527,0,715,4,2
5306,527,0,715,4,2
5307,527,0,715,4,2
5308,527,0,715,4,2
5309,527,0,715,4,2
5310,527,0,715,4,2
5311,527,0,715,4,2
5312,527,0,715,4,2
5313,527,0,715,4,2
5314,527,0,715,4,2
5315,527,0,715,4,2
5316,527,0,715,4,2
5317,527,0,715,4,2
5318,527,0,715,4,2
5319,527,0,715,4,2
5320,527,0,715,4,2
5321,527,0,715,4,2
5322,527,0,715,4,2
5323,527,0,715,4,2
5324,527,0,715,4,2
5325,527,0,715,4,2
5326,527,0,715,4,2
5327,527,0,715,4,2
5328,527,0,715,4,2
5329,527,0,715,4,2
5330,527,0,715,4,2
5331,527,0,715,4,2
5332,527,0,715,4,2
5333,527,0,715,4,2
5334,527,0,715,4,2
5335,527,0,715,4,2
5336,527,0,715,4,2
5337,527,0,715,4,2
5338,527,0,715,4,2
5339,528,1,717,4,2
5340,528,0,717,4,2
5341,528,0,717,4,2
5342,528,0,717,4,2
5343,528,0,717,4,2
5344,528,0,717,4,2
5345,528,0,717,4,2
5346,528,0,717,4,2
5347,528,0,717,4,2
5348,528,0,717,4,2
5349,528,0,717,4,2
5350,528,0,717,4,2
5351,528,0,717,4,2
5352,528,0,717,4,2
5353,528,0,717,4,2
5354,528,0,717,4,2
5355,528,0,717,4,2
5356,528,0,717,4,2
5357,528,0,717,4,2
5358,528,0,717,4,2
5359,528,0,717,4,2
5360,528,0,717,4,2
5361,528,0,717,4,2
5362,528,0,717,4,2
5363,528,0,717,4,2
5364,528,0,717,4,2
5365,528,0,717,4,2
5366,528,0,717,4,2
5367,528,0,717,4,2
5368,528,0,717,4,2
5369,528,0,717,4,2
5370,528,0,717,4,2
5371,528,0,717,4,2
5372,528,0,717,4,2
5373,528,0,717,4,2
5374,528,0,717,4,2
5375,528,0,717,4,2
5376,528,0,717,4,2
5377,528,0,717,4,2
5378,529,1,718,4,2
5379,529,0,718,4,2
5380,529,0,718,4,2
5381,529,0,718,4,2
5382,529,0,718,4,2
5383,529,0,718,4,2
5384,529,0,718,4,2
5385,529,0,718,4,2
5386,529,0,718,4,2
5387,529,0,718,4,2
5388,529,0,718,4,2
5389,529,0,718,4,2
5390,529,0,718,4,2
5391,529,0,718,4,2
5392,529,0,718,4,2
5393,529,0,718,4,2
5394,529,0,718,4,2
5395,529,0,718,4,2
5396,529,0,718,4,2
5397,529,0,718,4,2
5398,529,0,718,4,2
5399,529,0,718,4,2
5400,529,0,718,4,2
5401,529,0,718,4,2
5402,529,0,718,4,2
5403,529,0,718,4,2
5404,529,0,718,4,2
5405,529,0,718,4,2
5406,529,0,718,4,2
5407,529,0,718,4,2
5408,529,0,718,4,2
5409,529,0,718,4,2
5410,529,0,718,4,2
5411,529,0,718,4,2
5412,529,0,718,4,2
5413,529,0,718,4,2
5414,529,0,718,4,2
5415,529,0,718,4,2
5416,529,0,718,4,2
5417,530,1,720,4,2
5418,530,0,720,4,2
5419,530,0,720,4,2
5420,530,0,720,4,2
5421,530,0,720,4,2
5422,530,0,720,4,2
5423,530,0,720,4,2
5424,530,0,720,4,2
5425,530,0,720,4,2
5426,530,0,720,4,2
5427,530,0,720,4,2
5428,530,0,720,4,2
5429,530,0,720,4,2
5430,530,0,720,4,2
5431,530,0,720,4,2
5432,530,0,720,4,2
5433,530,0,720,4,2
5434,530,0,720,4,2
5435,530,0,720,4,2
5436,530,0,720,4,2
5437,530,0,720,4,2
5438,530,0,720,4,2
5439,530,0,720,4,2
5440,530,0,720,4,2
5441,530,0,720,4,2
5442,530,0,720,4,2
5443,530,0,720,4,2
5444,530,0,720,4,2
5445,530,0,720,4,2
5446,530,0,720,4,2
5447,530,0,720,4,2
5448,530,0,720,4,2
5449,530,0,720,4,2
5450,530,0,720,4,2
5451,530,0,720,4,2
5452,530,0,720,4,2
5453,530,0,720,4,2
5454,530,0,720,4,2
5455,531,1,721,4,2
5456,531,0,721,4,2
5457,531,0,721,4,2
5458,531,0,721,4,2
5459,531,0,721,4,2
5460,531,0,721,4,2
5461,531,0,721,4,2
5462,531,0,721,4,2
5463,531,0,721,4,2
5464,531,0,721,4,2
5465,531,0,721,4,2
5466,531,0,721,4,2
5467,531,0,721,4,2
5468,531,0,721,4,2
5469,531,0,721,4,2
5470,531,0,721,4,2
5471,531,0,721,4,2
5472,531,0,721,4,2
5473,531,0,721,4,2
5474,531,0,721,4,2
5475,531,0,721,4,2
5476,531,0,721,4,2
5477,531,0,721,4,2
5478,531,0,721,4,2
5479,531,0,721,4,2
5480,531,0,721,4,2
5481,531,0,721,4,2
5482,531,0,721,4,2
5483,531,0,721,4,2
5484,531,0,721,4,2
5485,531,0,721,4,2
5486,531,0,721,4,2
5487,531,0,721,4,2
5488,531,0,721,4,2
5489,531,0,721,4,2
5490,531,0,721,4,2
5491,531,0,721,4,2
5492,531,0,721,4,2
5493,531,0,721,4,2
5494,532,1,723,4,2
5495,532,0,723,4,2
5496,532,0,723,4,2
5497,532,0,723,4,2
5498,532,0,723,4,2
5499,532,0,723,4,2
5500,532,0,723,4,2
5501,532,0,723,4,2
5502,532,0,723,4,2
5503,532,0,723,4,2
5504,532,0,723,4,2
5505,532,0,723,4,2
5506,532,0,723,4,2
5507,532,0,723,4,2
5508,532,0,723,4,2
5509,532,0,723,4,2
5510,532,0,723,4,2
5511,532,0,723,4,2
5512,532,0,723,4,2
5513,532,0,723,4,2
5514,532,0,723,4,2
5515,532,0,723,4,2
5516,532,0,723,4,2
5517,532,0,723,4,2
5518,532,0,723,4,2
5519,532,0,723,4,2
5520,532,0,723,4,2
5521,532,0,723,4,2
5522,532,0,723,4,2
5523,532,0,723,4,2
5524,532,0,723,4,2
5525,532,0,723,4,2
5526,532,0,723,4,2
5527,532,0,723,4,2
5528,532,0,723,4,2
5529,532,0,723,4,2
5530,532,0,723,4,2
5531,532,0,723,4,2
5532,533,1,724,4,2
5533,533,0,724,4,2
5534,533,0,724,4,2
5535,533,0,724,4,2
5536,533,0,724,4,2
5537,533,0,724,4,2
5538,533,0,724,4,2
5539,533,0,724,4,2
5540,533,0,724,4,2
5541,533,0,724,4,2
5542,533,0,724,4,2
5543,533,0,724,4,2
5544,533,0,724,4,2
5545,533,0,724,4,2
5546,533,0,724,4,2
5547,533,0,724,4,2
5548,533,0,724,4,2
5549,533,0,724,4,2
5550,533,0,724,4,2
5551,533,0,724,4,2
5552,533,0,724,4,2
5553,533,0,724,4,2
5554,533,0,724,4,2
5555,533,0,724,4,2
5556,533,0,724,4,2
5557,533,0,724,4,2
5558,533,0,724,4,2
5559,533,0,724,4,2
5560,533,0,724,4,2
5561,533,0,724,4,2
5562,533,0,724,4,2
5563,533,0,724,4,2
5564,533,0,724,4,2
5565,533,0,724,4,2
5566,533,0,724,4,2
5567,533,0,724,4,2
5568,533,0,724,4,2
5569,533,0,724,4,2
5570,534,1,726,4,2
5571,534,0,726,4,2
5572,534,0,726,4,2
5573,534,0,726,4,2
5574,534,0,726,4,2
5575,534,0,726,4,2
5576,534,0,726,4,2
5577,534,0,726,4,2
5578,534,0,726,4,2
5579,534,0,726,4,2
5580,534,0,726,4,2
5581,534,0,726,4,2
5582,534,0,726,4,2
5583,534,0,726,4,2
5584,534,0,726,4,2
5585,534,0,726,4,2
5586,534,0,726,4,2
5587,534,0,726,4,2
5588,534,0,726,4,2
5589,534,0,726,4,2
5590,534,0,726,4,2
5591,534,0,726,4,2
5592,534,0,726,4,2
5593,534,0,726,4,2
5594,534,0,726,4,2
5595,534,0,726,4,2
5596,534,0,726,4,2
5597,534,0,726,4,2
5598,534,0,726,4,2
5599,534,0,726,4,2
5600,534,0,726,4,2
5601,534,0,726,4,2
5602,534,0,726,4,2
5603,534,0,726,4,2
5604,534,0,726,4,2
5605,534,0,726,4,2
5606,534,0,726,4,2
5607,534,0,726,4,2
5608,534,0,726,4,2
5609,535,1,727,4,2
5610,535,0,727,4,2
5611,535,0,727,4,2
5612,535,0,727,4,2
5613,535,0,727,4,2
5614,535,0,727,4,2
5615,535,0,727,4,2
5616,535,0,727,4,2
5617,535,0,727,4,2
5618,535,0,727,4,2
5619,535,0,727,4,2
5620,535,0,727,4,2
5621,535,0,727,4,2
5622,535,0,727,4,2
5623,535,0,727,4,2
5624,535,0,727,4,2
5625,535,0,727,4,2
5626,535,0,727,4,2
5627,535,0,727,4,2
5628,535,0,727,4,2
5629,535,0,727,4,2
5630,535,0,727,4,2
5631,535,0,727,4,2
5632,535,0,727,4,2
5633,535,0,727,4,2
5634,535,0,727,4,2
5635,535,0,727,4,2
5636,535,0,727,4,2
5637,535,0,727,4,2
5638,535,0,727,4,2
5639,535,0,727,4,2
5640,535,0,727,4,2
5641,535,0,727,4,2
5642,535,0,727,4,2
5643,535,0,727,4,2
5644,535,0,727,4,2
5645,535,0,727,4,2
5646,535,0,727,4,2
5647,536,1,729,4,2
5648,536,0,729,4,2
5649,536,0,729,4,2
5650,536,0,729,4,2
5651,536,0,729,4,2
5652,536,0,729,4,2
5653,536,0,729,4,2
5654,536,0,729,4,2
5655,536,0,729,4,2
5656,536,0,729,4,2
5657,536,0,729,4,2
5658,536,0,729,4,2
5659,536,0,729,4,2
5660,536,0,729,4,2
5661,536,0,729,4,2
5662,536,0,729,4,2
5663,536,0,729,4,2
5664,536,0,729,4,2
5665,536,0,729,4,2
5666,536,0,729,4,2
5667,536,0,729,4,2
5668,536,0,729,4,2
5669,536,0,729,4,2
5670,536,0,729,4,2
5671,536,0,729,4,2
5672,536,0,729,4,2
5673,536,0,729,4,2
5674,536,0,729,4,2
5675,536,0,729,4,2
5676,536,0,729,4,2
5677,536,0,729,4,2
5678,536,0,729,4,2
5679,536,0,729,4,2
5680,536,0,729,4,2
5681,537,1,730,4,2
5682,537,0,730,4,2
5683,537,0,730,4,2
5684,537,0,730,4,2
5685,537,0,730,4,2
5686,537,0,730,4,2
5687,537,0,730,4,2
5688,537,0,730,4,2
5689,537,0,730,4,2
5690,537,0,730,4,2
5691,537,0,730,4,2
5692,537,0,730,4,2
5693,537,0,730,4,2
5694,537,0,730,4,2
5695,537,0,730,4,2
5696,537,0,730,4,2
5697,537,0,730,4,2
5698,537,0,730,4,2
5699,537,0,730,4,2
5700,537,0,730,4,2
5701,537,0,730,4,2
5702,537,0,730,4,2
5703,537,0,730,4,2
5704,537,0,730,4,2
5705,537,0,730,4,2
5706,537,0,730,4,2
5707,537,0,730,4,2
5708,537,0,730,4,2
5709,537,0,730,4,2
5710,537,0,730,4,2
5711,537,0,730,4,2
5712,537,0,730,4,2
5713,538,1,732,4,2
5714,538,0,732,4,2
5715,538,0,732,4,2
5716,538,0,732,4,2
5717,538,0,732,4,2
5718,538,0,732,4,2
5719,538,0,732,4,2
5720,538,0,732,4,2
5721,538,0,732,4,2
5722,538,0,732,4,2
5723,538,0,732,4,2
5724,538,0,732,4,2
5725,538,0,732,4,2
5726,538,0,732,4,2
5727,538,0,732,4,2
5728,538,0,732,4,2
5729,538,0,732,4,2
5730,538,0,732,4,2
5731,538,0,732,4,2
5732,538,0,732,4,2
5733,538,0,732,4,2
5734,538,0,732,4,2
5735,538,0,732,4,2
5736,538,0,732,4,2
5737,538,0,732,4,2
5738,538,0,732,4,2
5739,538,0,732,4,2
5740,538,0,732,4,2
5741,538,0,732,4,2
5742,538,0,732,4,2
5743,538,0,732,4,2
5744,538,0,732,4,2
5745,538,0,732,4,2
5746,538,0,732,4,2
5747,539,1,733,4,2
5748,539,0,733,4,2
5749,539,0,733,4,2
5750,539,0,733,4,2
5751,539,0,733,4,2
5752,539,0,733,4,2
5753,539,0,733,4,2
5754,539,0,733,4,2
5755,539,0,733,4,2
5756,539,0,733,4,2
5757,539,0,733,4,2
5758,539,0,733,4,2
5759,539,0,733,4,2
5760,539,0,733,4,2
5761,539,0,733,4,2
5762,539,0,733,4,2
5763,539,0,733,4,2
5764,539,0,733,4,2
5765,539,0,733,4,2
5766,539,0,733,4,2
5767,539,0,733,4,2
5768,539,0,733,4,2
5769,539,0,733,4,2
5770,539,0,733,4,2
5771,539,0,733,4,2
5772,539,0,733,4,2
5773,539,0,733,4,2
5774,539,0,733,4,2
5775,539,0,733,4,2
5776,539,0,733,4,2
5777,539,0,733,4,2
5778,539,0,733,4,2
5779,540,1,735,4,2
5780,540,0,735,4,2
5781,540,0,735,4,2
5782,540,0,735,4,2
5783,540,0,735,4,2
5784,540,0,735,4,2
5785,540,0,735,4,2
5786,540,0,735,4,2
5787,540,0,735,4,2
5788,540,0,735,4,2
5789,540,0,735,4,2
5790,540,0,735,4,2
5791,540,0,735,4,2
5792,540,0,735,4,2
5793,540,0,735,4,2
5794,540,0,735,4,2
5795,540,0,735,4,2
5796,540,0,735,4,2
5797,540,0,735,4,2
5798,540,0,735,4,2
5799,540,0,735,4,2
5800,540,0,735,4,2
5801,540,0,735,4,2
5802,540,0,735,4,2
5803,540,0,735,4,2
5804,540,0,735,4,2
5805,540,0,735,4,2
5806,540,0,735,4,2
5807,541,1,736,4,2
5808,541,0,736,4,2
5809,541,0,736,4,2
5810,541,0,736,4,2
5811,541,0,736,4,2
5812,541,0,736,4,2
5813,541,0,736,4,2
5814,541,0,736,4,2
5815,541,0,736,4,2
5816,541,0,736,4,2
5817,541,0,736,4,2
5818,541,0,736,4,2
5819,541,0,736,4,2
5820,541,0,736,4,2
5821,541,0,736,4,2
5822,541,0,736,4,2
5823,541,0,736,4,2
5824,541,0,736,4,2
5825,541,0,736,4,2
5826,541,0,736,4,2
5827,541,0,736,4,2
5828,541,0,736,4,2
5829,541,0,736,4,2
5830,541,0,736,4,2
5831,541,0,736,4,2
5832,541,0,736,4,2
5833,541,0,736,4,2
5834,542,1,738,4,2
5835,542,0,738,4,2
5836,542,0,738,4,2
5837,542,0,738,4,2
5838,542,0,738,4,2
5839,542,0,738,4,2
5840,542,0,738,4,2
5841,542,0,738,4,2
5842,542,0,738,4,2
5843,542,0,738,4,2
5844,542,0,738,4,2
5845,542,0,738,4,2
5846,542,0,738,4,2
5847,542,0,738,4,2
5848,542,0,738,4,2
5849,542,0,738,4,2
5850,542,0,738,4,2
5851,542,0,738,4,2
5852,542,0,738,4,2
5853,542,0,738,4,2
5854,542,0,738,4,2
5855,543,1,739,4,2
5856,543,0,739,4,2
5857,543,0,739,4,2
5858,543,0,739,4,2
5859,543,0,739,4,2
5860,543,0,739,4,2
5861,543,0,739,4,2
5862,543,0,739,4,2
5863,543,0,739,4,2
5864,543,0,739,4,2
5865,543,0,739,4,2
5866,543,0,739,4,2
5867,543,0,739,4,2
5868,543,0,739,4,2
5869,543,0,739,4,2
5870,543,0,739,4,2
5871,543,0,739,4,2
5872,543,0,739,4,2
5873,544,1,741,4,2
5874,544,0,741,4,2
5875,544,0,741,4,2
5876,544,0,741,4,2
5877,544,0,741,4,2
5878,544,0,741,4,2
5879,544,0,741,4,2
5880,544,0,741,4,2
5881,544,0,741,4,2
5882,544,0,741,4,2
5883,544,0,741,4,2
5884,544,0,741,4,2
5885,544,0,741,4,2
5886,544,0,741,4,2
5887,544,0,741,4,2
5888,544,0,741,4,2
5889,545,1,742,4,2
5890,545,0,742,4,2
5891,545,0,742,4,2
5892,545,0,742,4,2
5893,545,0,742,4,2
5894,545,0,742,4,2
5895,545,0,742,4,2
5896,545,0,742,4,2
5897,546,1,744,4,2
5898,546,0,744,4,2
5899,546,0,744,4,2
5900,546,0,744,4,2
5901,546,0,744,4,2
5902,547,1,745,4,2
5903,547,0,745,4,2
5904,547,0,745,4,2
5905,547,0,745,4,2
5906,547,0,745,4,2
5907,548,1,746,4,2
5908,548,0,746,4,2
5909,548,0,746,4,2
5910,548,0,746,4,2
5911,548,0,746,4,2
5912,549,1,747,4,2
5913,549,0,747,4,2
5914,549,0,747,4,2
5915,549,0,747,4,2
5916,549,0,747,4,2
5917,550,1,748,4,2
5918,550,0,748,4,2
5919,550,0,748,4,2
5920,550,0,748,4,2
5921,550,0,748,4,2
5922,551,1,749,4,2
5923,551,0,749,4,2
5924,551,0,749,4,2
5925,551,0,749,4,2
5926,551,0,749,4,2
5927,552,1,750,4,2
5928,552,0,750,4,2
5929,552,0,750,4,2
5930,552,0,750,4,2
5931,552,0,750,4,2
5932,553,1,751,4,2
5933,553,0,751,4,2
5934,553,0,751,4,2
5935,553,0,751,4,2
5936,553,0,751,4,2
5937,554,1,752,4,2
5938,554,0,752,4,2
5939,554,0,752,4,2
5940,554,0,752,4,2
5941,554,0,752,4,2
5942,555,1,753,4,2
5943,555,0,753,4,2
5944,555,0,753,4,2
5945,555,0,753,4,2
5946,555,0,753,4,2
5947,556,1,754,4,2
5948,556,0,754,4,2
5949,556,0,754,4,2
5950,556,0,754,4,2
5951,556,0,754,4,2
5952,557,1,755,4,2
5953,557,0,755,4,2
5954,557,0,755,4,2
5955,557,0,755,4,2
5956,557,0,755,4,2
5957,558,1,756,4,2
5958,558,0,756,4,2
5959,558,0,756,4,2
5960,558,0,756,4,2
5961,558,0,756,4,2
5962,559,1,756,4,2
5963,559,0,756,4,2
5964,559,0,756,4,2
5965,559,0,756,4,2
5966,559,0,756,4,2
5967,560,1,757,4,2
5968,560,0,757,4,2
5969,560,0,757,4,2
5970,560,0,757,4,2
5971,560,0,757,4,2
5972,561,1,758,4,2
5973,561,0,758,4,2
5974,561,0,758,4,2
5975,561,0,758,4,2
5976,561,0,758,4,2
5977,562,1,759,4,2
5978,562,0,759,4,2
5979,562,0,759,4,2
5980,562,0,759,4,2
5981,562,0,759,4,2
5982,562,0,759,4,2
5983,563,1,760,4,2
5984,563,0,760,4,2
5985,563,0,760,4,2
5986,563,0,760,4,2
5987,563,0,760,4,2
5988,564,1,761,4,2
5989,564,0,761,4,2
5990,564,0,761,4,2
5991,564,0,761,4,2
5992,564,0,761,4,2
5993,565,1,762,4,2
5994,565,0,762,4,2
5995,565,0,762,4,2
5996,565,0,762,4,2
5997,565,0,762,4,2
5998,566,1,763,4,2
5999,566,0,763,4,2
6000,566,0,763,4,2
6001,566,0,763,4,2
6002,566,0,763,4,2
6003,567,1,764,4,2
6004,567,0,764,4,2
6005,567,0,764,4,2
6006,567,0,764,4,2
6007,567,0,764,4,2
6008,568,1,765,4,2
6009,568,0,765,4,2
6010,568,0,765,4,2
6011,568,0,765,4,2
6012,568,0,765,4,2
6013,569,1,766,4,2
6014,569,0,766,4,2
6015,569,0,766,4,2
6016,569,0,766,4,2
6017,569,0,766,4,2
6018,570,1,767,4,2
6019,570,0,767,4,2
6020,570,0,767,4,2
6021,570,0,767,4,2
6022,570,0,767,4,2
6023,571,1,768,4,2
6024,571,0,768,4,2
6025,571,0,768,4,2
6026,571,0,768,4,2
6027,571,0,768,4,2
6028,572,1,769,4,2
6029,572,0,769,4,2
6030,572,0,769,4,2
6031,572,0,769,4,2
6032,572,0,769,4,2
6033,573,1,770,4,2
6034,573,0,770,4,2
6035,573,0,770,4,2
6036,573,0,770,4,2
6037,573,0,770,4,2
6038,574,1,771,4,2
6039,574,0,771,4,2
6040,574,0,771,4,2
6041,574,0,771,4,2
6042,574,0,771,4,2
6043,575,1,772,4,2
6044,575,0,772,4,2
6045,575,0,772,4,2
6046,575,0,772,4,2
6047,575,0,772,4,2
6048,576,1,773,4,2
6049,576,0,773,4,2
6050,576,0,773,4,2
6051,576,0,773,4,2
6052,576,0,773,4,2
6053,577,1,774,4,2
6054,577,0,774,4,2
6055,577,0,774,4,2
6056,577,0,774,4,2
6057,577,0,774,4,2
6058,578,1,774,4,2
6059,578,0,774,4,2
6060,578,0,774,4,2
6061,578,0,774,4,2
6062,578,0,774,4,2
6063,579,1,775,4,2
6064,579,0,775,4,2
6065,579,0,775,4,2
6066,579,0,775,4,2
6067,579,0,775,4,2
6068,579,0,775,4,2
6069,580,1,776,4,2
6070,580,0,776,4,2
6071,580,0,776,4,2
6072,580,0,776,4,2
6073,580,0,776,4,2
6074,581,1,777,4,2
6075,581,0,777,4,2
6076,581,0,777,4,2
6077,581,0,777,4,2
6078,581,0,777,4,2
6079,582,1,778,4,2
6080,582,0,778,4,2
6081,582,0,778,4,2
6082,582,0,778,4,2
6083,582,0,778,4,2
6084,583,1,779,4,2
6085,583,0,779,4,2
6086,583,0,779,4,2
6087,583,0,779,4,2
6088,583,0,779,4,2
6089,584,1,780,4,2
6090,584,0,780,4,2
6091,584,0,780,4,2
6092,584,0,780,4,2
6093,584,0,780,4,2
6094,585,1,781,4,2
6095,585,0,781,4,2
6096,585,0,781,4,2
6097,585,0,781,4,2
6098,585,0,781,4,2
6099,586,1,782,4,2
6100,586,0,782,4,2
6101,586,0,782,4,2
6102,586,0,782,4,2
6103,586,0,782,4,2
6104,587,1,783,4,2
6105,587,0,783,4,2
6106,587,0,783,4,2
6107,587,0,783,4,2
6108,587,0,783,4,2
6109,588,1,784,4,2
6110,588,0,784,4,2
6111,588,0,784,4,2
6112,588,0,784,4,2
6113,588,0,784,4,2
6114,589,1,785,4,2
6115,589,0,785,4,2
6116,589,0,785,4,2
6117,589,0,785,4,2
6118,589,0,785,4,2
6119,590,1,786,4,2
6120,590,0,786,4,2
6121,590,0,786,4,2
6122,590,0,786,4,2
6123,590,0,786,4,2
6124,591,1,787,4,2
6125,591,0,787,4,2
6126,591,0,787,4,2
6127,591,0,787,4,2
6128,591,0,787,4,2
6129,592,1,788,4,2
6130,592,0,788,4,2
6131,592,0,788,4,2
6132,592,0,788,4,2
6133,592,0,788,4,2
6134,593,1,789,4,2
6135,593,0,789,4,2
6136,593,0,789,4,2
6137,593,0,789,4,2
6138,593,0,789,4,2
6139,594,1,790,4,2
6140,594,0,790,4,2
6141,594,0,790,4,2
6142,594,0,790,4,2
6143,594,0,790,4,2
6144,595,1,791,4,2
6145,595,0,791,4,2
6146,595,0,791,4,2
6147,595,0,791,4,2
6148,595,0,791,4,2
6149,595,0,791,4,2
6150,596,1,792,4,2
6151,596,0,792,4,2
6152,596,0,792,4,2
6153,596,0,792,4,2
6154,596,0,792,4,2
6155,597,1,793,4,2
6156,597,0,793,4,2
6157,597,0,793,4,2
6158,597,0,793,4,2
6159,597,0,793,4,2
6160,598,1,794,4,2
6161,598,0,794,4,2
6162,598,0,794,4,2
6163,598,0,794,4,2
6164,598,0,794,4,2
6165,599,1,795,4,2
6166,599,0,795,4,2
6167,599,0,795,4,2
6168,599,0,795,4,2
6169,599,0,795,4,2
6170,600,1,795,4,2
6171,600,0,795,4,2
6172,600,0,795,4,2
6173,600,0,795,4,2
6174,600,0,795,4,2
6175,601,1,796,4,2
6176,601,0,796,4,2
6177,601,0,796,4,2
6178,601,0,796,4,2
6179,601,0,796,4,2
6180,602,1,797,4,2
6181,602,0,797,4,2
6182,602,0,797,4,2
6183,602,0,797,4,2
6184,602,0,797,4,2
6185,603,1,798,4,2
6186,603,0,798,4,2
6187,603,0,798,4,2
6188,603,0,798,4,2
6189,603,0,798,4,2
6190,604,1,799,4,2
6191,604,0,799,4,2
6192,604,0,799,4,2
6193,604,0,799,4,2
6194,604,0,799,4,2
6195,605,1,800,4,2
6196,605,0,800,4,2
6197,605,0,800,4,2
6198,605,0,800,4,2
6199,605,0,800,4,2
6200,606,1,801,4,2
6201,606,0,801,4,2
6202,606,0,801,4,2
6203,606,0,801,4,2
6204,606,0,801,4,2
6205,607,1,802,4,2
6206,607,0,802,4,2
6207,607,0,802,4,2
6208,607,0,802,4,2
6209,607,0,802,4,2
6210,608,1,803,4,2
6211,608,0,803,4,2
6212,608,0,803,4,2
6213,608,0,803,4,2
6214,608,0,803,4,2
6215,609,1,804,4,2
6216,609,0,804,4,2
6217,609,0,804,4,2
6218,609,0,804,4,2
6219,609,0,804,4,2
6220,610,1,805,4,2
6221,610,0,805,4,2
6222,610,0,805,4,2
6223,610,0,805,4,2
6224,610,0,805,4,2
6225,610,0,805,4,2
6226,611,1,806,4,2
6227,611,0,806,4,2
6228,611,0,806,4,2
6229,611,0,806,4,2
6230,611,0,806,4,2
6231,612,1,807,4,2
6232,612,0,807,4,2
6233,612,0,807,4,2
6234,612,0,807,4,2
6235,612,0,807,4,2
6236,612,0,807,4,2
6237,613,1,808,4,2
6238,613,0,808,4,2
6239,613,0,808,4,2
6240,613,0,808,4,2
6241,613,0,808,4,2
6242,613,0,808,4,2
6243,614,1,809,4,2
6244,614,0,809,4,2
6245,614,0,809,4,2
6246,614,0,809,4,2
6247,614,0,809,4,2
6248,615,1,810,4,2
6249,615,0,810,4,2
6250,615,0,810,4,2
6251,615,0,810,4,2
6252,615,0,810,4,2
6253,616,1,811,4,2
6254,616,0,811,4,2
6255,616,0,811,4,2
6256,616,0,811,4,2
6257,616,0,811,4,2
6258,617,1,812,4,2
6259,617,0,812,4,2
6260,617,0,812,4,2
6261,617,0,812,4,2
6262,617,0,812,4,2
6263,618,1,813,4,2
6264,618,0,813,4,2
6265,618,0,813,4,2
6266,618,0,813,4,2
6267,618,0,813,4,2
6268,618,0,813,4,2
6269,619,1,814,4,2
6270,619,0,814,4,2
6271,619,0,814,4,2
6272,619,0,814,4,2
6273,619,0,814,4,2
6274,620,1,815,4,2
6275,620,0,815,4,2
6276,620,0,815,4,2
6277,620,0,815,4,2
6278,620,0,815,4,2
6279,620,0,815,4,2
6280,621,1,816,4,2
6281,621,0,816,4,2
6282,621,0,816,4,2
6283,621,0,816,4,2
6284,621,0,816,4,2
6285,622,1,817,4,2
6286,622,0,817,4,2
6287,622,0,817,4,2
6288,622,0,817,4,2
6289,622,0,817,4,2
6290,622,0,817,4,2
6291,623,1,818,4,2
6292,623,0,818,4,2
6293,623,0,818,4,2
6294,623,0,818,4,2
6295,623,0,818,4,2
6296,624,1,819,4,2
6297,624,0,819,4,2
6298,624,0,819,4,2
6299,624,0,819,4,2
6300,624,0,819,4,2
6301,624,0,819,4,2
6302,625,1,820,4,2
6303,625,0,820,4,2
6304,625,0,820,4,2
6305,625,0,820,4,2
6306,625,0,820,4,2
6307,626,1,821,4,2
6308,626,0,821,4,2
6309,626,0,821,4,2
6310,626,0,821,4,2
6311,626,0,821,4,2
6312,627,1,822,4,2
6313,627,0,822,4,2
6314,627,0,822,4,2
6315,627,0,822,4,2
6316,627,0,822,4,2
6317,627,0,822,4,2
6318,628,1,823,4,2
6319,628,0,823,4,2
6320,628,0,823,4,2
6321,628,0,823,4,2
6322,628,0,823,4,2
6323,628,0,823,4,2
6324,628,0,823,4,2
6325,629,1,824,4,2
6326,629,0,824,4,2
6327,629,0,824,4,2
6328,629,0,824,4,2
6329,629,0,824,4,2
6330,630,1,825,4,2
6331,630,0,825,4,2
6332,630,0,825,4,2
6333,630,0,825,4,2
6334,630,0,825,4,2
6335,630,0,825,4,2
6336,631,1,826,4,2
6337,631,0,826,4,2
6338,631,0,826,4,2
6339,631,0,826,4,2
6340,631,0,826,4,2
6341,632,1,828,4,2
6342,632,0,828,4,2
6343,632,0,828,4,2
6344,632,0,828,4,2
6345,632,0,828,4,2
6346,632,0,828,4,2
6347,633,1,828,4,2
6348,633,0,828,4,2
6349,633,0,828,4,2
6350,633,0,828,4,2
6351,633,0,828,4,2
6352,633,0,828,4,2
6353,634,1,830,4,2
6354,634,0,830,4,2
6355,634,0,830,4,2
6356,634,0,830,4,2
6357,634,0,830,4,2
6358,635,1,831,4,2
6359,635,0,831,4,2
6360,635,0,831,4,2
6361,635,0,831,4,2
6362,635,0,831,4,2
6363,635,0,831,4,2
6364,636,1,832,4,2
6365,636,0,832,4,2
6366,636,0,832,4,2
6367,636,0,832,4,2
6368,636,0,832,4,2
6369,636,0,832,4,2
6370,637,1,833,4,2
6371,637,0,833,4,2
6372,637,0,833,4,2
6373,637,0,833,4,2
6374,637,0,833,4,2
6375,637,0,833,4,2
6376,638,1,834,4,2
6377,638,0,834,4,2
6378,638,0,834,4,2
6379,638,0,834,4,2
6380,638,0,834,4,2
6381,639,1,835,4,2
6382,639,0,835,4,2
6383,639,0,835,4,2
6384,639,0,835,4,2
6385,639,0,835,4,2
6386,639,0,835,4,2
6387,640,1,836,4,2
6388,640,0,836,4,2
6389,640,0,836,4,2
6390,640,0,836,4,2
6391,640,0,836,4,2
6392,641,1,837,4,2
6393,641,0,837,4,2
6394,641,0,837,4,2
6395,641,0,837,4,2
6396,641,0,837,4,2
6397,641,0,837,4,2
6398,642,1,838,4,2
6399,642,0,838,4,2
6400,642,0,838,4,2
6401,642,0,838,4,2
6402,642,0,838,4,2
6403,643,1,839,4,2
6404,643,0,839,4,2
6405,643,0,839,4,2
6406,643,0,839,4,2
6407,643,0,839,4,2
6408,643,0,839,4,2
6409,643,0,839,4,2
6410,644,1,840,4,2
6411,644,0,840,4,2
6412,644,0,840,4,2
6413,644,0,840,4,2
6414,644,0,840,4,2
6415,644,0,840,4,2
6416,645,1,841,4,2
6417,645,0,841,4,2
6418,645,0,841,4,2
6419,645,0,841,4,2
6420,645,0,841,4,2
6421,645,0,841,4,2
6422,646,1,843,4,2
6423,646,0,843,4,2
6424,646,0,843,4,2
6425,646,0,843,4,2
6426,646,0,843,4,2
6427,647,1,844,4,2
6428,647,0,844,4,2
6429,647,0,844,4,2
6430,647,0,844,4,2
6431,647,0,844,4,2
6432,647,0,844,4,2
6433,648,1,845,4,2
6434,648,0,845,4,2
6435,648,0,845,4,2
6436,648,0,845,4,2
6437,648,0,845,4,2
6438,648,0,845,4,2
6439,649,1,846,4,2
6440,649,0,846,4,2
6441,649,0,846,4,2
6442,649,0,846,4,2
6443,649,0,846,4,2
6444,650,1,847,4,2
6445,650,0,847,4,2
6446,650,0,847,4,2
6447,650,0,847,4,2
6448,650,0,847,4,2
6449,650,0,847,4,2
6450,651,1,848,4,2
6451,651,0,848,4,2
6452,651,0,848,4,2
6453,651,0,848,4,2
6454,651,0,848,4,2
6455,652,1,849,4,2
6456,652,0,849,4,2
6457,652,0,849,4,2
6458,652,0,849,4,2
6459,652,0,849,4,2
6460,652,0,849,4,2
6461,653,1,850,4,2
6462,653,0,850,4,2
6463,653,0,850,4,2
6464,653,0,850,4,2
6465,653,0,850,4,2
6466,654,1,851,4,2
6467,654,0,851,4,2
6468,654,0,851,4,2
6469,654,0,851,4,2
6470,654,0,851,4,2
6471,654,0,851,4,2
6472,655,1,852,4,2
6473,655,0,852,4,2
6474,655,0,852,4,2
6475,655,0,852,4,2
6476,655,0,852,4,2
6477,656,1,853,4,2
6478,656,0,853,4,2
6479,656,0,853,4,2
6480,656,0,853,4,2
6481,656,0,853,4,2
6482,656,0,853,4,2
6483,657,1,854,4,2
6484,657,0,854,4,2
6485,657,0,854,4,2
6486,657,0,854,4,2
6487,657,0,854,4,2
6488,658,1,855,4,2
6489,658,0,855,4,2
6490,658,0,855,4,2
6491,658,0,855,4,2
6492,658,0,855,4,2
6493,658,0,855,4,2
6494,658,0,855,4,2
6495,659,1,856,4,2
6496,659,0,856,4,2
6497,659,0,856,4,2
6498,659,0,856,4,2
6499,659,0,856,4,2
6500,660,1,857,4,2
6501,660,0,857,4,2
6502,660,0,857,4,2
6503,660,0,857,4,2
6504,660,0,857,4,2
6505,660,0,857,4,2
6506,661,1,858,4,2
6507,661,0,858,4,2
6508,661,0,858,4,2
6509,661,0,858,4,2
6510,661,0,858,4,2
6511,661,0,858,4,2
6512,662,1,859,4,2
6513,662,0,859,4,2
6514,662,0,859,4,2
6515,662,0,859,4,2
6516,662,0,859,4,2
6517,663,1,861,4,2
6518,663,0,861,4,2
6519,663,0,861,4,2
6520,663,0,861,4,2
6521,663,0,861,4,2
6522,663,0,861,4,2
6523,664,1,861,4,2
6524,664,0,861,4,2
6525,664,0,861,4,2
6526,664,0,861,4,2
6527,664,0,861,4,2
6528,665,1,863,4,2
6529,665,0,863,4,2
6530,665,0,863,4,2
6531,665,0,863,4,2
6532,665,0,863,4,2
6533,665,0,863,4,2
6534,666,1,864,4,2
6535,666,0,864,4,2
6536,666,0,864,4,2
6537,666,0,864,4,2
6538,666,0,864,4,2
6539,667,1,865,4,2
6540,667,0,865,4,2
6541,667,0,865,4,2
6542,667,0,865,4,2
6543,667,0,865,4,2
6544,667,0,865,4,2
6545,668,1,866,4,2
6546,668,0,866,4,2
6547,668,0,866,4,2
6548,668,0,866,4,2
6549,668,0,866,4,2
6550,669,1,867,4,2
6551,669,0,867,4,2
6552,669,0,867,4,2
6553,669,0,867,4,2
6554,669,0,867,4,2
6555,669,0,867,4,2
6556,670,1,868,4,2
6557,670,0,868,4,2
6558,670,0,868,4,2
6559,670,0,868,4,2
6560,670,0,868,4,2
6561,671,1,869,4,2
6562,671,0,869,4,2
6563,671,0,869,4,2
6564,671,0,869,4,2
6565,671,0,869,4,2
6566,671,0,869,4,2
6567,672,1,870,4,2
6568,672,0,870,4,2
6569,672,0,870,4,2
6570,672,0,870,4,2
6571,672,0,870,4,2
6572,672,0,870,4,2
6573,673,1,871,4,2
6574,673,0,871,4,2
6575,673,0,871,4,2
6576,673,0,871,4,2
6577,673,0,871,4,2
6578,673,0,871,4,2
6579,674,1,872,4,2
6580,674,0,872,4,2
6581,674,0,872,4,2
6582,674,0,872,4,2
6583,674,0,872,4,2
6584,675,1,873,4,2
6585,675,0,873,4,2
6586,675,0,873,4,2
6587,675,0,873,4,2
6588,675,0,873,4,2
6589,675,0,873,4,2
6590,676,1,874,4,2
6591,676,0,874,4,2
6592,676,0,874,4,2
6593,676,0,874,4,2
6594,676,0,874,4,2
6595,677,1,875,4,2
6596,677,0,875,4,2
6597,677,0,875,4,2
6598,677,0,875,4,2
6599,677,0,875,4,2
6600,677,0,875,4,2
6601,678,1,876,4,2
6602,678,0,876,4,2
6603,678,0,876,4,2
6604,678,0,876,4,2
6605,678,0,876,4,2
6606,678,0,876,4,2
6607,679,1,877,4,2
6608,679,0,877,4,2
6609,679,0,877,4,2
6610,679,0,877,4,2
6611,679,0,877,4,2
6612,680,1,878,4,2
6613,680,0,878,4,2
6614,680,0,878,4,2
6615,680,0,878,4,2
6616,680,0,878,4,2
6617,680,0,878,4,2
6618,680,0,878,4,2
6619,681,1,879,4,2
6620,681,0,879,4,2
6621,681,0,879,4,2
6622,681,0,879,4,2
6623,681,0,879,4,2
6624,681,0,879,4,2
6625,682,1,881,4,2
6626,682,0,881,4,2
6627,682,0,881,4,2
6628,682,0,881,4,2
6629,682,0,881,4,2
6630,682,0,881,4,2
6631,683,1,882,4,2
6632,683,0,882,4,2
6633,683,0,882,4,2
6634,683,0,882,4,2
6635,683,0,882,4,2
6636,683,0,882,4,2
6637,684,1,883,4,2
6638,684,0,883,4,2
6639,684,0,883,4,2
6640,684,0,883,4,2
6641,684,0,883,4,2
6642,684,0,883,4,2
6643,684,0,883,4,2
6644,685,1,884,4,2
6645,685,0,884,4,2
6646,685,0,884,4,2
6647,685,0,884,4,2
6648,685,0,884,4,2
6649,685,0,884,4,2
6650,686,1,885,4,2
6651,686,0,885,4,2
6652,686,0,885,4,2
6653,686,0,885,4,2
6654,686,0,885,4,2
6655,686,0,885,4,2
6656,687,1,886,4,2
6657,687,0,886,4,2
6658,687,0,886,4,2
6659,687,0,886,4,2
6660,687,0,886,4,2
6661,687,0,886,4,2
6662,688,1,888,4,2
6663,688,0,888,4,2
6664,688,0,888,4,2
6665,688,0,888,4,2
6666,688,0,888,4,2
6667,688,0,888,4,2
6668,689,1,889,4,2
6669,689,0,889,4,2
6670,689,0,889,4,2
6671,689,0,889,4,2
6672,689,0,889,4,2
6673,689,0,889,4,2
6674,690,1,890,4,2
6675,690,0,890,4,2
6676,690,0,890,4,2
6677,690,0,890,4,2
6678,690,0,890,4,2
6679,691,1,891,4,2
6680,691,0,891,4,2
6681,691,0,891,4,2
6682,691,0,891,4,2
6683,691,0,891,4,2
6684,691,0,891,4,2
6685,692,1,892,4,2
6686,692,0,892,4,2
6687,692,0,892,4,2
6688,692,0,892,4,2
6689,692,0,892,4,2
6690,692,0,892,4,2
6691,693,1,893,4,2
6692,693,0,893,4,2
6693,693,0,893,4,2
6694,693,0,893,4,2
6695,693,0,893,4,2
6696,694,1,894,4,2
6697,694,0,894,4,2
6698,694,0,894,4,2
6699,694,0,894,4,2
6700,694,0,894,4,2
6701,694,0,894,4,2
6702,695,1,895,4,2
6703,695,0,895,4,2
6704,695,0,895,4,2
6705,695,0,895,4,2
6706,695,0,895,4,2
6707,696,1,896,4,2
6708,696,0,896,4,2
6709,696,0,896,4,2
6710,696,0,896,4,2
6711,696,0,896,4,2
6712,696,0,896,4,2
6713,697,1,897,4,2
6714,697,0,897,4,2
6715,697,0,897,4,2
6716,697,0,897,4,2
6717,697,0,897,4,2
6718,697,0,897,4,2
6719,698,1,898,4,2
6720,698,0,898,4,2
6721,698,0,898,4,2
6722,698,0,898,4,2
6723,698,0,898,4,2
6724,699,1,899,4,2
6725,699,0,899,4,2
6726,699,0,899,4,2
6727,699,0,899,4,2
6728,699,0,899,4,2
6729,699,0,899,4,2
6730,700,1,900,4,2
6731,700,0,900,4,2
6732,700,0,900,4,2
6733,700,0,900,4,2
6734,700,0,900,4,2
6735,701,1,901,4,2
6736,701,0,901,4,2
6737,701,0,901,4,2
6738,701,0,901,4,2
6739,701,0,901,4,2
6740,702,1,902,4,2
6741,702,0,902,4,2
6742,702,0,902,4,2
6743,702,0,902,4,2
6744,702,0,902,4,2
6745,702,0,902,4,2
6746,703,1,903,4,2
6747,703,0,903,4,2
6748,703,0,903,4,2
6749,703,0,903,4,2
6750,703,0,903,4,2
6751,703,0,903,4,2
6752,704,1,904,4,2
6753,704,0,904,4,2
6754,704,0,904,4,2
6755,704,0,904,4,2
6756,704,0,904,4,2
6757,704,0,904,4,2
6758,705,1,906,4,2
6759,705,0,906,4,2
6760,705,0,906,4,2
6761,705,0,906,4,2
6762,705,0,906,4,2
6763,705,0,906,4,2
6764,706,1,907,4,2
6765,706,0,907,4,2
6766,706,0,907,4,2
6767,706,0,907,4,2
6768,706,0,907,4,2
6769,706,0,907,4,2
6770,707,1,908,4,2
6771,707,0,908,4,2
6772,707,0,908,4,2
6773,707,0,908,4,2
6774,707,0,908,4,2
6775,708,1,909,4,2
6776,708,0,909,4,2
6777,708,0,909,4,2
6778,708,0,909,4,2
6779,708,0,909,4,2
6780,708,0,909,4,2
6781,709,1,910,4,2
6782,709,0,910,4,2
6783,709,0,910,4,2
6784,709,0,910,4,2
6785,709,0,910,4,2
6786,710,1,911,4,2
6787,710,0,911,4,2
6788,710,0,911,4,2
6789,710,0,911,4,2
6790,710,0,911,4,2
6791,710,0,911,4,2
6792,711,1,912,4,2
6793,711,0,912,4,2
6794,711,0,912,4,2
6795,711,0,912,4,2
6796,711,0,912,4,2
6797,712,1,913,4,2
6798,712,0,913,4,2
6799,712,0,913,4,2
6800,712,0,913,4,2
6801,712,0,913,4,2
6802,712,0,913,4,2
6803,713,1,914,4,2
6804,713,0,914,4,2
6805,713,0,914,4,2
6806,713,0,914,4,2
6807,713,0,914,4,2
6808,714,1,915,4,2
6809,714,0,915,4,2
6810,714,0,915,4,2
6811,714,0,915,4,2
6812,714,0,915,4,2
6813,714,0,915,4,2
6814,715,1,916,4,2
6815,715,0,916,4,2
6816,715,0,916,4,2
6817,715,0,916,4,2
6818,715,0,916,4,2
6819,716,1,917,4,2
6820,716,0,917,4,2
6821,716,0,917,4,2
6822,716,0,917,4,2
6823,716,0,917,4,2
6824,716,0,917,4,2
6825,717,1,918,4,2
6826,717,0,918,4,2
6827,717,0,918,4,2
6828,717,0,918,4,2
6829,717,0,918,4,2
6830,718,1,919,4,2
6831,718,0,919,4,2
6832,718,0,919,4,2
6833,718,0,919,4,2
6834,718,0,919,4,2
6835,718,0,919,4,2
6836,719,1,920,4,2
6837,719,0,920,4,2
6838,719,0,920,4,2
6839,719,0,920,4,2
6840,719,0,920,4,2
6841,719,0,920,4,2
6842,720,1,921,4,2
6843,720,0,921,4,2
6844,720,0,921,4,2
6845,720,0,921,4,2
6846,720,0,921,4,2
6847,721,1,922,4,2
6848,721,0,922,4,2
6849,721,0,922,4,2
6850,721,0,922,4,2
6851,721,0,922,4,2
6852,722,1,923,4,2
6853,722,0,923,4,2
6854,722,0,923,4,2
6855,722,0,923,4,2
6856,722,0,923,4,2
6857,722,0,923,4,2
6858,723,1,924,4,2
6859,723,0,924,4,2
6860,723,0,924,4,2
6861,723,0,924,4,2
6862,723,0,924,4,2
6863,724,1,925,4,2
6864,724,0,925,4,2
6865,724,0,925,4,2
6866,724,0,925,4,2
6867,724,0,925,4,2
6868,725,1,926,4,2
6869,725,0,926,4,2
6870,725,0,926,4,2
6871,725,0,926,4,2
6872,725,0,926,4,2
6873,725,0,926,4,2
6874,726,1,927,4,2
6875,726,0,927,4,2
6876,726,0,927,4,2
6877,726,0,927,4,2
6878,726,0,927,4,2
6879,727,1,928,4,2
6880,727,0,928,4,2
6881,727,0,928,4,2
6882,727,0,928,4,2
6883,727,0,928,4,2
6884,728,1,929,4,2
6885,728,0,929,4,2
6886,728,0,929,4,2
6887,728,0,929,4,2
6888,728,0,929,4,2
6889,728,0,929,4,2
6890,729,1,930,4,2
6891,729,0,930,4,2
6892,729,0,930,4,2
6893,729,0,930,4,2
6894,729,0,930,4,2
6895,730,1,931,4,2
6896,730,0,931,4,2
6897,730,0,931,4,2
6898,730,0,931,4,2
6899,730,0,931,4,2
6900,731,1,932,4,2
6901,731,0,932,4,2
6902,731,0,932,4,2
6903,731,0,932,4,2
6904,731,0,932,4,2
6905,732,1,933,4,2
6906,732,0,933,4,2
6907,732,0,933,4,2
6908,732,0,933,4,2
6909,732,0,933,4,2
6910,733,1,934,4,2
6911,733,0,934,4,2
6912,733,0,934,4,2
6913,733,0,934,4,2
6914,733,0,934,4,2
6915,734,1,935,4,2
6916,734,0,935,4,2
6917,734,0,935,4,2
6918,734,0,935,4,2
6919,734,0,935,4,2
6920,734,0,935,4,2
6921,735,1,936,4,2
6922,735,0,936,4,2
6923,735,0,936,4,2
6924,735,0,936,4,2
6925,735,0,936,4,2
6926,735,0,936,4,2
6927,736,1,937,4,2
6928,736,0,937,4,2
6929,736,0,937,4,2
6930,736,0,937,4,2
6931,736,0,937,4,2
6932,736,0,937,4,2
6933,736,0,937,4,2
6934,736,0,937,4,2
6935,736,0,937,4,2
6936,737,1,938,4,2
6937,737,0,938,4,2
6938,737,0,938,4,2
6939,737,0,938,4,2
6940,737,0,938,4,2
6941,737,0,938,4,2
6942,738,1,940,4,2
6943,738,0,940,4,2
6944,738,0,940,4,2
6945,738,0,940,4,2
6946,738,0,940,4,2
6947,739,1,941,4,2
6948,739,0,941,4,2
6949,739,0,941,4,2
6950,739,0,941,4,2
6951,739,0,941,4,2
6952,739,0,941,4,2
6953,739,0,941,4,2
6954,740,1,942,4,2
6955,740,0,942,4,2
6956,740,0,942,4,2
6957,740,0,942,4,2
6958,740,0,942,4,2
6959,740,0,942,4,2
6960,740,0,942,4,2
6961,740,0,942,4,2
6962,740,0,942,4,2
6963,740,0,942,4,2
6964,741,1,943,4,2
6965,741,0,943,4,2
6966,741,0,943,4,2
6967,741,0,943,4,2
6968,741,0,943,4,2
6969,741,0,943,4,2
6970,741,0,943,4,2
6971,741,0,943,4,2
6972,741,0,943,4,2
6973,741,0,943,4,2
6974,741,0,943,4,2
6975,742,1,945,4,2
6976,742,0,945,4,2
6977,742,0,945,4,2
6978,742,0,945,4,2
6979,742,0,945,4,2
6980,742,0,945,4,2
6981,742,0,945,4,2
6982,742,0,945,4,2
6983,742,0,945,4,2
6984,742,0,945,4,2
6985,743,1,946,4,2
6986,743,0,946,4,2
6987,743,0,946,4,2
6988,743,0,946,4,2
6989,743,0,946,4,2
6990,743,0,946,4,2
6991,743,0,946,4,2
6992,743,0,946,4,2
6993,743,0,946,4,2
6994,743,0,946,4,2
6995,743,0,946,4,2
6996,744,1,948,4,2
6997,744,0,948,4,2
6998,744,0,948,4,2
6999,744,0,948,4,2
7000,744,0,948,4,2
7001,744,0,948,4,2
7002,744,0,948,4,2
7003,744,0,948,4,2
7004,744,0,948,4,2
7005,744,0,948,4,2
7006,745,1,949,4,2
7007,745,0,949,4,2
7008,745,0,949,4,2
7009,745,0,949,4,2
7010,745,0,949,4,2
7011,745,0,949,4,2
7012,745,0,949,4,2
7013,745,0,949,4,2
7014,745,0,949,4,2
7015,745,0,949,4,2
7016,745,0,949,4,2
7017,746,1,951,4,2
7018,746,0,951,4,2
7019,746,0,951,4,2
7020,746,0,951,4,2
7021,746,0,951,4,2
7022,746,0,951,4,2
7023,746,0,951,4,2
7024,746,0,951,4,2
7025,746,0,951,4,2
7026,746,0,951,4,2
7027,746,0,951,4,2
7028,747,1,952,4,2
7029,747,0,952,4,2
7030,747,0,952,4,2
7031,747,0,952,4,2
7032,747,0,952,4,2
7033,747,0,952,4,2
7034,747,0,952,4,2
7035,747,0,952,4,2
7036,747,0,952,4,2
7037,747,0,952,4,2
7038,748,1,954,4,2
7039,748,0,954,4,2
7040,748,0,954,4,2
7041,748,0,954,4,2
7042,748,0,954,4,2
7043,748,0,954,4,2
7044,748,0,954,4,2
7045,748,0,954,4,2
7046,748,0,954,4,2
7047,748,0,954,4,2
7048,748,0,954,4,2
7049,749,1,955,4,2
7050,749,0,955,4,2
7051,749,0,955,4,2
7052,749,0,955,4,2
7053,749,0,955,4,2
7054,749,0,955,4,2
7055,749,0,955,4,2
7056,749,0,955,4,2
7057,749,0,955,4,2
7058,749,0,955,4,2
7059,750,1,957,4,2
7060,750,0,957,4,2
7061,750,0,957,4,2
7062,750,0,957,4,2
7063,750,0,957,4,2
7064,750,0,957,4,2
7065,750,0,957,4,2
7066,750,0,957,4,2
7067,750,0,957,4,2
7068,750,0,957,4,2
7069,751,1,958,4,2
7070,751,0,958,4,2
7071,751,0,958,4,2
7072,751,0,958,4,2
7073,751,0,958,4,2
7074,751,0,958,4,2
7075,751,0,958,4,2
7076,751,0,958,4,2
7077,751,0,958,4,2
7078,751,0,958,4,2
7079,752,1,960,4,2
7080,752,0,960,4,2
7081,752,0,960,4,2
7082,752,0,960,4,2
7083,752,0,960,4,2
7084,752,0,960,4,2
7085,752,0,960,4,2
7086,752,0,960,4,2
7087,752,0,960,4,2
7088,752,0,960,4,2
7089,753,1,961,4,2
7090,753,0,961,4,2
7091,753,0,961,4,2
7092,753,0,961,4,2
7093,753,0,961,4,2
7094,753,0,961,4,2
7095,753,0,961,4,2
7096,753,0,961,4,2
7097,753,0,961,4,2
7098,753,0,961,4,2
7099,753,0,961,4,2
7100,754,1,963,4,2
7101,754,0,963,4,2
7102,754,0,963,4,2
7103,754,0,963,4,2
7104,754,0,963,4,2
7105,754,0,963,4,2
7106,754,0,963,4,2
7107,754,0,963,4,2
7108,754,0,963,4,2
7109,754,0,963,4,2
7110,754,0,963,4,2
7111,754,0,963,4,2
7112,754,0,963,4,2
7113,755,1,964,4,2
7114,755,0,964,4,2
7115,755,0,964,4,2
7116,755,0,964,4,2
7117,755,0,964,4,2
7118,755,0,964,4,2
7119,755,0,964,4,2
7120,755,0,964,4,2
7121,755,0,964,4,2
7122,755,0,964,4,2
7123,755,0,964,4,2
7124,755,0,964,4,2
7125,755,0,964,4,2
7126,755,0,964,4,2
7127,755,0,964,4,2
7128,755,0,964,4,2
7129,755,0,964,4,2
7130,756,1,966,4,2
7131,756,0,966,4,2
7132,756,0,966,4,2
7133,756,0,966,4,2
7134,756,0,966,4,2
7135,756,0,966,4,2
7136,756,0,966,4,2
7137,756,0,966,4,2
7138,756,0,966,4,2
7139,756,0,966,4,2
7140,756,0,966,4,2
7141,756,0,966,4,2
7142,756,0,966,4,2
7143,756,0,966,4,2
7144,756,0,966,4,2
7145,756,0,966,4,2
7146,757,1,967,4,2
7147,757,0,967,4,2
7148,757,0,967,4,2
7149,757,0,967,4,2
7150,757,0,967,4,2
7151,757,0,967,4,2
7152,757,0,967,4,2
7153,757,0,967,4,2
7154,757,0,967,4,2
7155,757,0,967,4,2
7156,757,0,967,4,2
7157,757,0,967,4,2
7158,757,0,967,4,2
7159,757,0,967,4,2
7160,757,0,967,4,2
7161,757,0,967,4,2
7162,757,0,967,4,2
7163,758,1,969,4,2
7164,758,0,969,4,2
7165,758,0,969,4,2
7166,758,0,969,4,2
7167,758,0,969,4,2
7168,758,0,969,4,2
7169,758,0,969,4,2
7170,758,0,969,4,2
7171,758,0,969,4,2
7172,758,0,969,4,2
7173,758,0,969,4,2
7174,758,0,969,4,2
7175,758,0,969,4,2
7176,758,0,969,4,2
7177,758,0,969,4,2
7178,758,0,969,4,2
7179,758,0,969,4,2
7180,759,1,970,4,2
7181,759,0,970,4,2
7182,759,0,970,4,2
7183,759,0,970,4,2
7184,759,0,970,4,2
7185,759,0,970,4,2
7186,759,0,970,4,2
7187,759,0,970,4,2
7188,759,0,970,4,2
7189,759,0,970,4,2
7190,759,0,970,4,2
7191,759,0,970,4,2
7192,759,0,970,4,2
7193,759,0,970,4,2
7194,759,0,970,4,2
7195,759,0,970,4,2
7196,760,1,972,4,2
7197,760,0,972,4,2
7198,760,0,972,4,2
7199,760,0,972,4,2
7200,760,0,972,4,2
7201,760,0,972,4,2
7202,760,0,972,4,2
7203,760,0,972,4,2
7204,760,0,972,4,2
7205,760,0,972,4,2
7206,760,0,972,4,2
7207,760,0,972,4,2
7208,760,0,972,4,2
7209,760,0,972,4,2
7210,760,0,972,4,2
7211,760,0,972,4,2
7212,761,1,973,4,2
7213,761,0,973,4,2
7214,761,0,973,4,2
7215,761,0,973,4,2
7216,761,0,973,4,2
7217,761,0,973,4,2
7218,761,0,973,4,2
7219,761,0,973,4,2
7220,761,0,973,4,2
7221,761,0,973,4,2
7222,761,0,973,4,2
7223,761,0,973,4,2
7224,761,0,973,4,2
7225,761,0,973,4,2
7226,761,0,973,4,2
7227,762,1,975,4,2
7228,762,0,975,4,2
7229,762,0,975,4,2
7230,762,0,975,4,2
7231,762,0,975,4,2
7232,762,0,975,4,2
7233,762,0,975,4,2
7234,762,0,975,4,2
7235,762,0,975,4,2
7236,762,0,975,4,2
7237,762,0,975,4,2
7238,762,0,975,4,2
7239,762,0,975,4,2
7240,762,0,975,4,2
7241,762,0,975,4,2
7242,762,0,975,4,2
7243,763,1,976,4,2
7244,763,0,976,4,2
7245,763,0,976,4,2
7246,763,0,976,4,2
7247,763,0,976,4,2
7248,763,0,976,4,2
7249,763,0,976,4,2
7250,763,0,976,4,2
7251,763,0,976,4,2
7252,763,0,976,4,2
7253,763,0,976,4,2
7254,763,0,976,4,2
7255,763,0,976,4,2
7256,763,0,976,4,2
7257,763,0,976,4,2
7258,763,0,976,4,2
7259,764,1,978,4,2
7260,764,0,978,4,2
7261,764,0,978,4,2
7262,764,0,978,4,2
7263,764,0,978,4,2
7264,764,0,978,4,2
7265,764,0,978,4,2
7266,764,0,978,4,2
7267,764,0,978,4,2
7268,764,0,978,4,2
7269,764,0,978,4,2
7270,764,0,978,4,2
7271,764,0,978,4,2
7272,764,0,978,4,2
7273,764,0,978,4,2
7274,764,0,978,4,2
7275,765,1,979,4,2
7276,765,0,979,4,2
7277,765,0,979,4,2
7278,765,0,979,4,2
7279,765,0,979,4,2
7280,765,0,979,4,2
7281,765,0,979,4,2
7282,765,0,979,4,2
7283,765,0,979,4,2
7284,765,0,979,4,2
7285,765,0,979,4,2
7286,765,0,979,4,2
7287,765,0,979,4,2
7288,765,0,979,4,2
7289,765,0,979,4,2
7290,765,0,979,4,2
7291,766,1,981,4,2
7292,766,0,981,4,2
7293,766,0,981,4,2
7294,766,0,981,4,2
7295,766,0,981,4,2
7296,766,0,981,4,2
7297,766,0,981,4,2
7298,766,0,981,4,2
7299,766,0,981,4,2
7300,766,0,981,4,2
7301,766,0,981,4,2
7302,766,0,981,4,2
7303,766,0,981,4,2
7304,766,0,981,4,2
7305,766,0,981,4,2
7306,766,0,981,4,2
7307,767,1,982,4,2
7308,767,0,982,4,2
7309,767,0,982,4,2
7310,767,0,982,4,2
7311,767,0,982,4,2
7312,767,0,982,4,2
7313,767,0,982,4,2
7314,767,0,982,4,2
7315,767,0,982,4,2
7316,767,0,982,4,2
7317,767,0,982,4,2
7318,767,0,982,4,2
7319,767,0,982,4,2
7320,767,0,982,4,2
7321,767,0,982,4,2
7322,767,0,982,4,2
7323,768,1,984,4,2
7324,768,0,984,4,2
7325,768,0,984,4,2
7326,768,0,984,4,2
7327,768,0,984,4,2
7328,768,0,984,4,2
7329,768,0,984,4,2
7330,768,0,984,4,2
7331,768,0,984,4,2
7332,768,0,984,4,2
7333,768,0,984,4,2
7334,768,0,984,4,2
7335,768,0,984,4,2
7336,768,0,984,4,2
7337,768,0,984,4,2
7338,768,0,984,4,2
7339,769,1,985,4,2
7340,769,0,985,4,2
7341,769,0,985,4,2
7342,769,0,985,4,2
7343,769,0,985,4,2
7344,769,0,985,4,2
7345,769,0,985,4,2
7346,769,0,985,4,2
7347,769,0,985,4,2
7348,769,0,985,4,2
7349,769,0,985,4,2
7350,769,0,985,4,2
7351,769,0,985,4,2
7352,769,0,985,4,2
7353,769,0,985,4,2
7354,769,0,985,4,2
7355,770,1,987,4,2
7356,770,0,987,4,2
7357,770,0,987,4,2
7358,770,0,987,4,2
7359,770,0,987,4,2
7360,770,0,987,4,2
7361,770,0,987,4,2
7362,770,0,987,4,2
7363,770,0,987,4,2
7364,770,0,987,4,2
7365,770,0,987,4,2
7366,770,0,987,4,2
7367,770,0,987,4,2
7368,770,0,987,4,2
7369,770,0,987,4,2
7370,770,0,987,4,2
7371,771,1,988,4,2
7372,771,0,988,4,2
7373,771,0,988,4,2
7374,771,0,988,4,2
7375,771,0,988,4,2
7376,771,0,988,4,2
7377,771,0,988,4,2
7378,771,0,988,4,2
7379,771,0,988,4,2
7380,771,0,988,4,2
7381,771,0,988,4,2
7382,771,0,988,4,2
7383,771,0,988,4,2
7384,771,0,988,4,2
7385,771,0,988,4,2
7386,771,0,988,4,2
7387,772,1,990,4,2
7388,772,0,990,4,2
7389,772,0,990,4,2
7390,772,0,990,4,2
7391,772,0,990,4,2
7392,772,0,990,4,2
7393,772,0,990,4,2
7394,772,0,990,4,2
7395,772,0,990,4,2
7396,772,0,990,4,2
7397,772,0,990,4,2
7398,772,0,990,4,2
7399,772,0,990,4,2
7400,772,0,990,4,2
7401,772,0,990,4,2
7402,772,0,990,4,2
7403,773,1,991,4,2
7404,773,0,991,4,2
7405,773,0,991,4,2
7406,773,0,991,4,2
7407,773,0,991,4,2
7408,773,0,991,4,2
7409,773,0,991,4,2
7410,773,0,991,4,2
7411,773,0,991,4,2
7412,773,0,991,4,2
7413,773,0,991,4,2
7414,773,0,991,4,2
7415,773,0,991,4,2
7416,773,0,991,4,2
7417,773,0,991,4,2
7418,774,1,992,4,2
7419,774,0,992,4,2
7420,774,0,992,4,2
7421,774,0,992,4,2
7422,774,0,992,4,2
7423,774,0,992,4,2
7424,774,0,992,4,2
7425,774,0,992,4,2
7426,774,0,992,4,2
7427,774,0,992,4,2
7428,775,1,992,4,2
7429,775,0,992,4,2
7430,775,0,992,4,2
7431,775,0,992,4,2
7432,775,0,992,4,2
7433,775,0,992,4,2
7434,775,0,992,4,2
7435,775,0,992,4,2
7436,775,0,992,4,2
7437,775,0,992,4,2
7438,776,1,992,4,2
7439,776,0,992,4,2
7440,776,0,992,4,2
7441,776,0,992,4,2
7442,776,0,992,4,2
7443,776,0,992,4,2
7444,776,0,992,4,2
7445,776,0,992,4,2
7446,776,0,992,4,2
7447,776,0,992,4,2
7448,777,1,992,4,2
7449,777,0,992,4,2
7450,777,0,992,4,2
7451,777,0,992,4,2
7452,777,0,992,4,2
7453,777,0,992,4,2
7454,777,0,992,4,2
7455,777,0,992,4,2
7456,777,0,992,4,2
7457,777,0,992,4,2
7458,778,1,992,4,2
7459,778,0,992,4,2
7460,778,0,992,4,2
7461,778,0,992,4,2
7462,779,1,992,4,2
7463,779,0,992,4,2
7464,779,0,992,4,2
7465,779,0,992,4,2
7466,780,1,992,4,2
7467,780,0,992,4,2
7468,780,0,992,4,2
7469,780,0,992,4,2
7470,781,1,992,4,2
7471,781,0,992,4,2
7472,781,0,992,4,2
7473,781,0,992,4,2
7474,782,1,992,4,2
7475,782,0,992,4,2
7476,782,0,992,4,2
7477,782,0,992,4,2
7478,783,1,992,4,2
7479,783,0,992,4,2
7480,783,0,992,4,2
7481,783,0,992,4,2
7482,784,1,992,4,2
7483,784,0,992,4,2
7484,784,0,992,4,2
7485,784,0,992,4,2
7486,785,1,992,4,2
7487,785,0,992,4,2
7488,785,0,992,4,2
7489,785,0,992,4,2
7490,785,0,992,4,2
7491,786,1,992,4,2
7492,786,0,992,4,2
7493,786,0,992,4,2
7494,786,0,992,4,2
7495,787,1,992,4,2
7496,787,0,992,4,2
7497,787,0,992,4,2
7498,787,0,992,4,2
7499,787,0,992,4,2
7500,788,1,992,4,2
7501,788,0,992,4,2
7502,788,0,992,4,2
7503,788,0,992,4,2
7504,788,0,992,4,2
7505,789,1,992,4,2
7506,789,0,992,4,2
7507,789,0,992,4,2
7508,789,0,992,4,2
7509,789,0,992,4,2
7510,790,1,992,4,2
7511,790,0,992,4,2
7512,790,0,992,4,2
7513,790,0,992,4,2
7514,791,1,992,4,2
7515,791,0,992,4,2
7516,791,0,992,4,2
7517,791,0,992,4,2
7518,791,0,992,4,2
7519,792,1,992,4,2
7520,792,0,992,4,2
7521,792,0,992,4,2
7522,792,0,992,4,2
7523,792,0,992,4,2
7524,793,1,992,4,2
7525,793,0,992,4,2
7526,793,0,992,4,2
7527,793,0,992,4,2
7528,794,1,992,4,2
7529,794,0,992,4,2
7530,794,0,992,4,2
7531,794,0,992,4,2
7532,794,0,992,4,2
7533,795,1,992,4,2
7534,795,0,992,4,2
7535,795,0,992,4,2
7536,795,0,992,4,2
7537,795,0,992,4,2
7538,796,1,992,4,2
7539,796,0,992,4,2
7540,796,0,992,4,2
7541,796,0,992,4,2
7542,797,1,992,4,2
7543,797,0,992,4,2
7544,797,0,992,4,2
7545,797,0,992,4,2
7546,797,0,992,4,2
7547,798,1,992,4,2
7548,798,0,992,4,2
7549,798,0,992,4,2
7550,798,0,992,4,2
7551,798,0,992,4,2
7552,799,1,992,4,2
7553,799,0,992,4,2
7554,799,0,992,4,2
7555,799,0,992,4,2
7556,800,1,992,4,2
7557,800,0,992,4,2
7558,800,0,992,4,2
7559,800,0,992,4,2
7560,801,1,992,4,2
7561,801,0,992,4,2
7562,801,0,992,4,2
7563,801,0,992,4,2
7564,801,0,992,4,2
7565,802,1,992,4,2
7566,802,0,992,4,2
7567,802,0,992,4,2
7568,802,0,992,4,2
7569,802,0,992,4,2
7570,803,1,992,4,2
7571,803,0,992,4,2
7572,803,0,992,4,2
7573,803,0,992,4,2
7574,804,1,992,4,2
7575,804,0,992,4,2
7576,804,0,992,4,2
7577,804,0,992,4,2
7578,804,0,992,4,2
7579,805,1,992,4,2
7580,805,0,992,4,2
7581,805,0,992,4,2
7582,805,0,992,4,2
7583,805,0,992,4,2
7584,806,1,992,4,2
7585,806,0,992,4,2
7586,806,0,992,4,2
7587,806,0,992,4,2
7588,807,1,992,4,2
7589,807,0,992,4,2
7590,807,0,992,4,2
7591,807,0,992,4,2
7592,807,0,992,4,2
7593,808,1,992,4,2
7594,808,0,992,4,2
7595,808,0,992,4,2
7596,808,0,992,4,2
7597,808,0,992,4,2
7598,809,1,992,4,2
7599,809,0,992,4,2
7600,809,0,992,4,2
7601,809,0,992,4,2
7602,810,1,992,4,2
7603,810,0,992,4,2
7604,810,0,992,4,2
7605,810,0,992,4,2
7606,810,0,992,4,2
7607,811,1,992,4,2
7608,811,0,992,4,2
7609,811,0,992,4,2
7610,811,0,992,4,2
7611,811,0,992,4,2
7612,812,1,992,4,2
7613,812,0,992,4,2
7614,812,0,992,4,2
7615,812,0,992,4,2
7616,812,0,992,4,2
7617,813,1,992,4,2
7618,813,0,992,4,2
7619,813,0,992,4,2
7620,813,0,992,4,2
7621,813,0,992,4,2
7622,814,1,992,4,2
7623,814,0,992,4,2
7624,814,0,992,4,2
7625,814,0,992,4,2
7626,814,0,992,4,2
7627,815,1,992,4,2
7628,815,0,992,4,2
7629,815,0,992,4,2
7630,815,0,992,4,2
7631,816,1,992,4,2
7632,816,0,992,4,2
7633,816,0,992,4,2
7634,816,0,992,4,2
7635,817,1,992,4,2
7636,817,0,992,4,2
7637,817,0,992,4,2
7638,817,0,992,4,2
7639,817,0,992,4,2
7640,818,1,992,4,2
7641,818,0,992,4,2
7642,818,0,992,4,2
7643,818,0,992,4,2
7644,818,0,992,4,2
7645,819,1,992,4,2
7646,819,0,992,4,2
7647,819,0,992,4,2
7648,819,0,992,4,2
7649,820,1,992,4,2
7650,820,0,992,4,2
7651,820,0,992,4,2
7652,820,0,992,4,2
7653,820,0,992,4,2
7654,821,1,992,4,2
7655,821,0,992,4,2
7656,821,0,992,4,2
7657,821,0,992,4,2
7658,822,1,992,4,2
7659,822,0,992,4,2
7660,822,0,992,4,2
7661,822,0,992,4,2
7662,822,0,992,4,2
7663,823,1,992,4,2
7664,823,0,992,4,2
7665,823,0,992,4,2
7666,823,0,992,4,2
7667,824,1,992,4,2
7668,824,0,992,4,2
7669,824,0,992,4,2
7670,824,0,992,4,2
7671,824,0,992,4,2
7672,825,1,992,4,2
7673,825,0,992,4,2
7674,825,0,992,4,2
7675,825,0,992,4,2
7676,825,0,992,4,2
7677,826,1,992,4,2
7678,826,0,992,4,2
7679,826,0,992,4,2
7680,826,0,992,4,2
7681,827,1,992,4,2
7682,827,0,992,4,2
7683,827,0,992,4,2
7684,827,0,992,4,2
7685,828,1,992,4,2
7686,828,0,992,4,2
7687,828,0,992,4,2
7688,828,0,992,4,2
7689,829,1,992,4,2
7690,829,0,992,4,2
7691,829,0,992,4,2
7692,829,0,992,4,2
7693,830,1,992,4,2
7694,830,0,992,4,2
7695,830,0,992,4,2
7696,830,0,992,4,2
7697,831,1,992,4,2
7698,831,0,992,4,2
7699,831,0,992,4,2
7700,831,0,992,4,2
7701,832,1,992,4,2
7702,832,0,992,4,2
7703,832,0,992,4,2
7704,832,0,992,4,2
7705,833,1,992,4,2
7706,833,0,992,4,2
7707,833,0,992,4,2
7708,833,0,992,4,2
7709,834,1,992,4,2
7710,834,0,992,4,2
7711,834,0,992,4,2
7712,834,0,992,4,2
7713,835,1,992,4,2
7714,835,0,992,4,2
7715,835,0,992,4,2
7716,835,0,992,4,2
7717,836,1,992,4,2
7718,836,0,992,4,2
7719,836,0,992,4,2
7720,836,0,992,4,2
7721,837,1,992,4,2
7722,837,0,992,4,2
7723,837,0,992,4,2
7724,837,0,992,4,2
7725,838,1,992,4,2
7726,838,0,992,4,2
7727,838,0,992,4,2
7728,838,0,992,4,2
7729,839,1,992,4,2
7730,839,0,992,4,2
7731,839,0,992,4,2
7732,839,0,992,4,2
7733,840,1,992,4,2
7734,840,0,992,4,2
7735,840,0,992,4,2
7736,840,0,992,4,2
7737,841,1,992,4,2
7738,841,0,992,4,2
7739,841,0,992,4,2
7740,841,0,992,4,2
7741,841,0,992,4,2
7742,842,1,992,4,2
7743,842,0,992,4,2
7744,842,0,992,4,2
7745,842,0,992,4,2
7746,843,1,992,4,2
7747,843,0,992,4,2
7748,843,0,992,4,2
7749,843,0,992,4,2
7750,844,1,992,4,2
7751,844,0,992,4,2
7752,844,0,992,4,2
7753,844,0,992,4,2
7754,845,1,992,4,2
7755,845,0,992,4,2
7756,845,0,992,4,2
7757,845,0,992,4,2
7758,846,1,992,4,2
7759,846,0,992,4,2
7760,846,0,992,4,2
7761,846,0,992,4,2
7762,847,1,992,4,2
7763,847,0,992,4,2
7764,847,0,992,4,2
7765,847,0,992,4,2
7766,847,0,992,4,2
7767,848,1,992,4,2
7768,848,0,992,4,2
7769,848,0,992,4,2
7770,848,0,992,4,2
7771,849,1,992,4,2
7772,849,0,992,4,2
7773,849,0,992,4,2
7774,849,0,992,4,2
7775,850,1,992,4,2
7776,850,0,992,4,2
7777,850,0,992,4,2
7778,850,0,992,4,2
7779,851,1,992,4,2
7780,851,0,992,4,2
7781,851,0,992,4,2
7782,851,0,992,4,2
7783,851,0,992,4,2
7784,852,1,992,4,2
7785,852,0,992,4,2
7786,852,0,992,4,2
7787,852,0,992,4,2
7788,853,1,992,4,2
7789,853,0,992,4,2
7790,853,0,992,4,2
7791,853,0,992,4,2
7792,854,1,992,4,2
7793,854,0,992,4,2
7794,854,0,992,4,2
7795,854,0,992,4,2
7796,854,0,992,4,2
7797,855,1,992,4,2
7798,855,0,992,4,2
7799,855,0,992,4,2
7800,855,0,992,4,2
7801,856,1,992,4,2
7802,856,0,992,4,2
7803,856,0,992,4,2
7804,856,0,992,4,2
7805,857,1,992,4,2
7806,857,0,992,4,2
7807,857,0,992,4,2
7808,857,0,992,4,2
7809,858,1,992,4,2
7810,858,0,992,4,2
7811,858,0,992,4,2
7812,858,0,992,4,2
7813,859,1,992,4,2
7814,859,0,992,4,2
7815,859,0,992,4,2
7816,859,0,992,4,2
7817,859,0,992,4,2
7818,860,1,992,4,2
7819,860,0,992,4,2
7820,860,0,992,4,2
7821,860,0,992,4,2
7822,861,1,992,4,2
7823,861,0,992,4,2
7824,861,0,992,4,2
7825,861,0,992,4,2
7826,862,1,992,4,2
7827,862,0,992,4,2
7828,862,0,992,4,2
7829,862,0,992,4,2
7830,863,1,992,4,2
7831,863,0,992,4,2
7832,863,0,992,4,2
7833,863,0,992,4,2
7834,864,1,992,4,2
7835,864,0,992,4,2
7836,864,0,992,4,2
7837,864,0,992,4,2
7838,865,1,992,4,2
7839,865,0,992,4,2
7840,865,0,992,4,2
7841,865,0,992,4,2
7842,865,0,992,4,2
7843,866,1,992,4,2
7844,866,0,992,4,2
7845,866,0,992,4,2
7846,866,0,992,4,2
7847,867,1,992,4,2
7848,867,0,992,4,2
7849,867,0,992,4,2
7850,867,0,992,4,2
7851,868,1,992,4,2
7852,868,0,992,4,2
7853,868,0,992,4,2
7854,868,0,992,4,2
7855,869,1,992,4,2
7856,869,0,992,4,2
7857,869,0,992,4,2
7858,869,0,992,4,2
7859,870,1,992,4,2
7860,870,0,992,4,2
7861,870,0,992,4,2
7862,870,0,992,4,2
7863,870,0,992,4,2
7864,871,1,992,4,2
7865,871,0,992,4,2
7866,871,0,992,4,2
7867,871,0,992,4,2
7868,872,1,992,4,2
7869,872,0,992,4,2
7870,872,0,992,4,2
7871,872,0,992,4,2
7872,873,1,992,4,2
7873,873,0,992,4,2
7874,873,0,992,4,2
7875,873,0,992,4,2
7876,873,0,992,4,2
7877,874,1,992,4,2
7878,874,0,992,4,2
7879,874,0,992,4,2
7880,874,0,992,4,2
7881,875,1,992,4,2
7882,875,0,992,4,2
7883,875,0,992,4,2
7884,875,0,992,4,2
7885,876,1,992,4,2
7886,876,0,992,4,2
7887,876,0,992,4,2
7888,876,0,992,4,2
7889,877,1,992,4,2
7890,877,0,992,4,2
7891,877,0,992,4,2
7892,877,0,992,4,2
7893,878,1,992,4,2
7894,878,0,992,4,2
7895,878,0,992,4,2
7896,878,0,992,4,2
7897,878,0,992,4,2
7898,879,1,992,4,2
7899,879,0,992,4,2
7900,879,0,992,4,2
7901,879,0,992,4,2
7902,880,1,992,4,2
7903,880,0,992,4,2
7904,880,0,992,4,2
7905,880,0,992,4,2
7906,881,1,992,4,2
7907,881,0,992,4,2
7908,881,0,992,4,2
7909,881,0,992,4,2
7910,882,1,992,4,2
7911,882,0,992,4,2
7912,882,0,992,4,2
7913,882,0,992,4,2
7914,883,1,992,4,2
7915,883,0,992,4,2
7916,883,0,992,4,2
7917,883,0,992,4,2
7918,884,1,992,4,2
7919,884,0,992,4,2
7920,884,0,992,4,2
7921,884,0,992,4,2
7922,885,1,992,4,2
7923,885,0,992,4,2
7924,885,0,992,4,2
7925,885,0,992,4,2
7926,885,0,992,4,2
7927,886,1,992,4,2
7928,886,0,992,4,2
7929,886,0,992,4,2
7930,886,0,992,4,2
7931,887,1,992,4,2
7932,887,0,992,4,2
7933,887,0,992,4,2
7934,887,0,992,4,2
7935,888,1,992,4,2
7936,888,0,992,4,2
7937,888,0,992,4,2
7938,888,0,992,4,2
7939,889,1,992,4,2
7940,889,0,992,4,2
7941,889,0,992,4,2
7942,889,0,992,4,2
7943,890,1,992,4,2
7944,890,0,992,4,2
7945,890,0,992,4,2
7946,890,0,992,4,2
7947,890,0,992,4,2
7948,891,1,992,4,2
7949,891,0,992,4,2
7950,891,0,992,4,2
7951,891,0,992,4,2
7952,892,1,992,4,2
7953,892,0,992,4,2
7954,892,0,992,4,2
7955,892,0,992,4,2
7956,893,1,992,4,2
7957,893,0,992,4,2
7958,893,0,992,4,2
7959,893,0,992,4,2
7960,894,1,992,4,2
7961,894,0,992,4,2
7962,894,0,992,4,2
7963,894,0,992,4,2
7964,895,1,992,4,2
7965,895,0,992,4,2
7966,895,0,992,4,2
7967,895,0,992,4,2
7968,895,0,992,4,2
7969,896,1,992,4,2
7970,896,0,992,4,2
7971,896,0,992,4,2
7972,896,0,992,4,2
7973,897,1,992,4,2
7974,897,0,992,4,2
7975,897,0,992,4,2
7976,897,0,992,4,2
7977,898,1,992,4,2
7978,898,0,992,4,2
7979,898,0,992,4,2
7980,898,0,992,4,2
7981,899,1,992,4,2
7982,899,0,992,4,2
7983,899,0,992,4,2
7984,899,0,992,4,2
7985,900,1,992,4,2
7986,900,0,992,4,2
7987,900,0,992,4,2
7988,900,0,992,4,2
7989,901,1,992,4,2
7990,901,0,992,4,2
7991,901,0,992,4,2
7992,901,0,992,4,2
7993,901,0,992,4,2
7994,902,1,992,4,2
7995,902,0,992,4,2
7996,902,0,992,4,2
7997,902,0,992,4,2
7998,903,1,992,4,2
7999,903,0,992,4,2
8000,903,0,992,4,2
8001,903,0,992,4,2
8002,904,1,992,4,2
8003,904,0,992,4,2
8004,904,0,992,4,2
8005,904,0,992,4,2
8006,905,1,992,4,2
8007,905,0,992,4,2
8008,905,0,992,4,2
8009,905,0,992,4,2
8010,906,1,992,4,2
8011,906,0,992,4,2
8012,906,0,992,4,2
8013,906,0,992,4,2
8014,907,1,992,4,2
8015,907,0,992,4,2
8016,907,0,992,4,2
8017,907,0,992,4,2
8018,907,0,992,4,2
8019,908,1,992,4,2
8020,908,0,992,4,2
8021,908,0,992,4,2
8022,908,0,992,4,2
8023,909,1,992,4,2
8024,909,0,992,4,2
8025,909,0,992,4,2
8026,909,0,992,4,2
8027,910,1,992,4,2
8028,910,0,992,4,2
8029,910,0,992,4,2
8030,910,0,992,4,2
8031,911,1,992,4,2
8032,911,0,992,4,2
8033,911,0,992,4,2
8034,911,0,992,4,2
8035,912,1,992,4,2
8036,912,0,992,4,2
8037,912,0,992,4,2
8038,912,0,992,4,2
8039,913,1,992,4,2
8040,913,0,992,4,2
8041,913,0,992,4,2
8042,913,0,992,4,2
8043,914,1,992,4,2
8044,914,0,992,4,2
8045,914,0,992,4,2
8046,914,0,992,4,2
8047,914,0,992,4,2
8048,915,1,992,4,2
8049,915,0,992,4,2
8050,915,0,992,4,2
8051,915,0,992,4,2
8052,915,0,992,4,2
8053,916,1,992,4,2
8054,916,0,992,4,2
8055,916,0,992,4,2
8056,916,0,992,4,2
8057,917,1,992,4,2
8058,917,0,992,4,2
8059,917,0,992,4,2
8060,917,0,992,4,2
8061,918,1,992,4,2
8062,918,0,992,4,2
8063,918,0,992,4,2
8064,918,0,992,4,2
8065,919,1,992,4,2
8066,919,0,992,4,2
8067,919,0,992,4,2
8068,919,0,992,4,2
8069,920,1,992,4,2
8070,920,0,992,4,2
8071,920,0,992,4,2
8072,920,0,992,4,2
8073,920,0,992,4,2
8074,921,1,992,4,2
8075,921,0,992,4,2
8076,921,0,992,4,2
8077,921,0,992,4,2
8078,922,1,992,4,2
8079,922,0,992,4,2
8080,922,0,992,4,2
8081,922,0,992,4,2
8082,923,1,992,4,2
8083,923,0,992,4,2
8084,923,0,992,4,2
8085,923,0,992,4,2
8086,923,0,992,4,2
8087,924,1,992,4,2
8088,924,0,992,4,2
8089,924,0,992,4,2
8090,924,0,992,4,2
8091,925,1,992,4,2
8092,925,0,992,4,2
8093,925,0,992,4,2
8094,925,0,992,4,2
8095,926,1,992,4,2
8096,926,0,992,4,2
8097,926,0,992,4,2
8098,926,0,992,4,2
8099,926,0,992,4,2
8100,927,1,992,4,2
8101,927,0,992,4,2
8102,927,0,992,4,2
8103,927,0,992,4,2
8104,928,1,992,4,2
8105,928,0,992,4,2
8106,928,0,992,4,2
8107,928,0,992,4,2
8108,929,1,992,4,2
8109,929,0,992,4,2
8110,929,0,992,4,2
8111,929,0,992,4,2
8112,930,1,992,4,2
8113,930,0,992,4,2
8114,930,0,992,4,2
8115,930,0,992,4,2
8116,931,1,992,4,2
8117,932,1,992,4,2
8118,933,1,992,4,2
8119,934,1,992,4,2
8120,935,1,992,4,2
8121,936,1,992,4,2
8122,937,1,992,4,2
8123,938,1,992,4,2
8124,939,1,992,4,2
8125,940,1,992,4,2
8126,941,1,992,4,2
8127,942,1,992,4,2
8128,943,1,992,4,2
8129,944,1,992,4,2
8130,945,1,992,4,2
8131,946,1,992,4,2
8132,947,1,992,4,2
8133,948,1,992,4,2
8134,949,1,992,4,2
8135,950,1,992,4,2
8136,951,1,992,4,2
8137,952,1,992,4,2
8138,953,1,992,4,2
8139,954,1,992,4,2
8140,955,1,992,4,2
8141,956,1,992,4,2
8142,957,1,992,4,2
8143,958,1,992,4,2
8144,959,1,992,4,2
8145,960,1,992,4,2
8146,961,1,992,4,2
8147,962,1,992,4,2
8148,963,1,992,4,2
8149,964,1,992,4,2
8150,965,1,992,4,2
8151,966,1,992,4,2
8152,967,1,992,4,2
8153,968,1,992,4,2
8154,969,1,992,4,2
8155,970,1,992,4,2
8156,971,1,992,4,2
8157,972,1,992,4,2
8158,973,1,992,4,2
8159,974,1,992,4,2
8160,975,1,992,4,2
8161,976,1,992,4,2
8162,977,1,992,4,2
8163,978,1,992,4,2
8164,979,1,992,4,2
8165,980,1,992,4,2
8166,981,1,992,4,2
8167,982,1,992,4,2
8168,983,1,992,4,2
8169,984,1,992,4,2
8170,985,1,992,4,2
8171,986,1,992,4,2
8172,987,1,992,4,2
8173,988,1,992,4,2
8174,989,1,992,4,2
8175,990,1,992,4,2
8176,991,1,992,4,2
8177,992,1,992,4,2
8178,993,1,992,4,2
8179,994,1,992,4,2
8180,995,1,992,4,2
8181,996,1,992,4,2
8182,997,1,992,4,2
8183,998,1,992,4,2
8184,999,1,992,4,2
8185,1000,1,992,4,2
8186,1001,1,992,4,2
8187,1002,1,992,4,2
8188,1003,1,992,4,2
8189,1004,1,992,4,2
8190,1005,1,992,4,2
8191,1006,1,992,4,2
8192,1007,1,992,4,2
8193,1008,1,992,4,2
8194,1009,1,992,4,2
8195,1010,1,992,4,2
8196,1011,1,992,4,2
8197,1012,1,992,4,2
8198,1013,1,992,4,2
8199,1014,1,992,4,2
8200,1015,1,992,4,2
8201,1016,1,992,4,2
8202,1017,1,992,4,2
8203,1018,1,992,4,2
8204,1019,1,992,4,2
8205,1020,1,992,4,2
8206,1021,1,992,4,2
8207,1022,1,992,4,2
8208,1023,1,992,4,2
8209,1024,1,992,4,2
8210,1025,1,992,4,2
8211,1026,1,992,4,2
8212,1027,1,992,4,2
8213,1028,1,992,4,2
8214,1029,1,992,4,2
8215,1030,1,992,4,2
8216,1031,1,992,4,2
8217,1032,1,992,4,2
8218,1033,1,992,4,2
8219,1034,1,992,4,2
8220,1035,1,992,4,2
8221,1036,1,992,4,2
8222,1037,1,992,4,2
8223,1038,1,992,4,2
8224,1039,1,992,4,2
8225,1040,1,992,4,2
8226,1041,1,992,4,2
8227,1042,1,992,4,2
8228,1043,1,992,4,2
8229,1044,1,992,4,2
8230,1045,1,992,4,2
8231,1046,1,992,4,2
8232,1047,1,992,4,2
8233,1048,1,992,4,2
8234,1049,1,992,4,2
8235,1050,1,992,4,2
8236,1051,1,992,4,2
8237,1052,1,992,4,2
8238,1053,1,992,4,2
8239,1054,1,992,4,2
8240,1055,1,992,4,2
8241,1056,1,992,4,2
8242,1057,1,992,4,2
8243,1058,1,992,4,2
8244,1059,1,992,4,2
8245,1060,1,992,4,2
8246,1061,1,992,4,2
8247,1062,1,992,4,2
8248,1063,1,992,4,2
8249,1064,1,992,4,2
8250,1065,1,992,4,2
8251,1066,1,992,4,2
8252,1067,1,992,4,2
8253,1068,1,992,4,2
8254,1069,1,992,4,2
8255,1070,1,992,4,2
8256,1071,1,992,4,2
8257,1072,1,992,4,2
8258,1073,1,992,4,2
8259,1074,1,992,4,2
8260,1075,1,992,4,2
8261,1076,1,992,4,2
8262,1077,1,992,4,2
8263,1078,1,992,4,2
8264,1079,1,992,4,2
8265,1080,1,992,4,2
8266,1081,1,992,4,2
8267,1082,1,992,4,2
8268,1083,1,992,4,2
8269,1084,1,992,4,2
8270,1085,1,992,4,2
8271,1086,1,992,4,2
8272,1087,1,992,4,2
8273,1088,1,992,4,2
8274,1089,1,992,4,2
8275,1090,1,992,4,2
8276,1091,1,992,4,2
8277,1092,1,992,4,2
8278,1093,1,992,4,2
8279,1094,1,992,4,2
8280,1095,1,992,4,2
8281,1096,1,992,4,2
8282,1097,1,992,4,2
8283,1098,1,992,4,2
8284,1099,1,992,4,2
8285,1100,1,992,4,2
8286,1101,1,992,4,2
8287,1102,1,992,4,2
8288,1103,1,992,4,2
8289,1104,1,992,4,2
8290,1105,1,992,4,2
8291,1106,1,992,4,2
8292,1107,1,992,4,2
8293,1108,1,992,4,2
8294,1109,1,992,4,2
8295,1110,1,992,4,2
8296,1111,1,992,4,2
8297,1112,1,992,4,2
8298,1113,1,992,4,2
8299,1114,1,992,4,2
8300,1115,1,992,4,2
8301,1116,1,992,4,2
8302,1117,1,992,4,2
8303,1118,1,992,4,2
8304,1119,1,992,4,2
8305,1120,1,992,4,2
8306,1121,1,992,4,2
8307,1122,1,992,4,2
8308,1123,1,992,4,2
8309,1124,1,992,4,2
8310,1125,1,992,4,2
8311,1126,1,992,4,2
8312,1127,1,992,4,2
8313,1128,1,992,4,2
8314,1129,1,992,4,2
8315,1130,1,992,4,2
8316,1131,1,992,4,2
8317,1132,1,992,4,2
8318,1133,1,992,4,2
8319,1134,1,992,4,2
8320,1135,1,992,4,2
8321,1136,1,992,4,2
8322,1137,1,992,4,2
8323,1138,1,992,4,2
8324,1139,1,992,4,2
8325,1140,1,992,4,2
8326,1141,1,992,4,2
8327,1142,1,992,4,2
8328,1143,1,992,4,2
8329,1144,1,992,4,2
8330,1145,1,992,4,2
8331,1146,1,992,4,2
8332,1147,1,992,4,2
8333,1148,1,992,4,2
8334,1149,1,992,4,2
8335,1150,1,992,4,2
8336,1151,1,992,4,2
8337,1152,1,992,4,2
8338,1153,1,992,4,2
8339,1154,1,992,4,2
8340,1155,1,992,4,2
8341,1156,1,992,4,2
8342,1157,1,992,4,2
8343,1158,1,992,4,2
8344,1159,1,992,4,2
8345,1160,1,992,4,2
8346,1161,1,992,4,2
8347,1162,1,992,4,2
8348,1163,1,992,4,2
8349,1164,1,992,4,2
8350,1165,1,992,4,2
8351,1166,1,992,4,2
8352,1167,1,992,4,2
8353,1168,1,992,4,2
8354,1169,1,992,4,2
8355,1170,1,992,4,2
8356,1171,1,992,4,2
8357,1172,1,992,4,2
8358,1173,1,992,4,2
8359,1174,1,992,4,2
8360,1175,1,992,4,2
8361,1176,1,992,4,2
8362,1177,1,992,4,2
8363,1178,1,992,4,2
8364,1179,1,992,4,2
8365,1180,1,992,4,2
8366,1181,1,992,4,2
8367,1182,1,992,4,2
8368,1183,1,992,4,2
8369,1184,1,992,4,2
8370,1185,1,992,4,2
8371,1186,1,992,4,2
8372,1187,1,992,4,2
8373,1188,1,992,4,2
8374,1189,1,992,4,2
8375,1190,1,992,4,2
8376,1191,1,992,4,2
8377,1192,1,992,4,2
8378,1193,1,992,4,2
8379,1194,1,992,4,2
8380,1195,1,992,4,2
8381,1196,1,992,4,2
8382,1197,1,992,4,2
8383,1198,1,992,4,2
8384,1199,1,992,4,2
8385,1200,1,992,4,2
8386,1201,1,992,4,2
8387,1202,1,992,4,2
8388,1203,1,992,4,2
8389,1204,1,992,4,2
8390,1205,1,992,4,2
8391,1206,1,992,4,2
8392,1207,1,992,4,2
8393,1208,1,992,4,2
8394,1209,1,992,4,2
8395,1210,1,992,4,2
8396,1211,1,992,4,2
8397,1212,1,992,4,2
8398,1213,1,992,4,2
8399,1214,1,992,4,2
8400,1215,1,992,4,2
8401,1216,1,992,4,2
8402,1217,1,992,4,2
8403,1218,1,992,4,2
8404,1219,1,992,4,2
8405,1220,1,992,4,2
8406,1221,1,992,4,2
8407,1222,1,992,4,2
8408,1223,1,992,4,2
8409,1224,1,992,4,2
8410,1225,1,992,4,2
8411,1226,1,992,4,2
8412,1227,1,992,4,2
8413,1228,1,992,4,2
8414,1229,1,992,4,2
8415,1230,1,992,4,2
8416,1231,1,992,4,2
8417,1232,1,992,4,2
8418,1233,1,992,4,2
8419,1234,1,992,4,2
8420,1235,1,992,4,2
8421,1236,1,992,4,2
8422,1237,1,992,4,2
8423,1238,1,992,4,2
8424,1239,1,992,4,2
8425,1240,1,992,4,2
8426,1241,1,992,4,2
8427,1242,1,992,4,2
8428,1243,1,992,4,2
8429,1244,1,992,4,2
8430,1245,1,992,4,2
8431,1246,1,992,4,2
8432,1247,1,992,4,2
8433,1248,1,992,4,2
8434,1249,1,992,4,2
8435,1250,1,992,4,2
8436,1251,1,992,4,2
8437,1252,1,992,4,2
8438,1253,1,992,4,2
8439,1254,1,992,4,2
8440,1255,1,992,4,2
8441,1256,1,992,4,2
8442,1257,1,992,4,2
8443,1258,1,992,4,2
8444,1259,1,992,4,2
8445,1260,1,992,4,2
8446,1261,1,992,4,2
8447,1262,1,992,4,2
8448,1263,1,992,4,2
8449,1264,1,992,4,2
8450,1265,1,992,4,2
8451,1266,1,992,4,2
8452,1267,1,992,4,2
8453,1268,1,992,4,2
8454,1269,1,992,4,2
8455,1270,1,992,4,2
8456,1271,1,992,4,2
8457,1272,1,992,4,2
8458,1273,1,992,4,2
8459,1274,1,992,4,2
8460,1275,1,992,4,2
8461,1276,1,992,4,2
8462,1277,1,992,4,2
8463,1278,1,992,4,2
8464,1279,1,992,4,2
8465,1280,1,992,4,2
8466,1281,1,992,4,2
8467,1282,1,992,4,2
8468,1283,1,992,4,2
8469,1284,1,992,4,2
8470,1285,1,992,4,2
8471,1286,1,992,4,2
8472,1287,1,992,4,2
8473,1288,1,992,4,2
8474,1289,1,992,4,2
8475,1290,1,992,4,2
8476,1291,1,992,4,2
8477,1292,1,992,4,2
8478,1293,1,992,4,2
8479,1294,1,992,4,2
8480,1295,1,992,4,2
8481,1296,1,992,4,2
8482,1297,1,992,4,2
8483,1298,1,992,4,2
8484,1299,1,992,4,2
8485,1300,1,992,4,2
8486,1301,1,992,4,2
8487,1302,1,992,4,2
8488,1303,1,992,4,2
8489,1304,1,992,4,2
8490,1305,1,992,4,2
8491,1306,1,992,4,2
8492,1307,1,992,4,2
8493,1308,1,992,4,2
8494,1309,1,992,4,2
8495,1310,1,992,4,2
8496,1311,1,992,4,2
8497,1312,1,992,4,2
8498,1313,1,992,4,2
8499,1314,1,992,4,2
8500,1315,1,992,4,2
8501,1316,1,992,4,2
8502,1317,1,992,4,2
8503,1318,1,992,4,2
8504,1319,1,992,4,2
8505,1320,1,992,4,2
8506,1321,1,992,4,2
8507,1322,1,992,4,2
8508,1323,1,992,4,2
8509,1324,1,992,4,2
8510,1325,1,992,4,2
8511,1326,1,992,4,2
8512,1327,1,992,4,2
8513,1328,1,992,4,2
8514,1329,1,992,4,2
8515,1330,1,992,4,2
8516,1331,1,992,4,2
8517,1332,1,992,4,2
8518,1333,1,992,4,2
8519,1334,1,992,4,2
8520,1335,1,992,4,2
8521,1336,1,992,4,2
8522,1337,1,992,4,2
8523,1338,1,992,4,2
8524,1339,1,992,4,2
8525,1340,1,992,4,2
8526,1341,1,992,4,2
8527,1342,1,992,4,2
8528,1343,1,992,4,2
8529,1344,1,992,4,2
8530,1345,1,992,4,2
8531,1346,1,992,4,2
8532,1347,1,992,4,2
8533,1348,1,992,4,2
8534,1349,1,992,4,2
8535,1350,1,992,4,2
8536,1351,1,992,4,2
8537,1352,1,992,4,2
8538,1353,1,992,4,2
8539,1354,1,992,4,2
8540,1355,1,992,4,2
8541,1356,1,992,4,2
8542,1357,1,992,4,2
8543,1358,1,992,4,2
8544,1359,1,992,4,2
8545,1360,1,992,4,2
8546,1361,1,992,4,2
8547,1362,1,992,4,2
8548,1363,1,992,4,2
8549,1364,1,992,4,2
8550,1365,1,992,4,2
8551,1366,1,992,4,2
8552,1367,1,992,4,2
8553,1368,1,992,4,2
8554,1369,1,992,4,2
8555,1370,1,992,4,2
8556,1371,1,992,4,2
8557,1372,1,992,4,2
8558,1373,1,992,4,2
8559,1374,1,992,4,2
8560,1375,1,992,4,2
8561,1376,1,992,4,2
8562,1377,1,992,4,2
8563,1378,1,992,4,2
8564,1379,1,992,4,2
8565,1380,1,992,4,2
8566,1381,1,992,4,2
8567,1382,1,992,4,2
8568,1383,1,992,4,2
8569,1384,1,992,4,2
8570,1385,1,992,4,2
8571,1386,1,992,4,2
8572,1387,1,992,4,2
8573,1388,1,992,4,2
8574,1389,1,992,4,2
8575,1390,1,992,4,2
8576,1391,1,992,4,2
8577,1392,1,992,4,2
8578,1393,1,992,4,2
8579,1394,1,992,4,2
8580,1395,1,992,4,2
8581,1396,1,992,4,2
8582,1397,1,992,4,2
8583,1398,1,992,4,2
8584,1399,1,992,4,2
8585,1400,1,992,4,2
8586,1401,1,992,4,2
8587,1402,1,992,4,2
8588,1403,1,992,4,2
8589,1404,1,992,4,2
8590,1405,1,992,4,2
8591,1406,1,992,4,2
8592,1407,1,992,4,2
8593,1408,1,992,4,2
8594,1409,1,992,4,2
8595,1410,1,992,4,2
8596,1411,1,992,4,2
8597,1412,1,992,4,2
8598,1413,1,992,4,2
8599,1414,1,992,4,2
8600,1415,1,992,4,2
8601,1416,1,992,4,2
8602,1417,1,992,4,2
8603,1418,1,992,4,2
8604,1419,1,992,4,2
8605,1420,1,992,4,2
8606,1421,1,992,4,2
8607,1422,1,992,4,2
8608,1423,1,992,4,2
8609,1424,1,992,4,2
8610,1425,1,992,4,2
8611,1426,1,992,4,2
8612,1427,1,992,4,2
8613,1428,1,992,4,2
8614,1429,1,992,4,2
8615,1430,1,992,4,2
8616,1431,1,992,4,2
8617,1432,1,992,4,2
8618,1433,1,992,4,2
8619,1434,1,992,4,2
8620,1435,1,992,4,2
8621,1436,1,992,4,2
8622,1437,1,992,4,2
8623,1438,1,992,4,2
8624,1439,1,992,4,2
8625,1440,1,992,4,2
8626,1441,1,992,4,2
8627,1442,1,992,4,2
8628,1443,1,992,4,2
8629,1444,1,992,4,2
8630,1445,1,992,4,2
8631,1446,1,992,4,2
8632,1447,1,992,4,2
8633,1448,1,992,4,2
8634,1449,1,992,4,2
8635,1450,1,992,4,2
8636,1451,1,992,4,2
8637,1452,1,992,4,2
8638,1453,1,992,4,2
8639,1454,1,992,4,2
8640,1455,1,992,4,2
8641,1456,1,992,4,2
8642,1457,1,992,4,2
8643,1458,1,992,4,2
8644,1459,1,992,4,2
8645,1460,1,992,4,2
8646,1461,1,992,4,2
8647,1462,1,992,4,2
8648,1463,1,992,4,2
8649,1464,1,992,4,2
8650,1465,1,992,4,2
8651,1466,1,992,4,2
8652,1467,1,992,4,2
8653,1468,1,992,4,2
8654,1469,1,992,4,2
8655,1470,1,992,4,2
8656,1471,1,992,4,2
8657,1472,1,992,4,2
8658,1473,1,992,4,2
8659,1474,1,992,4,2
8660,1475,1,992,4,2
8661,1476,1,992,4,2
8662,1477,1,992,4,2
8663,1478,1,992,4,2
8664,1479,1,992,4,2
8665,1480,1,992,4,2
8666,1481,1,992,4,2
8667,1482,1,992,4,2
8668,1483,1,992,4,2
8669,1484,1,992,4,2
8670,1485,1,992,4,2
8671,1486,1,992,4,2
8672,1487,1,992,4,2
8673,1488,1,992,4,2
8674,1489,1,992,4,2
8675,1490,1,992,4,2
8676,1491,1,992,4,2
8677,1492,1,992,4,2
8678,1493,1,992,4,2
8679,1494,1,992,4,2
8680,1495,1,992,4,2
8681,1496,1,992,4,2
8682,1497,1,992,4,2
8683,1498,1,992,4,2
8684,1499,1,992,4,2
8685,1500,1,992,4,2
8686,1501,1,992,4,2
8687,1502,1,992,4,2
8688,1503,1,992,4,2
8689,1504,1,992,4,2
8690,1505,1,992,4,2
8691,1506,1,992,4,2
8692,1507,1,992,4,2
8693,1508,1,992,4,2
8694,1509,1,992,4,2
8695,1510,1,992,4,2
8696,1511,1,992,4,2
8697,1512,1,992,4,2
8698,1513,1,992,4,2
8699,1514,1,992,4,2
8700,1514,0,992,4,2
8701,1514,0,992,4,2
8702,1514,0,992,4,2
8703,1514,0,992,4,2
8704,1514,0,992,4,2
8705,1514,0,992,4,2
8706,1514,0,992,4,2
8707,1514,0,992,4,2
8708,1514,0,992,4,2
8709,1514,0,992,4,2
8710,1514,0,992,4,2
8711,1514,0,992,4,2
8712,1514,0,992,4,2
8713,1514,0,992,4,2
8714,1514,0,992,4,2
8715,1514,0,992,4,2
8716,1514,0,992,4,2
8717,1514,0,992,4,2
8718,1514,0,992,4,2
8719,1514,0,992,4,2
8720,1514,0,992,4,2
8721,1514,0,992,4,2
8722,1514,0,992,4,2
8723,1514,0,992,4,2
8724,1514,0,992,4,2
8725,1514,0,992,4,2
8726,1514,0,992,4,2
8727,1514,0,992,4,2
8728,1514,0,992,4,2
8729,1514,0,992,4,2
8730,1514,0,992,4,2
8731,1514,0,992,4,2
8732,1514,0,992,4,2
8733,1514,0,992,4,2
8734,1514,0,992,4,2
8735,1514,0,992,4,2
8736,1514,0,992,4,2
8737,1514,0,992,4,2
8738,1514,0,992,4,2
8739,1514,0,992,4,2
8740,1514,0,992,4,2
8741,1514,0,992,4,2
8742,1514,0,992,4,2
8743,1514,0,992,4,2
8744,1514,0,992,4,2
8745,1514,0,992,4,2
8746,1514,0,992,4,2
8747,1514,0,992,4,2
8748,1514,0,992,4,2
8749,1514,0,992,4,2
8750,1514,0,992,4,2
8751,1514,0,992,4,2
8752,1514,0,992,4,2
8753,1514,0,992,4,2
8754,1514,0,992,4,2
8755,1514,0,992,4,2
8756,1514,0,992,4,2
8757,1514,0,992,4,2
8758,1514,0,992,4,2
8759,1514,0,992,4,2
8760,1514,0,992,4,2
8761,1514,0,992,4,2
8762,1514,0,992,4,2
8763,1514,0,992,4,2
8764,1514,0,992,4,2
8765,1514,0,992,4,2
8766,1514,0,992,4,2
8767,1514,0,992,4,2
8768,1514,0,992,4,2
8769,1514,0,992,4,2
8770,1514,0,992,4,2
8771,1514,0,992,4,2
8772,1514,0,992,4,2
8773,1514,0,992,4,2
8774,1514,0,992,4,2
8775,1514,0,992,4,2
8776,1514,0,992,4,2
8777,1514,0,992,4,2
8778,1514,0,992,4,2
8779,1514,0,992,4,2
8780,1514,0,992,4,2
8781,1514,0,992,4,2
8782,1514,0,992,4,2
8783,1514,0,992,4,2
8784,1514,0,992,4,2
8785,1514,0,992,4,2
8786,1514,0,992,4,2
8787,1514,0,992,4,2
8788,1514,0,992,4,2
8789,1514,0,992,4,2
8790,1514,0,992,4,2
8791,1514,0,992,4,2
8792,1514,0,992,4,2
8793,1514,0,992,4,2
8794,1514,0,992,4,2
8795,1514,0,992,4,2
8796,1514,0,992,4,2
8797,1514,0,992,4,2
8798,1514,0,992,4,2
8799,1514,0,992,4,2
8800,1514,0,992,4,2
8801,1514,0,992,4,2
8802,1514,0,992,4,2
8803,1514,0,992,4,2
8804,1514,0,992,4,2
8805,1514,0,992,4,2
8806,1514,0,992,4,2
8807,1514,0,992,4,2
8808,1514,0,992,4,2
8809,1514,0,992,4,2
8810,1514,0,992,4,2
8811,1514,0,992,4,2
8812,1514,0,992,4,2
8813,1514,0,992,4,2
8814,1514,0,992,4,2
8815,1514,0,992,4,2
8816,1514,0,992,4,2
8817,1514,0,992,4,2
8818,1514,0,992,4,2
8819,1514,0,992,4,2
8820,1514,0,992,4,2
8821,1514,0,992,4,2
8822,1514,0,992,4,2
8823,1514,0,992,4,2
8824,1514,0,992,4,2
8825,1514,0,992,4,2
8826,1514,0,992,4,2
8827,1514,0,992,4,2
8828,1514,0,992,4,2
8829,1514,0,992,4,2
8830,1514,0,992,4,2
8831,1514,0,992,4,2
8832,1514,0,992,4,2
8833,1514,0,992,4,2
8834,1514,0,992,4,2
8835,1514,0,992,4,2
8836,1514,0,992,4,2
8837,1514,0,992,4,2
8838,1514,0,992,4,2
8839,1514,0,992,4,2
8840,1514,0,992,4,2
8841,1514,0,992,4,2
8842,1514,0,992,4,2
8843,1514,0,992,4,2
8844,1514,0,992,4,2
8845,1514,0,992,4,2
8846,1514,0,992,4,2
8847,1514,0,992,4,2
8848,1514,0,992,4,2
8849,1514,0,992,4,2
8850,1514,0,992,4,2
8851,1514,0,992,4,2
8852,1514,0,992,4,2
8853,1514,0,992,4,2
8854,1514,0,992,4,2
8855,1514,0,992,4,2
8856,1514,0,992,4,2
8857,1514,0,992,4,2
8858,1514,0,992,4,2
8859,1514,0,992,4,2
8860,1514,0,992,4,2
8861,1514,0,992,4,2
8862,1514,0,992,4,2
8863,1514,0,992,4,2
8864,1514,0,992,4,2
8865,1514,0,992,4,2
8866,1514,0,992,4,2
8867,1514,0,992,4,2
8868,1514,0,992,4,2
8869,1514,0,992,4,2
8870,1514,0,992,4,2
8871,1514,0,992,4,2
8872,1514,0,992,4,2
8873,1514,0,992,4,2
8874,1514,0,992,4,2
8875,1514,0,992,4,2
8876,1514,0,992,4,2
8877,1514,0,992,4,2
8878,1514,0,992,4,2
8879,1514,0,992,4,2
8880,1514,0,992,4,2
8881,1514,0,992,4,2
8882,1514,0,992,4,2
8883,1514,0,992,4,2
8884,1514,0,992,4,2
8885,1514,0,992,4,2
8886,1514,0,992,4,2
8887,1514,0,992,4,2
8888,1514,0,992,4,2
8889,1514,0,992,4,2
8890,1514,0,992,4,2
8891,1514,0,992,4,2
8892,1514,0,992,4,2
8893,1514,0,992,4,2
8894,1514,0,992,4,2
8895,1514,0,992,4,2
8896,1514,0,992,4,2
8897,1514,0,992,4,2
8898,1514,0,992,4,2
8899,1514,0,992,4,2
8900,1514,0,992,4,2
8901,1514,0,992,4,2
8902,1514,0,992,4,2
8903,1514,0,992,4,2
8904,1514,0,992,4,2
8905,1514,0,992,4,2
8906,1514,0,992,4,2
8907,1514,0,992,4,2
8908,1514,0,992,4,2
8909,1514,0,992,4,2
8910,1514,0,992,4,2
8911,1514,0,992,4,2
8912,1514,0,992,4,2
8913,1514,0,992,4,2
8914,1514,0,992,4,2
8915,1514,0,992,4,2
8916,1514,0,992,4,2
8917,1514,0,992,4,2
8918,1514,0,992,4,2
8919,1514,0,992,4,2
8920,1514,0,992,4,2
8921,1514,0,992,4,2
8922,1514,0,992,4,2
8923,1514,0,992,4,2
8924,1514,0,992,4,2
8925,1514,0,992,4,2
8926,1514,0,992,4,2
8927,1514,0,992,4,2
8928,1514,0,992,4,2
8929,1514,0,992,4,2
8930,1514,0,992,4,2
8931,1514,0,992,4,2
8932,1514,0,992,4,2
8933,1514,0,992,4,2
8934,1514,0,992,4,2
8935,1514,0,992,4,2
8936,1514,0,992,4,2
8937,1514,0,992,4,2
8938,1514,0,992,4,2
8939,1514,0,992,4,2
8940,1514,0,992,4,2
8941,1514,0,992,4,2
8942,1514,0,992,4,2
8943,1514,0,992,4,2
8944,1514,0,992,4,2
8945,1514,0,992,4,2
8946,1514,0,992,4,2
8947,1514,0,992,4,2
8948,1514,0,992,4,2
8949,1514,0,992,4,2
8950,1514,0,992,4,2
8951,1514,0,992,4,2
8952,1514,0,992,4,2
8953,1514,0,992,4,2
8954,1514,0,992,4,2
8955,1514,0,992,4,2
8956,1514,0,992,4,2
8957,1514,0,992,4,2
8958,1514,0,992,4,2
8959,1514,0,992,4,2
8960,1514,0,992,4,2
8961,1514,0,992,4,2
8962,1514,0,992,4,2
8963,1514,0,992,4,2
8964,1514,0,992,4,2
8965,1514,0,992,4,2
8966,1514,0,992,4,2
8967,1514,0,992,4,2
8968,1514,0,992,4,2
8969,1514,0,992,4,2
8970,1514,0,992,4,2
8971,1514,0,992,4,2
8972,1514,0,992,4,2
8973,1514,0,992,4,2
8974,1514,0,992,4,2
8975,1514,0,992,4,2
8976,1514,0,992,4,2
8977,1514,0,992,4,2
8978,1514,0,992,4,2
8979,1514,0,992,4,2
8980,1514,0,992,4,2
8981,1514,0,992,4,2
8982,1514,0,992,4,2
8983,1514,0,992,4,2
8984,1514,0,992,4,2
8985,1514,0,992,4,2
8986,1514,0,992,4,2
8987,1514,0,992,4,2
8988,1514,0,992,4,2
8989,1514,0,992,4,2
8990,1514,0,992,4,2
8991,1514,0,992,4,2
8992,1514,0,992,4,2
8993,1514,0,992,4,2
8994,1514,0,992,4,2
8995,1514,0,992,4,2
8996,1514,0,992,4,2
8997,1514,0,992,4,2
8998,1514,0,992,4,2
8999,1514,0,992,4,2
9000,1514,0,992,4,2
9001,1514,0,992,4,2
9002,1514,0,992,4,2
9003,1514,0,992,4,2
9004,1514,0,992,4,2
9005,1514,0,992,4,2
9006,1514,0,992,4,2
9007,1514,0,992,4,2
9008,1514,0,992,4,2
9009,1514,0,992,4,2
9010,1514,0,992,4,2
9011,1514,0,992,4,2
9012,1514,0,992,4,2
9013,1514,0,992,4,2
9014,1514,0,992,4,2
9015,1514,0,992,4,2
9016,1514,0,992,4,2
9017,1514,0,992,4,2
9018,1514,0,992,4,2
9019,1514,0,992,4,2
9020,1514,0,992,4,2
9021,1514,0,992,4,2
9022,1514,0,992,4,2
9023,1514,0,992,4,2
9024,1514,0,992,4,2
9025,1514,0,992,4,2
9026,1514,0,992,4,2
9027,1514,0,992,4,2
9028,1514,0,992,4,2
9029,1514,0,992,4,2
9030,1514,0,992,4,2
9031,1514,0,992,4,2
9032,1514,0,992,4,2
9033,1514,0,992,4,2
9034,1514,0,992,4,2
9035,1514,0,992,4,2
9036,1514,0,992,4,2
9037,1514,0,992,4,2
9038,1514,0,992,4,2
9039,1514,0,992,4,2
9040,1514,0,992,4,2
9041,1514,0,992,4,2
9042,1514,0,992,4,2
9043,1514,0,992,4,2
9044,1514,0,992,4,2
9045,1514,0,992,4,2
9046,1514,0,992,4,2
9047,1514,0,992,4,2
9048,1514,0,992,4,2
9049,1514,0,992,4,2
9050,1514,0,992,4,2
9051,1514,0,992,4,2
9052,1514,0,992,4,2
9053,1514,0,992,4,2
9054,1514,0,992,4,2
9055,1514,0,992,4,2
9056,1514,0,992,4,2
9057,1514,0,992,4,2
9058,1514,0,992,4,2
9059,1514,0,992,4,2
9060,1514,0,992,4,2
9061,1514,0,992,4,2
9062,1514,0,992,4,2
9063,1514,0,992,4,2
9064,1514,0,992,4,2
9065,1514,0,992,4,2
9066,1514,0,992,4,2
9067,1514,0,992,4,2
9068,1514,0,992,4,2
9069,1514,0,992,4,2
9070,1514,0,992,4,2
9071,1514,0,992,4,2
9072,1514,0,992,4,2
9073,1514,0,992,4,2
9074,1514,0,992,4,2
9075,1514,0,992,4,2
9076,1514,0,992,4,2
9077,1514,0,992,4,2
9078,1514,0,992,4,2
9079,1514,0,992,4,2
9080,1514,0,992,4,2
9081,1514,0,992,4,2
9082,1514,0,992,4,2
9083,1514,0,992,4,2
9084,1514,0,992,4,2
9085,1514,0,992,4,2
9086,1514,0,992,4,2
9087,1514,0,992,4,2
9088,1514,0,992,4,2
9089,1514,0,992,4,2
9090,1514,0,992,4,2
9091,1514,0,992,4,2
9092,1514,0,992,4,2
9093,1514,0,992,4,2
9094,1514,0,992,4,2
9095,1514,0,992,4,2
9096,1514,0,992,4,2
9097,1514,0,992,4,2
9098,1514,0,992,4,2
9099,1514,0,992,4,2
9100,1514,0,992,5,2
