v1_path,v2_path
music.xml,music.xml
doc/arcade-combat-reference.md,doc/arcade-combat-reference.md
doc/arcade-scoring-reference.md,doc/arcade-scoring-reference.md
game-mode/00/main.asm,src/title/main.asm
game-mode/00/ram_data.asm,src/title/ram_data.asm
game-mode/01/main.asm,src/stages/01/v1-main.asm
game-mode/01/ram_data.asm,src/stages/01/v1-ram_data.asm
game-mode/01/images/pal.png,tools/palette-reference/ancienne.png
game-mode/01/images/pal01.pal,src/stages/01/palette/pal01.pal
game-mode/loading/main.asm,src/common/flow/loading/main.asm
game-mode/loading/ram_data.asm,src/common/flow/loading/ram_data.asm
global/checkpoint.asm,src/common/lib/checkpoint.asm
global/macro.asm,src/common/lib/macro.asm
global/moveXPos8.8.asm,src/common/lib/moveXPos8.8.asm
global/moveYPos8.8.asm,src/common/lib/moveYPos8.8.asm
global/object.const.asm,src/common/lib/object.const.asm
global/projectile.asm,src/common/lib/projectile.asm
global/projectile.macro.asm,src/common/lib/projectile.macro.asm
global/scale.asm,src/common/lib/scale.asm
global/score.asm,src/common/state/score.asm
global/setDirectionTo.asm,src/common/lib/setDirectionTo.asm
global/variables.asm,src/common/state/variables.asm
global/weaponcollide.asm,src/common/lib/weaponcollide.asm
global/objects/createFoeFire.asm,src/common/lib/createFoeFire.asm
global/objects/loadFirePreset.asm,src/common/lib/loadFirePreset.asm
global/preset/1454E_preset_dobkeratops-explosions.asm,src/common/lib/presets/1454E_preset_dobkeratops-explosions.asm
global/preset/18db0_preset-y.asm,src/common/lib/presets/18db0_preset-y.asm
global/preset/18dd0_preset-xy.asm,src/common/lib/presets/18dd0_preset-xy.asm
global/preset/18e10_preset-fire.asm,src/common/lib/presets/18e10_preset-fire.asm
global/preset/18f90_preset-fireVelocity.asm,src/common/lib/presets/18f90_preset-fireVelocity.asm
global/preset/19250_preset-bug.asm,src/common/lib/presets/19250_preset-bug.asm
global/preset/19260_preset-bug.asm,src/common/lib/presets/19260_preset-bug.asm
global/preset/1930c_preset-y.asm,src/common/lib/presets/1930c_preset-y.asm
objects/enemies_properties.asm,src/enemies/enemies_properties.asm
objects/animation/index.asm,src/common/fx/animation/index.asm
objects/animation/index.equ,src/common/fx/animation/index.equ
objects/animation/obj.asm,src/common/fx/animation/obj.asm
objects/animation/script.asm,src/common/fx/animation/script.asm
objects/checkpoint/checkpoint-data.asm,src/common/state/checkpoint/checkpoint-data.asm
objects/checkpoint/checkpoint.asm,src/common/state/checkpoint/checkpoint.asm
objects/collision/01.asm,src/stages/01/terrain/terrain.asm
objects/collision/02.asm,src/stages/02/terrain/terrain.asm
objects/collision/03.asm,src/stages/03/terrain/terrain.asm
objects/collision/04.asm,src/stages/04/terrain/terrain.asm
objects/collision/05.asm,src/stages/05/terrain/terrain.asm
objects/collision/06.asm,src/stages/06/terrain/terrain.asm
objects/collision/07.asm,src/stages/07/terrain/terrain.asm
objects/collision/08.asm,src/stages/08/terrain/terrain.asm
objects/collision/map/level1_bc.bin,src/stages/01/terrain/level1_bc.bin
objects/collision/map/level1_fc-shell-specific.png,src/stages/01/terrain/level1_fc-shell-specific.png
objects/collision/map/level1_fc.bin,src/stages/01/terrain/level1_fc.bin
objects/collision/map/level2_bc.bin,src/stages/02/terrain/level2_bc.bin
objects/collision/map/level2_fc.bin,src/stages/02/terrain/level2_fc.bin
objects/collision/map/level3_bc.bin,src/stages/03/terrain/level3_bc.bin
objects/collision/map/level3_fc.bin,src/stages/03/terrain/level3_fc.bin
objects/collision/map/level4_bc.bin,src/stages/04/terrain/level4_bc.bin
objects/collision/map/level4_fc.bin,src/stages/04/terrain/level4_fc.bin
objects/collision/map/level5_bc.bin,src/stages/05/terrain/level5_bc.bin
objects/collision/map/level5_fc.bin,src/stages/05/terrain/level5_fc.bin
objects/collision/map/level6_bc.bin,src/stages/06/terrain/level6_bc.bin
objects/collision/map/level6_fc.bin,src/stages/06/terrain/level6_fc.bin
objects/collision/map/level7_bc.bin,src/stages/07/terrain/level7_bc.bin
objects/collision/map/level7_fc.bin,src/stages/07/terrain/level7_fc.bin
objects/collision/map/level8_bc.bin,src/stages/08/terrain/level8_bc.bin
objects/collision/map/level8_fc.bin,src/stages/08/terrain/level8_fc.bin
objects/collision/map/images/level1_bc.png,src/stages/01/terrain/images/level1_bc.png
objects/collision/map/images/level1_fc.png,src/stages/01/terrain/images/level1_fc.png
objects/collision/map/images/level2_bc.png,src/stages/02/terrain/images/level2_bc.png
objects/collision/map/images/level2_fc.png,src/stages/02/terrain/images/level2_fc.png
objects/collision/map/images/level3_bc.png,src/stages/03/terrain/images/level3_bc.png
objects/collision/map/images/level3_fc.png,src/stages/03/terrain/images/level3_fc.png
objects/collision/map/images/level4_bc.png,src/stages/04/terrain/images/level4_bc.png
objects/collision/map/images/level4_fc.png,src/stages/04/terrain/images/level4_fc.png
objects/collision/map/images/level5_bc.png,src/stages/05/terrain/images/level5_bc.png
objects/collision/map/images/level5_fc.png,src/stages/05/terrain/images/level5_fc.png
objects/collision/map/images/level6_bc.png,src/stages/06/terrain/images/level6_bc.png
objects/collision/map/images/level6_fc.png,src/stages/06/terrain/images/level6_fc.png
objects/collision/map/images/level7_bc.png,src/stages/07/terrain/images/level7_bc.png
objects/collision/map/images/level7_fc.png,src/stages/07/terrain/images/level7_fc.png
objects/collision/map/images/level8_bc.png,src/stages/08/terrain/images/level8_bc.png
objects/collision/map/images/level8_fc.png,src/stages/08/terrain/images/level8_fc.png
objects/enemies/bink/obj.asm,src/enemies/bink/obj.asm
objects/enemies/bink/images/bink-0.png,src/enemies/bink/images/00.png
objects/enemies/bink/images/bink-1.png,src/enemies/bink/images/01.png
objects/enemies/bink/images/bink-2.png,src/enemies/bink/images/02.png
objects/enemies/bink/images/bink-3.png,src/enemies/bink/images/05.png
objects/enemies/bink/images/bink-4.png,src/enemies/bink/images/04.png
objects/enemies/bink/images/bink-5.png,src/enemies/bink/images/03.png
objects/enemies/bink/images/grey/bink-0.png,src/enemies/bink/images/grey/bink-0.png
objects/enemies/bink/images/grey/bink-1.png,src/enemies/bink/images/grey/bink-1.png
objects/enemies/bink/images/grey/bink-2.png,src/enemies/bink/images/grey/bink-2.png
objects/enemies/bink/images/grey/bink-3.png,src/enemies/bink/images/grey/bink-3.png
objects/enemies/bink/images/grey/bink-4.png,src/enemies/bink/images/grey/bink-4.png
objects/enemies/bink/images/grey/bink-5.png,src/enemies/bink/images/grey/bink-5.png
objects/enemies/bink/images/orange/bink-0.png,src/enemies/bink/images/orange/bink-0.png
objects/enemies/bink/images/orange/bink-1.png,src/enemies/bink/images/orange/bink-1.png
objects/enemies/bink/images/orange/bink-2.png,src/enemies/bink/images/orange/bink-2.png
objects/enemies/bink/images/orange/bink-3.png,src/enemies/bink/images/orange/bink-3.png
objects/enemies/bink/images/orange/bink-4.png,src/enemies/bink/images/orange/bink-4.png
objects/enemies/bink/images/orange/bink-5.png,src/enemies/bink/images/orange/bink-5.png
objects/enemies/blaster/obj.asm,src/enemies/blaster/obj.asm
objects/enemies/blaster/images/blaster_l1.png,src/enemies/blaster/images/blaster_l/00.png
objects/enemies/blaster/images/blaster_l2.png,src/enemies/blaster/images/blaster_l/01.png
objects/enemies/blaster/images/blaster_l3.png,src/enemies/blaster/images/blaster_l/02.png
objects/enemies/blaster/images/blaster_l4.png,src/enemies/blaster/images/blaster_l/03.png
objects/enemies/blaster/images/blaster_l5.png,src/enemies/blaster/images/blaster_l/04.png
objects/enemies/blaster/images/blaster_u1.png,src/enemies/blaster/images/blaster_u/00.png
objects/enemies/blaster/images/blaster_u2.png,src/enemies/blaster/images/blaster_u/01.png
objects/enemies/blaster/images/blaster_u3.png,src/enemies/blaster/images/blaster_u/02.png
objects/enemies/blaster/images/blaster_u4.png,src/enemies/blaster/images/blaster_u/03.png
objects/enemies/blaster/images/blaster_u5.png,src/enemies/blaster/images/blaster_u/04.png
objects/enemies/blaster/images/original/blaster-l1.png,src/enemies/blaster/images/original/blaster-l1.png
objects/enemies/blaster/images/original/blaster-l2.png,src/enemies/blaster/images/original/blaster-l2.png
objects/enemies/blaster/images/original/blaster-l3.png,src/enemies/blaster/images/original/blaster-l3.png
objects/enemies/blaster/images/original/blaster-l4.png,src/enemies/blaster/images/original/blaster-l4.png
objects/enemies/blaster/images/original/blaster-l5.png,src/enemies/blaster/images/original/blaster-l5.png
objects/enemies/blaster/images/original/blaster-u1.png,src/enemies/blaster/images/original/blaster-u1.png
objects/enemies/blaster/images/original/blaster-u2.png,src/enemies/blaster/images/original/blaster-u2.png
objects/enemies/blaster/images/original/blaster-u3.png,src/enemies/blaster/images/original/blaster-u3.png
objects/enemies/blaster/images/original/blaster-u4.png,src/enemies/blaster/images/original/blaster-u4.png
objects/enemies/blaster/images/original/blaster-u5.png,src/enemies/blaster/images/original/blaster-u5.png
objects/enemies/bug/animation.asm,src/enemies/bug/animation.asm
objects/enemies/bug/obj_full.asm,src/enemies/bug/obj_full.asm
objects/enemies/bug/obj_level1.asm,src/enemies/bug/obj_level1.asm
objects/enemies/bug/obj_main.asm,src/enemies/bug/obj_main.asm
objects/enemies/bug/images/bug_0.png,src/enemies/bug/images/08.png
objects/enemies/bug/images/bug_1.png,src/enemies/bug/images/09.png
objects/enemies/bug/images/bug_10.png,src/enemies/bug/images/06.png
objects/enemies/bug/images/bug_11.png,src/enemies/bug/images/07.png
objects/enemies/bug/images/bug_12.png,src/enemies/bug/images/12.png
objects/enemies/bug/images/bug_13.png,src/enemies/bug/images/13.png
objects/enemies/bug/images/bug_14.png,src/enemies/bug/images/14.png
objects/enemies/bug/images/bug_15.png,src/enemies/bug/images/15.png
objects/enemies/bug/images/bug_2.png,src/enemies/bug/images/10.png
objects/enemies/bug/images/bug_3.png,src/enemies/bug/images/11.png
objects/enemies/bug/images/bug_4.png,src/enemies/bug/images/00.png
objects/enemies/bug/images/bug_5.png,src/enemies/bug/images/01.png
objects/enemies/bug/images/bug_6.png,src/enemies/bug/images/02.png
objects/enemies/bug/images/bug_7.png,src/enemies/bug/images/03.png
objects/enemies/bug/images/bug_8.png,src/enemies/bug/images/04.png
objects/enemies/bug/images/bug_9.png,src/enemies/bug/images/05.png
objects/enemies/bug/images/green palette/bug_0.png,src/enemies/bug/images/green palette/bug_0.png
objects/enemies/bug/images/green palette/bug_1.png,src/enemies/bug/images/green palette/bug_1.png
objects/enemies/bug/images/green palette/bug_10.png,src/enemies/bug/images/green palette/bug_10.png
objects/enemies/bug/images/green palette/bug_11.png,src/enemies/bug/images/green palette/bug_11.png
objects/enemies/bug/images/green palette/bug_12.png,src/enemies/bug/images/green palette/bug_12.png
objects/enemies/bug/images/green palette/bug_13.png,src/enemies/bug/images/green palette/bug_13.png
objects/enemies/bug/images/green palette/bug_14.png,src/enemies/bug/images/green palette/bug_14.png
objects/enemies/bug/images/green palette/bug_15.png,src/enemies/bug/images/green palette/bug_15.png
objects/enemies/bug/images/green palette/bug_2.png,src/enemies/bug/images/green palette/bug_2.png
objects/enemies/bug/images/green palette/bug_3.png,src/enemies/bug/images/green palette/bug_3.png
objects/enemies/bug/images/green palette/bug_4.png,src/enemies/bug/images/green palette/bug_4.png
objects/enemies/bug/images/green palette/bug_5.png,src/enemies/bug/images/green palette/bug_5.png
objects/enemies/bug/images/green palette/bug_6.png,src/enemies/bug/images/green palette/bug_6.png
objects/enemies/bug/images/green palette/bug_7.png,src/enemies/bug/images/green palette/bug_7.png
objects/enemies/bug/images/green palette/bug_8.png,src/enemies/bug/images/green palette/bug_8.png
objects/enemies/bug/images/green palette/bug_9.png,src/enemies/bug/images/green palette/bug_9.png
objects/enemies/cancer/obj.asm,src/enemies/cancer/obj.asm
objects/enemies/cancer/obj.orig.asm,src/enemies/cancer/obj.orig.asm
objects/enemies/cancer/images/cancer_0.png,src/enemies/cancer/images/00.png
objects/enemies/cancer/images/cancer_1.png,src/enemies/cancer/images/01.png
objects/enemies/cancer/images/cancer_2.png,src/enemies/cancer/images/02.png
objects/enemies/dobkeratops/explosion.asm,src/enemies/dobkeratops/explosion.asm
objects/enemies/dobkeratops/jaw.asm,src/enemies/dobkeratops/jaw.asm
objects/enemies/dobkeratops/monster.asm,src/enemies/dobkeratops/monster.asm
objects/enemies/dobkeratops/obj.asm,src/enemies/dobkeratops/obj.asm
objects/enemies/dobkeratops/saw.asm,src/enemies/dobkeratops/saw.asm
objects/enemies/dobkeratops/tail.asm,src/enemies/dobkeratops/tail.asm
objects/enemies/dobkeratops/tail_animation.asm,src/enemies/dobkeratops/tail_animation.asm
objects/enemies/dobkeratops/tailmgr.asm,src/enemies/dobkeratops/tailmgr.asm
objects/enemies/dobkeratops/tailmgr_blits.asm,src/enemies/dobkeratops/tailmgr_blits.asm
objects/enemies/dobkeratops/final/dk-alien 0.png,src/enemies/dobkeratops/final/dk-alien 0.png
objects/enemies/dobkeratops/final/dk-alien 1.png,src/enemies/dobkeratops/final/dk-alien 1.png
objects/enemies/dobkeratops/final/dk-alien 2.png,src/enemies/dobkeratops/final/dk-alien 2.png
objects/enemies/dobkeratops/final/dk-alien 3.png,src/enemies/dobkeratops/final/dk-alien 3.png
objects/enemies/dobkeratops/final/dk-alien nerves-0.png,src/enemies/dobkeratops/final/dk-alien-nerves/00.png
objects/enemies/dobkeratops/final/dk-alien nerves-1.png,src/enemies/dobkeratops/final/dk-alien-nerves/01.png
objects/enemies/dobkeratops/final/dk-alien nerves-2.png,src/enemies/dobkeratops/final/dk-alien-nerves/02.png
objects/enemies/dobkeratops/final/dk-alien nerves-3.png,src/enemies/dobkeratops/final/dk-alien-nerves/03.png
objects/enemies/dobkeratops/final/dk-alien nerves-4.png,src/enemies/dobkeratops/final/dk-alien-nerves/04.png
objects/enemies/dobkeratops/final/dk-alien.png,src/enemies/dobkeratops/final/00-dk-alien.png
objects/enemies/dobkeratops/final/dk-cables low eraser 1-0.png,src/enemies/dobkeratops/final/dk-cables low eraser 1-0.png
objects/enemies/dobkeratops/final/dk-cables low eraser 1-1.png,src/enemies/dobkeratops/final/dk-cables low eraser 1-1.png
objects/enemies/dobkeratops/final/dk-cables low eraser 2-0.png,src/enemies/dobkeratops/final/dk-cables low eraser 2-0.png
objects/enemies/dobkeratops/final/dk-cables low eraser 2-1.png,src/enemies/dobkeratops/final/dk-cables low eraser 2-1.png
objects/enemies/dobkeratops/final/dk-cables low eraser 3-0.png,src/enemies/dobkeratops/final/dk-cables low eraser 3-0.png
objects/enemies/dobkeratops/final/dk-cables low eraser 3-1.png,src/enemies/dobkeratops/final/dk-cables low eraser 3-1.png
objects/enemies/dobkeratops/final/dk-cables low eraser 3-2.png,src/enemies/dobkeratops/final/dk-cables low eraser 3-2.png
objects/enemies/dobkeratops/final/dk-eye 1-0-0.png,src/enemies/dobkeratops/final/dk-eye-1-0/00.png
objects/enemies/dobkeratops/final/dk-eye 1-0-1.png,src/enemies/dobkeratops/final/dk-eye-1-0/01.png
objects/enemies/dobkeratops/final/dk-eye 1-0-2.png,src/enemies/dobkeratops/final/dk-eye-1-0/02.png
objects/enemies/dobkeratops/final/dk-eye 1-0-3.png,src/enemies/dobkeratops/final/dk-eye-1-0/03.png
objects/enemies/dobkeratops/final/dk-eye 1-0-4.png,src/enemies/dobkeratops/final/dk-eye-1-0/04.png
objects/enemies/dobkeratops/final/dk-eye 3-0-0.png,src/enemies/dobkeratops/final/dk-eye-3-0/00.png
objects/enemies/dobkeratops/final/dk-eye 3-0-1.png,src/enemies/dobkeratops/final/dk-eye-3-0/01.png
objects/enemies/dobkeratops/final/dk-eye 3-1-0.png,src/enemies/dobkeratops/final/dk-eye-3-1/00.png
objects/enemies/dobkeratops/final/dk-eye 3-1-1.png,src/enemies/dobkeratops/final/dk-eye-3-1/01.png
objects/enemies/dobkeratops/final/dk-eye 3-1-2.png,src/enemies/dobkeratops/final/dk-eye-3-1/02.png
objects/enemies/dobkeratops/final/dk-eye 3-1-3.png,src/enemies/dobkeratops/final/dk-eye-3-1/03.png
objects/enemies/dobkeratops/final/dk-eye 3-2-0.png,src/enemies/dobkeratops/final/dk-eye-3-2/00.png
objects/enemies/dobkeratops/final/dk-eye 3-2-1.png,src/enemies/dobkeratops/final/dk-eye-3-2/01.png
objects/enemies/dobkeratops/final/dk-eye 3-2-2.png,src/enemies/dobkeratops/final/dk-eye-3-2/02.png
objects/enemies/dobkeratops/final/dobkeratops-v2.pmp,src/enemies/dobkeratops/final/dobkeratops-v2.pmp
objects/enemies/dobkeratops/final/dobkeratops.pmp,src/enemies/dobkeratops/final/dobkeratops.pmp
objects/enemies/dobkeratops/final/eraser 0.pmp,src/enemies/dobkeratops/final/eraser 0.pmp
objects/enemies/dobkeratops/final/eraser 1.pmp,src/enemies/dobkeratops/final/eraser 1.pmp
objects/enemies/dobkeratops/final/eraser 2.pmp,src/enemies/dobkeratops/final/eraser 2.pmp
objects/enemies/dobkeratops/final/eraser 3.pmp,src/enemies/dobkeratops/final/eraser 3.pmp
objects/enemies/dobkeratops/final/eraser-0-0.png,src/enemies/dobkeratops/final/eraser-0/00.png
objects/enemies/dobkeratops/final/eraser-0-1.png,src/enemies/dobkeratops/final/eraser-0/01.png
objects/enemies/dobkeratops/final/eraser-0-10.png,src/enemies/dobkeratops/final/eraser-0/10.png
objects/enemies/dobkeratops/final/eraser-0-11.png,src/enemies/dobkeratops/final/eraser-0/11.png
objects/enemies/dobkeratops/final/eraser-0-12.png,src/enemies/dobkeratops/final/eraser-0/12.png
objects/enemies/dobkeratops/final/eraser-0-13.png,src/enemies/dobkeratops/final/eraser-0/13.png
objects/enemies/dobkeratops/final/eraser-0-14.png,src/enemies/dobkeratops/final/eraser-0/14.png
objects/enemies/dobkeratops/final/eraser-0-15.png,src/enemies/dobkeratops/final/eraser-0/15.png
objects/enemies/dobkeratops/final/eraser-0-2.png,src/enemies/dobkeratops/final/eraser-0/02.png
objects/enemies/dobkeratops/final/eraser-0-3.png,src/enemies/dobkeratops/final/eraser-0/03.png
objects/enemies/dobkeratops/final/eraser-0-4.png,src/enemies/dobkeratops/final/eraser-0/04.png
objects/enemies/dobkeratops/final/eraser-0-5.png,src/enemies/dobkeratops/final/eraser-0/05.png
objects/enemies/dobkeratops/final/eraser-0-6.png,src/enemies/dobkeratops/final/eraser-0/06.png
objects/enemies/dobkeratops/final/eraser-0-7.png,src/enemies/dobkeratops/final/eraser-0/07.png
objects/enemies/dobkeratops/final/eraser-0-8.png,src/enemies/dobkeratops/final/eraser-0/08.png
objects/enemies/dobkeratops/final/eraser-0-9.png,src/enemies/dobkeratops/final/eraser-0/09.png
objects/enemies/dobkeratops/final/eraser-1-10.png,src/enemies/dobkeratops/final/eraser-1/05.png
objects/enemies/dobkeratops/final/eraser-1-11.png,src/enemies/dobkeratops/final/eraser-1/06.png
objects/enemies/dobkeratops/final/eraser-1-2.png,src/enemies/dobkeratops/final/eraser-1/00.png
objects/enemies/dobkeratops/final/eraser-1-3.png,src/enemies/dobkeratops/final/eraser-1/01.png
objects/enemies/dobkeratops/final/eraser-1-4.png,src/enemies/dobkeratops/final/eraser-1/02.png
objects/enemies/dobkeratops/final/eraser-1-5.png,src/enemies/dobkeratops/final/eraser-1/03.png
objects/enemies/dobkeratops/final/eraser-1-6.png,src/enemies/dobkeratops/final/eraser-1/04.png
objects/enemies/dobkeratops/final/eraser-1-7.png,src/enemies/dobkeratops/final/eraser-1-7.png
objects/enemies/dobkeratops/final/eraser-1-8.png,src/enemies/dobkeratops/final/eraser-1-8.png
objects/enemies/dobkeratops/final/eraser-1-9.png,src/enemies/dobkeratops/final/eraser-1-9.png
objects/enemies/dobkeratops/final/eraser-2-0.png,src/enemies/dobkeratops/final/eraser-2/00.png
objects/enemies/dobkeratops/final/eraser-2-1.png,src/enemies/dobkeratops/final/eraser-2/01.png
objects/enemies/dobkeratops/final/eraser-2-10.png,src/enemies/dobkeratops/final/eraser-2/10.png
objects/enemies/dobkeratops/final/eraser-2-11.png,src/enemies/dobkeratops/final/eraser-2/11.png
objects/enemies/dobkeratops/final/eraser-2-2.png,src/enemies/dobkeratops/final/eraser-2/02.png
objects/enemies/dobkeratops/final/eraser-2-3.png,src/enemies/dobkeratops/final/eraser-2/03.png
objects/enemies/dobkeratops/final/eraser-2-4.png,src/enemies/dobkeratops/final/eraser-2/04.png
objects/enemies/dobkeratops/final/eraser-2-5.png,src/enemies/dobkeratops/final/eraser-2/05.png
objects/enemies/dobkeratops/final/eraser-2-6.png,src/enemies/dobkeratops/final/eraser-2/06.png
objects/enemies/dobkeratops/final/eraser-2-7.png,src/enemies/dobkeratops/final/eraser-2/07.png
objects/enemies/dobkeratops/final/eraser-2-8.png,src/enemies/dobkeratops/final/eraser-2/08.png
objects/enemies/dobkeratops/final/eraser-2-9.png,src/enemies/dobkeratops/final/eraser-2/09.png
objects/enemies/dobkeratops/final/eraser-3-0.png,src/enemies/dobkeratops/final/eraser-3/00.png
objects/enemies/dobkeratops/final/eraser-3-1.png,src/enemies/dobkeratops/final/eraser-3/01.png
objects/enemies/dobkeratops/final/eraser-3-2.png,src/enemies/dobkeratops/final/eraser-3/02.png
objects/enemies/dobkeratops/final/eraser-3-3.png,src/enemies/dobkeratops/final/eraser-3/03.png
objects/enemies/dobkeratops/final/eraser-3-4.png,src/enemies/dobkeratops/final/eraser-3/04.png
objects/enemies/dobkeratops/final/eraser-3-5.png,src/enemies/dobkeratops/final/eraser-3/05.png
objects/enemies/dobkeratops/final/eraser-3-6.png,src/enemies/dobkeratops/final/eraser-3/06.png
objects/enemies/dobkeratops/final/eraser-3-7.png,src/enemies/dobkeratops/final/eraser-3/07.png
objects/enemies/dobkeratops/final/eraser-3-8.png,src/enemies/dobkeratops/final/eraser-3/08.png
objects/enemies/dobkeratops/final/eraser-3-9.png,src/enemies/dobkeratops/final/eraser-3/09.png
objects/enemies/dobkeratops/final/eraser-full.png,src/enemies/dobkeratops/final/eraser-full.png
objects/enemies/dobkeratops/images/dobkeratops-v2.png,src/enemies/dobkeratops/images/dobkeratops-v2.png
objects/enemies/dobkeratops/images/dobkeratops.png,src/enemies/dobkeratops/images/dobkeratops.png
objects/enemies/dobkeratops/images/dobkeratops_lean.png,src/enemies/dobkeratops/images/dobkeratops_lean.png
objects/enemies/dobkeratops/images/dobkeratops_lean_0.png,src/enemies/dobkeratops/images/dobkeratops_lean_0.png
objects/enemies/dobkeratops/images/dobkeratops_lean_1.png,src/enemies/dobkeratops/images/dobkeratops_lean_1.png
objects/enemies/dobkeratops/images/dobkeratops_lean_2.png,src/enemies/dobkeratops/images/dobkeratops_lean_2.png
objects/enemies/dobkeratops/images/dobkeratops_lean_3.png,src/enemies/dobkeratops/images/dobkeratops_lean_3.png
objects/enemies/dobkeratops/images/end_2.png,src/enemies/dobkeratops/images/00-end_2.png
objects/enemies/dobkeratops/images/eye.png,src/enemies/dobkeratops/images/eye.png
objects/enemies/dobkeratops/images/jaw_0.png,src/enemies/dobkeratops/images/jaw/00.png
objects/enemies/dobkeratops/images/jaw_1.png,src/enemies/dobkeratops/images/jaw/01.png
objects/enemies/dobkeratops/images/jaw_2.png,src/enemies/dobkeratops/images/jaw/02.png
objects/enemies/dobkeratops/images/lines-0-0001.png,src/enemies/dobkeratops/images/lines-0-0001.png
objects/enemies/dobkeratops/images/lines-0-0002.png,src/enemies/dobkeratops/images/lines-0-0002.png
objects/enemies/dobkeratops/images/lines-0-0003.png,src/enemies/dobkeratops/images/lines-0-0003.png
objects/enemies/dobkeratops/images/lines-0-0004.png,src/enemies/dobkeratops/images/lines-0-0004.png
objects/enemies/dobkeratops/images/lines-0.png,src/enemies/dobkeratops/images/lines-0.png
objects/enemies/dobkeratops/images/lines-1-0001.png,src/enemies/dobkeratops/images/lines-1-0001.png
objects/enemies/dobkeratops/images/lines-1-0002.png,src/enemies/dobkeratops/images/lines-1-0002.png
objects/enemies/dobkeratops/images/lines-1.png,src/enemies/dobkeratops/images/lines-1.png
objects/enemies/dobkeratops/images/lines-2-0001.png,src/enemies/dobkeratops/images/lines-2-0001.png
objects/enemies/dobkeratops/images/lines-2-0002.png,src/enemies/dobkeratops/images/lines-2-0002.png
objects/enemies/dobkeratops/images/lines-2.png,src/enemies/dobkeratops/images/lines-2.png
objects/enemies/dobkeratops/images/lines-3-0001.png,src/enemies/dobkeratops/images/lines-3-0001.png
objects/enemies/dobkeratops/images/lines-3-0002.png,src/enemies/dobkeratops/images/lines-3-0002.png
objects/enemies/dobkeratops/images/lines-3-0003.png,src/enemies/dobkeratops/images/lines-3-0003.png
objects/enemies/dobkeratops/images/lines-3-0004.png,src/enemies/dobkeratops/images/lines-3-0004.png
objects/enemies/dobkeratops/images/lines-3.png,src/enemies/dobkeratops/images/lines-3.png
objects/enemies/dobkeratops/images/lines.png,src/enemies/dobkeratops/images/lines.png
objects/enemies/dobkeratops/images/monster_0.png,src/enemies/dobkeratops/images/monster_0.png
objects/enemies/dobkeratops/images/monster_1.png,src/enemies/dobkeratops/images/monster/00.png
objects/enemies/dobkeratops/images/monster_2.png,src/enemies/dobkeratops/images/monster/01.png
objects/enemies/dobkeratops/images/monster_3.png,src/enemies/dobkeratops/images/monster/02.png
objects/enemies/dobkeratops/images/monster_4.png,src/enemies/dobkeratops/images/monster/03.png
objects/enemies/dobkeratops/images/monster_5.png,src/enemies/dobkeratops/images/monster/04.png
objects/enemies/dobkeratops/images/monster_6.png,src/enemies/dobkeratops/images/monster/05.png
objects/enemies/dobkeratops/images/saw_0.png,src/enemies/dobkeratops/images/saw/00.png
objects/enemies/dobkeratops/images/saw_1.png,src/enemies/dobkeratops/images/saw/01.png
objects/enemies/dobkeratops/images/saw_2.png,src/enemies/dobkeratops/images/saw/02.png
objects/enemies/dobkeratops/images/saw_3.png,src/enemies/dobkeratops/images/saw/03.png
objects/enemies/dobkeratops/images/tail_0.png,src/enemies/dobkeratops/images/tail/00.png
objects/enemies/dobkeratops/images/tail_1.png,src/enemies/dobkeratops/images/tail/01.png
objects/enemies/dobkeratops/images/tail_2.png,src/enemies/dobkeratops/images/tail/02.png
objects/enemies/dobkeratops/images/tool-command.txt,src/enemies/dobkeratops/images/tool-command.txt
objects/enemies/dobkeratops/images/old-1/end.png,src/enemies/dobkeratops/images/old-1/end.png
objects/enemies/dobkeratops/images/old-1/end_0.png,src/enemies/dobkeratops/images/old-1/end_0.png
objects/enemies/dobkeratops/images/old-1/end_1.png,src/enemies/dobkeratops/images/old-1/end_1.png
objects/enemies/dobkeratops/images/old-1/end_2.png,src/enemies/dobkeratops/images/old-1/end_2.png
objects/enemies/dobkeratops/images/old-1/end_3.png,src/enemies/dobkeratops/images/old-1/end_3.png
objects/enemies/dobkeratops/images/old-1/end_4.png,src/enemies/dobkeratops/images/old-1/end_4.png
objects/enemies/dobkeratops/images/old-1/tail_0.png,src/enemies/dobkeratops/images/old-1/tail_0.png
objects/enemies/dobkeratops/images/old-1/tail_1.png,src/enemies/dobkeratops/images/old-1/tail_1.png
objects/enemies/dobkeratops/images/old-1/tail_2.png,src/enemies/dobkeratops/images/old-1/tail_2.png
objects/enemies/dobkeratops/images/old-2/dobkeratops.png,src/enemies/dobkeratops/images/old-2/dobkeratops.png
objects/enemies/dobkeratops/images/old-2/dobkeratops_lean.png,src/enemies/dobkeratops/images/old-2/dobkeratops_lean.png
objects/enemies/dobkeratops/images/old-2/dobkeratops_lean_0.png,src/enemies/dobkeratops/images/old-2/dobkeratops_lean_0.png
objects/enemies/dobkeratops/images/old-2/dobkeratops_lean_1.png,src/enemies/dobkeratops/images/old-2/dobkeratops_lean_1.png
objects/enemies/dobkeratops/images/old-2/dobkeratops_lean_2.png,src/enemies/dobkeratops/images/old-2/dobkeratops_lean_2.png
objects/enemies/dobkeratops/images/old-2/dobkeratops_lean_3.png,src/enemies/dobkeratops/images/old-2/dobkeratops_lean_3.png
objects/enemies/dobkeratops/images/old-2/end_2.png,src/enemies/dobkeratops/images/old-2/end_2.png
objects/enemies/dobkeratops/images/old-2/jaw_0.png,src/enemies/dobkeratops/images/old-2/jaw_0.png
objects/enemies/dobkeratops/images/old-2/jaw_1.png,src/enemies/dobkeratops/images/old-2/jaw_1.png
objects/enemies/dobkeratops/images/old-2/jaw_2.png,src/enemies/dobkeratops/images/old-2/jaw_2.png
objects/enemies/dobkeratops/images/old-2/monster_0.png,src/enemies/dobkeratops/images/old-2/monster_0.png
objects/enemies/dobkeratops/images/old-2/monster_1.png,src/enemies/dobkeratops/images/old-2/monster_1.png
objects/enemies/dobkeratops/images/old-2/monster_2.png,src/enemies/dobkeratops/images/old-2/monster_2.png
objects/enemies/dobkeratops/images/old-2/monster_3.png,src/enemies/dobkeratops/images/old-2/monster_3.png
objects/enemies/dobkeratops/images/old-2/monster_4.png,src/enemies/dobkeratops/images/old-2/monster_4.png
objects/enemies/dobkeratops/images/old-2/monster_5.png,src/enemies/dobkeratops/images/old-2/monster_5.png
objects/enemies/dobkeratops/images/old-2/monster_6.png,src/enemies/dobkeratops/images/old-2/monster_6.png
objects/enemies/dobkeratops/images/old-2/saw_0.png,src/enemies/dobkeratops/images/old-2/saw_0.png
objects/enemies/dobkeratops/images/old-2/saw_1.png,src/enemies/dobkeratops/images/old-2/saw_1.png
objects/enemies/dobkeratops/images/old-2/saw_2.png,src/enemies/dobkeratops/images/old-2/saw_2.png
objects/enemies/dobkeratops/images/old-2/saw_3.png,src/enemies/dobkeratops/images/old-2/saw_3.png
objects/enemies/dobkeratops/images/old-2/tail_0.png,src/enemies/dobkeratops/images/old-2/tail_0.png
objects/enemies/dobkeratops/images/old-2/tail_1.png,src/enemies/dobkeratops/images/old-2/tail_1.png
objects/enemies/dobkeratops/images/old-2/tail_2.png,src/enemies/dobkeratops/images/old-2/tail_2.png
objects/enemies/dobkeratops/new/boss.png,src/enemies/dobkeratops/new/boss.png
objects/enemies/dobkeratops/new/eye.png,src/enemies/dobkeratops/new/eye.png
objects/enemies/dobkeratops/new/in.png,src/enemies/dobkeratops/new/in.png
objects/enemies/dobkeratops/new/jaw_0.png,src/enemies/dobkeratops/new/jaw_0.png
objects/enemies/dobkeratops/new/jaw_1.png,src/enemies/dobkeratops/new/jaw_1.png
objects/enemies/dobkeratops/new/jaw_2.png,src/enemies/dobkeratops/new/jaw_2.png
objects/enemies/dobkeratops/new/lines.png,src/enemies/dobkeratops/new/lines.png
objects/enemies/dobkeratops/new/monster_0.png,src/enemies/dobkeratops/new/monster_0.png
objects/enemies/dobkeratops/new/monster_1.png,src/enemies/dobkeratops/new/monster_1.png
objects/enemies/dobkeratops/new/monster_2.png,src/enemies/dobkeratops/new/monster_2.png
objects/enemies/dobkeratops/new/monster_3.png,src/enemies/dobkeratops/new/monster_3.png
objects/enemies/dobkeratops/new/monster_4.png,src/enemies/dobkeratops/new/monster_4.png
objects/enemies/dobkeratops/new/monster_5.png,src/enemies/dobkeratops/new/monster_5.png
objects/enemies/dobkeratops/new/monster_6.png,src/enemies/dobkeratops/new/monster_6.png
objects/enemies/dobkeratops/new/wip.pmp,src/enemies/dobkeratops/new/wip.pmp
objects/enemies/p-staff/obj.asm,src/enemies/p-staff/obj.asm
objects/enemies/p-staff/images/pstaff_0.png,src/enemies/p-staff/images/00.png
objects/enemies/p-staff/images/pstaff_1.png,src/enemies/p-staff/images/01.png
objects/enemies/p-staff/images/pstaff_2.png,src/enemies/p-staff/images/02.png
objects/enemies/p-staff/images/pstaff_3.png,src/enemies/p-staff/images/06.png
objects/enemies/p-staff/images/pstaff_4.png,src/enemies/p-staff/images/07.png
objects/enemies/p-staff/images/pstaff_5.png,src/enemies/p-staff/images/08.png
objects/enemies/p-staff/images/pstaff_6.png,src/enemies/p-staff/images/03.png
objects/enemies/p-staff/images/pstaff_7.png,src/enemies/p-staff/images/09.png
objects/enemies/p-staff/images/pstaff_8.png,src/enemies/p-staff/images/04.png
objects/enemies/p-staff/images/pstaff_9.png,src/enemies/p-staff/images/05.png
objects/enemies/pata-pata/animation.asm,src/enemies/pata-pata/animation.asm
objects/enemies/pata-pata/obj.asm,src/enemies/pata-pata/obj.asm
objects/enemies/pata-pata/images/pata_0.png,src/enemies/pata-pata/images/00.png
objects/enemies/pata-pata/images/pata_1.png,src/enemies/pata-pata/images/01.png
objects/enemies/pata-pata/images/pata_2.png,src/enemies/pata-pata/images/02.png
objects/enemies/pata-pata/images/pata_3.png,src/enemies/pata-pata/images/03.png
objects/enemies/pata-pata/images/pata_4.png,src/enemies/pata-pata/images/04.png
objects/enemies/pata-pata/images/pata_5.png,src/enemies/pata-pata/images/05.png
objects/enemies/pata-pata/images/pata_6.png,src/enemies/pata-pata/images/06.png
objects/enemies/pata-pata/images/pata_7.png,src/enemies/pata-pata/images/07.png
objects/enemies/scant/obj.asm,src/enemies/scant/obj.asm
objects/enemies/scant/images/scant_0.png,src/enemies/scant/images/scant_0.png
objects/enemies/scant/images/scant_1.png,src/enemies/scant/images/scant_1.png
objects/enemies/scant/images/scant_2.png,src/enemies/scant/images/scant_2.png
objects/enemies/scant/images/scant_v2_0.png,src/enemies/scant/images/00.png
objects/enemies/scant/images/scant_v2_1.png,src/enemies/scant/images/01.png
objects/enemies/scant/images/scant_v2_2.png,src/enemies/scant/images/02.png
objects/enemies/shell/eraser.asm,src/enemies/shell/eraser.asm
objects/enemies/shell/mask.asm,src/enemies/shell/mask.asm
objects/enemies/shell/obj.asm,src/enemies/shell/obj.asm
objects/enemies/shell/sinus.xlsx,src/enemies/shell/sinus.xlsx
objects/enemies/shell/images/mask.png,src/enemies/shell/images/01-mask.png
objects/enemies/shell/images/shell_0.png,src/enemies/shell/images/shell/00.png
objects/enemies/shell/images/shell_1.png,src/enemies/shell/images/shell/01.png
objects/enemies/shell/images/shell_2.png,src/enemies/shell/images/shell/02.png
objects/enemies/shell/images/shell_3.png,src/enemies/shell/images/shell/03.png
objects/enemies/shell/images/shell_4.png,src/enemies/shell/images/shell/04.png
objects/enemies/shell/images/shell_5.png,src/enemies/shell/images/shell/05.png
objects/enemies/shell/images/shell_6.png,src/enemies/shell/images/shell/06.png
objects/enemies/shell/images/shell_7.png,src/enemies/shell/images/shell/07.png
objects/enemies/shell/images/shellbroken_0.png,src/enemies/shell/images/00-shellbroken_0.png
objects/enemies/shell/images/shelleye_0.png,src/enemies/shell/images/shelleye/00.png
objects/enemies/shell/images/shelleye_1.png,src/enemies/shell/images/shelleye/01.png
objects/enemies/shell/images/shelleye_2.png,src/enemies/shell/images/shelleye/02.png
objects/enemies/shell/images/shelleye_3.png,src/enemies/shell/images/shelleye/03.png
objects/enemies/shell/images/shelleye_4.png,src/enemies/shell/images/shelleye/04.png
objects/enemies/shell/images/shelleye_5.png,src/enemies/shell/images/shelleye/05.png
objects/enemies/shell/images/shelleye_6.png,src/enemies/shell/images/shelleye/06.png
objects/enemies/shell/images/shelleye_7.png,src/enemies/shell/images/shelleye/07.png
objects/enemies/tabrok/obj.asm,src/enemies/tabrok/obj.asm
objects/enemies/tabrok/images/tabrok_0.png,src/enemies/tabrok/images/04.png
objects/enemies/tabrok/images/tabrok_1.png,src/enemies/tabrok/images/05.png
objects/enemies/tabrok/images/tabrok_2.png,src/enemies/tabrok/images/06.png
objects/enemies/tabrok/images/tabrok_3.png,src/enemies/tabrok/images/07.png
objects/enemies/tabrok/images/tabrok_4.png,src/enemies/tabrok/images/02.png
objects/enemies/tabrok/images/tabrok_5.png,src/enemies/tabrok/images/03.png
objects/enemies/tabrok/images/tabrok_6.png,src/enemies/tabrok/images/00.png
objects/enemies/tabrok/images/tabrok_7.png,src/enemies/tabrok/images/01.png
objects/explosion/explosion.const.asm,src/common/fx/explosion/explosion.const.asm
objects/explosion/obj.asm,src/common/fx/explosion/obj.asm
objects/explosion/images/blast_big_0.png,src/common/fx/explosion/images/blast_big/00.png
objects/explosion/images/blast_big_1.png,src/common/fx/explosion/images/blast_big/01.png
objects/explosion/images/blast_big_2.png,src/common/fx/explosion/images/blast_big/05.png
objects/explosion/images/blast_big_3.png,src/common/fx/explosion/images/blast_big/02.png
objects/explosion/images/blast_big_4.png,src/common/fx/explosion/images/blast_big/06.png
objects/explosion/images/blast_big_5.png,src/common/fx/explosion/images/blast_big/03.png
objects/explosion/images/blast_big_6.png,src/common/fx/explosion/images/blast_big/07.png
objects/explosion/images/blast_big_7.png,src/common/fx/explosion/images/blast_big/04.png
objects/explosion/images/blast_small_0.png,src/common/fx/explosion/images/blast_small/00.png
objects/explosion/images/blast_small_1.png,src/common/fx/explosion/images/blast_small/01.png
objects/explosion/images/blast_small_2.png,src/common/fx/explosion/images/blast_small/04.png
objects/explosion/images/blast_small_3.png,src/common/fx/explosion/images/blast_small/02.png
objects/explosion/images/blast_small_4.png,src/common/fx/explosion/images/blast_small/05.png
objects/explosion/images/blast_small_5.png,src/common/fx/explosion/images/blast_small/03.png
objects/explosion/images/firework_0.png,src/common/fx/explosion/images/firework/00.png
objects/explosion/images/firework_1.png,src/common/fx/explosion/images/firework/01.png
objects/explosion/images/firework_2.png,src/common/fx/explosion/images/firework/04.png
objects/explosion/images/firework_3.png,src/common/fx/explosion/images/firework/02.png
objects/explosion/images/firework_4.png,src/common/fx/explosion/images/firework/05.png
objects/explosion/images/firework_5.png,src/common/fx/explosion/images/firework/03.png
objects/foefire/obj.asm,src/enemies/_shared/foefire.asm
objects/foefire/obj_commonmissile.asm,src/enemies/_shared/commonmissile.asm
objects/foefire/obj_commonmissileflame.asm,src/enemies/_shared/commonmissileflame.asm
objects/foefire/obj_emitter-flash.asm,src/enemies/_shared/emitter-flash.asm
objects/foefire/obj_emitter-flash.equ,src/enemies/_shared/emitter-flash.equ
objects/foefire/obj_scantfire.asm,src/enemies/scant/fire.asm
objects/foefire/obj_tabrokcanon.asm,src/enemies/tabrok/canon.asm
objects/foefire/images/boost_0.png,src/enemies/_shared/images/boost/00.png
objects/foefire/images/boost_1.png,src/enemies/_shared/images/boost/01.png
objects/foefire/images/boost_2.png,src/enemies/_shared/images/boost/02.png
objects/foefire/images/boost_3.png,src/enemies/_shared/images/boost/03.png
objects/foefire/images/emitter-flash_0.png,src/enemies/_shared/images/emitter-flash_0.png
objects/foefire/images/emitter-flash_1.png,src/enemies/_shared/images/emitter-flash_1.png
objects/foefire/images/emitter-flash_2.png,src/enemies/_shared/images/emitter-flash_2.png
objects/foefire/images/emitter-flash_3.pal,src/enemies/_shared/images/emitter-flash_3.pal
objects/foefire/images/emitter-flash_3.png,src/enemies/_shared/images/emitter-flash_3.png
objects/foefire/images/foefire_0.png,src/enemies/_shared/images/foefire/00.png
objects/foefire/images/foefire_1.png,src/enemies/_shared/images/foefire/01.png
objects/foefire/images/foefire_2.png,src/enemies/_shared/images/foefire/02.png
objects/foefire/images/foefire_3.png,src/enemies/_shared/images/foefire/03.png
objects/foefire/images/missile_0.png,src/enemies/_shared/images/missile/00.png
objects/foefire/images/missile_1.png,src/enemies/_shared/images/missile/01.png
objects/foefire/images/missile_2.png,src/enemies/_shared/images/missile/02.png
objects/foefire/images/missile_3.png,src/enemies/_shared/images/missile/03.png
objects/foefire/images/missile_4.png,src/enemies/_shared/images/missile/04.png
objects/foefire/images/scantfire_0.png,src/enemies/_shared/images/scantfire/00.png
objects/foefire/images/scantfire_1.png,src/enemies/_shared/images/scantfire/01.png
objects/foefire/images/scantfireball_0.png,src/enemies/_shared/images/scantfireball/00.png
objects/foefire/images/scantfireball_1.png,src/enemies/_shared/images/scantfireball/01.png
objects/foefire/images/scantfireball_2.png,src/enemies/_shared/images/scantfireball/02.png
objects/foefire/images/scantfireball_3.png,src/enemies/_shared/images/scantfireball/03.png
objects/foefire/images/tabrokcanon.png,src/enemies/_shared/images/00-tabrokcanon.png
objects/foefire/images/original/foefire-exp-0.png,src/enemies/_shared/images/original/foefire-exp-0.png
objects/foefire/images/original/foefire-exp-1.png,src/enemies/_shared/images/original/foefire-exp-1.png
objects/foefire/images/original/foefire-exp-2.png,src/enemies/_shared/images/original/foefire-exp-2.png
objects/foefire/images/original/foefire-exp-3.png,src/enemies/_shared/images/original/foefire-exp-3.png
objects/foefire/images/original/foefire-exp-4.png,src/enemies/_shared/images/original/foefire-exp-4.png
objects/levels/00/logo/logo.asm,src/title/logo/logo.asm
objects/levels/00/logo/images/logo_dot.png,src/title/logo/images/02-logo_dot.png
objects/levels/00/logo/images/logo_e.png,src/title/logo/images/06-logo_e.png
objects/levels/00/logo/images/logo_p.png,src/title/logo/images/05-logo_p.png
objects/levels/00/logo/images/logo_pal.png,src/title/logo/images/logo_pal.png
objects/levels/00/logo/images/logo_r.png,src/title/logo/images/01-logo_r.png
objects/levels/00/logo/images/logo_t.png,src/title/logo/images/03-logo_t.png
objects/levels/00/logo/images/logo_tm.png,src/title/logo/images/00-logo_tm.png
objects/levels/00/logo/images/logo_y.png,src/title/logo/images/04-logo_y.png
objects/levels/00/logo/images/titlescreen.pal,src/title/logo/images/titlescreen.pal
objects/levels/00/music/adnz/dmf/rtype-title.dmf,src/title/music/adnz/dmf/rtype-title.dmf
objects/levels/00/music/adnz/vgc/music.vgc,src/title/music/adnz/vgc/music.vgc
objects/levels/00/music/adnz/vgm/music.vgm,src/title/music/adnz/vgm/music.vgm
objects/levels/00/music/adnz/ymm/music.ymm,src/title/music/adnz/ymm/music.ymm
objects/levels/00/scores/scores.asm,src/title/scores/scores.asm
objects/levels/00/scores/images/number_01.png,src/title/scores/images/00.png
objects/levels/00/scores/images/number_02.png,src/title/scores/images/01.png
objects/levels/00/scores/images/number_03.png,src/title/scores/images/02.png
objects/levels/00/scores/images/number_04.png,src/title/scores/images/03.png
objects/levels/00/scores/images/number_05.png,src/title/scores/images/04.png
objects/levels/00/scores/images/number_06.png,src/title/scores/images/05.png
objects/levels/00/scores/images/number_07.png,src/title/scores/images/06.png
objects/levels/00/scores/images/number_08.png,src/title/scores/images/07.png
objects/levels/00/scores/images/number_09.png,src/title/scores/images/08.png
objects/levels/00/scores/images/number_10.png,src/title/scores/images/09.png
objects/levels/00/text/push_button.asm,src/title/text/push_button.asm
objects/levels/00/text/text.asm,src/title/text/text.asm
objects/levels/00/text/images/letter_0.png,src/title/text/images/letter_0.png
objects/levels/00/text/images/letter_1.png,src/title/text/images/letter_1.png
objects/levels/00/text/images/letter_2.png,src/title/text/images/letter_2.png
objects/levels/00/text/images/letter_3.png,src/title/text/images/letter_3.png
objects/levels/00/text/images/letter_4.png,src/title/text/images/letter_4.png
objects/levels/00/text/images/letter_5.png,src/title/text/images/letter_5.png
objects/levels/00/text/images/letter_6.png,src/title/text/images/letter_6.png
objects/levels/00/text/images/letter_7.png,src/title/text/images/letter_7.png
objects/levels/00/text/images/letter_8.png,src/title/text/images/letter_8.png
objects/levels/00/text/images/letter_9.png,src/title/text/images/letter_9.png
objects/levels/00/text/images/letter_a.png,src/title/text/images/letter_a.png
objects/levels/00/text/images/letter_b.png,src/title/text/images/letter_b.png
objects/levels/00/text/images/letter_c.png,src/title/text/images/letter_c.png
objects/levels/00/text/images/letter_copy.png,src/title/text/images/letter_copy.png
objects/levels/00/text/images/letter_d.png,src/title/text/images/letter_d.png
objects/levels/00/text/images/letter_dot.png,src/title/text/images/letter_dot.png
objects/levels/00/text/images/letter_e.png,src/title/text/images/letter_e.png
objects/levels/00/text/images/letter_exclam.png,src/title/text/images/letter_exclam.png
objects/levels/00/text/images/letter_f.png,src/title/text/images/letter_f.png
objects/levels/00/text/images/letter_g.png,src/title/text/images/letter_g.png
objects/levels/00/text/images/letter_h.png,src/title/text/images/letter_h.png
objects/levels/00/text/images/letter_i.png,src/title/text/images/letter_i.png
objects/levels/00/text/images/letter_j.png,src/title/text/images/letter_j.png
objects/levels/00/text/images/letter_k.png,src/title/text/images/letter_k.png
objects/levels/00/text/images/letter_l.png,src/title/text/images/letter_l.png
objects/levels/00/text/images/letter_m.png,src/title/text/images/letter_m.png
objects/levels/00/text/images/letter_n.png,src/title/text/images/letter_n.png
objects/levels/00/text/images/letter_o.png,src/title/text/images/letter_o.png
objects/levels/00/text/images/letter_p.png,src/title/text/images/letter_p.png
objects/levels/00/text/images/letter_q.png,src/title/text/images/letter_q.png
objects/levels/00/text/images/letter_r.png,src/title/text/images/letter_r.png
objects/levels/00/text/images/letter_s.png,src/title/text/images/letter_s.png
objects/levels/00/text/images/letter_space.png,src/title/text/images/letter_space.png
objects/levels/00/text/images/letter_t.png,src/title/text/images/letter_t.png
objects/levels/00/text/images/letter_u.png,src/title/text/images/letter_u.png
objects/levels/00/text/images/letter_v.png,src/title/text/images/letter_v.png
objects/levels/00/text/images/letter_w.png,src/title/text/images/letter_w.png
objects/levels/00/text/images/letter_x.png,src/title/text/images/letter_x.png
objects/levels/00/text/images/letter_y.png,src/title/text/images/letter_y.png
objects/levels/00/text/images/letter_z.png,src/title/text/images/letter_z.png
objects/levels/00/text/images/push_button_0.png,src/title/text/images/00.png
objects/levels/00/text/images/push_button_1.png,src/title/text/images/01.png
objects/levels/00/text/images/push_button_2.png,src/title/text/images/02.png
objects/levels/01/obj.asm,src/stages/01/stage.asm
objects/levels/01/background/obj_fadetotunnel.asm,src/stages/01/background/obj_fadetotunnel.asm
objects/levels/01/map/in.png,src/stages/01/map/in.png
objects/levels/01/map/init.png,src/stages/01/map/init.png
objects/levels/01/map/tool-command.txt,tools/leanscroll-01.txt
objects/levels/01/music/adnz/vgc/music.vgc,src/stages/01/music/adnz/vgc/music.vgc
objects/levels/01/music/adnz/vgm/music.vgm,src/stages/01/music/adnz/vgm/music.vgm
objects/levels/01/music/adnz/ymm/music.ymm,src/stages/01/music/adnz/ymm/music.ymm
objects/levels/01/object-wave/object-wave-data.asm,src/stages/01/wave.asm
objects/levels/01/object-wave/object-wave.asm,src/stages/01/wave-obj.asm
objects/levels/01/starfield/gen_stardata.py,src/stages/01/background/gen_stardata.py
objects/levels/01/starfield/obj.asm,src/stages/01/background/obj.asm
objects/levels/01/starfield/stardata.asm,src/stages/01/background/stardata.asm
objects/levels/01/starfield/starfield.const.asm,src/stages/01/background/starfield.const.asm
objects/levels/02/obj.asm,src/stages/02/stage.asm
objects/levels/02/map/in.png,src/stages/02/map/in.png
objects/levels/02/map/init.png,src/stages/02/map/init.png
objects/levels/02/music/adnz/vgc/music.vgc,src/stages/02/music/adnz/vgc/music.vgc
objects/levels/02/music/adnz/vgm/music.vgm,src/stages/02/music/adnz/vgm/music.vgm
objects/levels/02/music/adnz/ymm/music.ymm,src/stages/02/music/adnz/ymm/music.ymm
objects/levels/02/object-wave/object-wave-data.asm,src/stages/02/wave.asm
objects/levels/02/object-wave/object-wave.asm,src/stages/02/wave-obj.asm
objects/levels/03/obj.asm,src/stages/03/stage.asm
objects/levels/03/obj_s.asm,src/stages/03/stage_s.asm
objects/levels/03/map/in.png,src/stages/03/map/in.png
objects/levels/03/map/init.png,src/stages/03/map/init.png
objects/levels/03/map/0/0.0.bin,src/stages/03/map/0/0.0.bin
objects/levels/03/map/0/0.png,src/stages/03/map/0/0.png
objects/levels/03/map/1/1.0.bin,src/stages/03/map/1/1.0.bin
objects/levels/03/map/1/1.png,src/stages/03/map/1/1.png
objects/levels/03/music/adnz/vgc/music.vgc,src/stages/03/music/adnz/vgc/music.vgc
objects/levels/03/music/adnz/vgm/music.vgm,src/stages/03/music/adnz/vgm/music.vgm
objects/levels/03/music/adnz/ymm/music.ymm,src/stages/03/music/adnz/ymm/music.ymm
objects/levels/03/object-wave/object-wave-data.asm,src/stages/03/wave.asm
objects/levels/03/object-wave/object-wave.asm,src/stages/03/wave-obj.asm
objects/levels/04/obj.asm,src/stages/04/stage.asm
objects/levels/04/obj_s.asm,src/stages/04/stage_s.asm
objects/levels/04/map/in.png,src/stages/04/map/in.png
objects/levels/04/map/init.png,src/stages/04/map/init.png
objects/levels/04/map/0/0.0.bin,src/stages/04/map/0/0.0.bin
objects/levels/04/map/0/0.png,src/stages/04/map/0/0.png
objects/levels/04/map/1/1.0.bin,src/stages/04/map/1/1.0.bin
objects/levels/04/map/1/1.png,src/stages/04/map/1/1.png
objects/levels/04/object-wave/object-wave-data.asm,src/stages/04/wave.asm
objects/levels/04/object-wave/object-wave.asm,src/stages/04/wave-obj.asm
objects/levels/05/obj.asm,src/stages/05/stage.asm
objects/levels/05/obj_s.asm,src/stages/05/stage_s.asm
objects/levels/05/map/in.png,src/stages/05/map/in.png
objects/levels/05/map/init.png,src/stages/05/map/init.png
objects/levels/05/map/0/0.0.bin,src/stages/05/map/0/0.0.bin
objects/levels/05/map/0/0.png,src/stages/05/map/0/0.png
objects/levels/05/map/1/1.0.bin,src/stages/05/map/1/1.0.bin
objects/levels/05/map/1/1.png,src/stages/05/map/1/1.png
objects/levels/05/music/adnz/vgc/music.vgc,src/stages/05/music/adnz/vgc/music.vgc
objects/levels/05/music/adnz/ymm/music.ymm,src/stages/05/music/adnz/ymm/music.ymm
objects/levels/05/object-wave/object-wave-data.asm,src/stages/05/wave.asm
objects/levels/05/object-wave/object-wave.asm,src/stages/05/wave-obj.asm
objects/levels/06/object-wave/object-wave-data.asm,src/stages/06/wave.asm
objects/levels/07/obj.asm,src/stages/07/stage.asm
objects/levels/07/obj_s.asm,src/stages/07/stage_s.asm
objects/levels/07/map/in.png,src/stages/07/map/in.png
objects/levels/07/map/init.png,src/stages/07/map/init.png
objects/levels/07/map/0/0.0.bin,src/stages/07/map/0/0.0.bin
objects/levels/07/map/0/0.png,src/stages/07/map/0/0.png
objects/levels/07/map/1/1.0.bin,src/stages/07/map/1/1.0.bin
objects/levels/07/map/1/1.png,src/stages/07/map/1/1.png
objects/levels/07/music/adnz/vgc/music.vgc,src/stages/07/music/adnz/vgc/music.vgc
objects/levels/07/music/adnz/ymm/music.ymm,src/stages/07/music/adnz/ymm/music.ymm
objects/levels/07/object-wave/object-wave-data.asm,src/stages/07/wave.asm
objects/levels/07/object-wave/object-wave.asm,src/stages/07/wave-obj.asm
objects/levels/08/obj.asm,src/stages/08/stage.asm
objects/levels/08/obj_s.asm,src/stages/08/stage_s.asm
objects/levels/08/map/in.png,src/stages/08/map/in.png
objects/levels/08/map/init.png,src/stages/08/map/init.png
objects/levels/08/map/0/0.0.bin,src/stages/08/map/0/0.0.bin
objects/levels/08/map/0/0.bin,src/stages/08/map/0/0.bin
objects/levels/08/map/0/0.equ,src/stages/08/map/0/0.equ
objects/levels/08/map/0/0.init.png,src/stages/08/map/0/0.init.png
objects/levels/08/map/0/0.png,src/stages/08/map/0/0.png
objects/levels/08/map/0/0.stm,src/stages/08/map/0/0.stm
objects/levels/08/map/0/map_lean.png,src/stages/08/map/0/map_lean.png
objects/levels/08/map/1/1.0.bin,src/stages/08/map/1/1.0.bin
objects/levels/08/map/1/1.bin,src/stages/08/map/1/1.bin
objects/levels/08/map/1/1.init.png,src/stages/08/map/1/1.init.png
objects/levels/08/map/1/1.png,src/stages/08/map/1/1.png
objects/levels/08/map/1/1.stm,src/stages/08/map/1/1.stm
objects/levels/08/map/1/map_lean.png,src/stages/08/map/1/map_lean.png
objects/levels/08/object-wave/object-wave-data.asm,src/stages/08/wave.asm
objects/levels/08/object-wave/object-wave.asm,src/stages/08/wave-obj.asm
objects/levels/bossmusic/obj_bossmusic.asm,src/common/flow/bossmusic/obj_bossmusic.asm
objects/levels/bossmusic/music/dmf/rtype-boss.dmf,src/common/flow/bossmusic/music/dmf/rtype-boss.dmf
objects/levels/bossmusic/music/vgc/music.vgc,src/common/flow/bossmusic/music/vgc/music.vgc
objects/levels/bossmusic/music/vgm/music.vgm,src/common/flow/bossmusic/music/vgm/music.vgm
objects/levels/bossmusic/music/ymm/music.ymm,src/common/flow/bossmusic/music/ymm/music.ymm
objects/levels/clearstage/music/dmf/rtype-clearstage.dmf,src/common/flow/clearstage/music/dmf/rtype-clearstage.dmf
objects/levels/clearstage/music/vgc/music.vgc,src/common/flow/clearstage/music/vgc/music.vgc
objects/levels/clearstage/music/vgm/music.vgm,src/common/flow/clearstage/music/vgm/music.vgm
objects/levels/clearstage/music/ymm/music.ymm,src/common/flow/clearstage/music/ymm/music.ymm
objects/levels/endstage/obj_endstage.asm,src/common/flow/endstage.asm
objects/levels/hud/dummy.asm,src/common/hud/dummy.asm
objects/levels/hud/hud.asm,src/common/hud/hud.asm
objects/levels/hud/images/0.png,src/common/hud/images/hud/00.png
objects/levels/hud/images/1.png,src/common/hud/images/hud/01.png
objects/levels/hud/images/2.png,src/common/hud/images/hud/02.png
objects/levels/hud/images/3.png,src/common/hud/images/hud/03.png
objects/levels/hud/images/4.png,src/common/hud/images/hud/04.png
objects/levels/hud/images/5.png,src/common/hud/images/hud/05.png
objects/levels/hud/images/6.png,src/common/hud/images/hud/06.png
objects/levels/hud/images/7.png,src/common/hud/images/hud/07.png
objects/levels/hud/images/8.png,src/common/hud/images/hud/08.png
objects/levels/hud/images/9.png,src/common/hud/images/hud/09.png
objects/levels/hud/images/beam.png,src/common/hud/images/beam.png
objects/levels/hud/images/black.png,src/common/hud/images/00-black.png
objects/levels/hud/images/life.png,src/common/hud/images/01-life.png
objects/levels/hud/images/mock-up-hud.png,src/common/hud/images/mock-up-hud.png
objects/levels/loading/obj.asm,src/common/flow/loading/obj.asm
objects/levels/loading/images/loading.png,src/common/flow/loading/images/00.png
objects/levels/mainext/obj_mainext.asm,src/common/flow/mainext.asm
objects/levels/mask/Img_mask_0_ND0.asm,src/common/hud/mask/Img_mask_0_ND0.asm
objects/levels/mask/dummy.asm,src/common/hud/mask/dummy.asm
objects/levels/mask/images/mask.old.png,src/common/hud/mask/images/mask.old.png
objects/levels/mask/images/mask.png,src/common/hud/mask/images/00.png
objects/messages/messages.const.asm,src/common/hud/messages/messages.const.asm
objects/messages/obj.asm,src/common/hud/messages/obj.asm
objects/messages/images/game.bm4.png,src/common/hud/messages/images/game.bm4.png
objects/messages/images/game.rama.bin,src/common/hud/messages/images/game.rama.bin
objects/messages/images/game.ramb.bin,src/common/hud/messages/images/game.ramb.bin
objects/messages/images/messages.png,src/common/hud/messages/images/messages.png
objects/messages/images/over.bm4.png,src/common/hud/messages/images/over.bm4.png
objects/messages/images/over.rama.bin,src/common/hud/messages/images/over.rama.bin
objects/messages/images/over.ramb.bin,src/common/hud/messages/images/over.ramb.bin
objects/messages/images/ready.bm4.png,src/common/hud/messages/images/ready.bm4.png
objects/messages/images/ready.rama.bin,src/common/hud/messages/images/ready.rama.bin
objects/messages/images/ready.ramb.bin,src/common/hud/messages/images/ready.ramb.bin
objects/messages/images/test.png,src/common/hud/messages/images/test.png
objects/player1/player1.asm,src/common/player/player1.asm
objects/player1/player1.equ,src/common/player/player1.equ
objects/player1/beam/beam.asm,src/common/weapons/beam/beam.asm
objects/player1/beam/beamcharge.asm,src/common/weapons/beam/beamcharge.asm
objects/player1/beam/images/beam-impact_0.png,src/common/weapons/beam/images/beam-impact/00.png
objects/player1/beam/images/beam-impact_1.png,src/common/weapons/beam/images/beam-impact_1.png
objects/player1/beam/images/beam-impact_2.png,src/common/weapons/beam/images/beam-impact_2.png
objects/player1/beam/images/beam-impact_3.png,src/common/weapons/beam/images/beam-impact_3.png
objects/player1/beam/images/beam-impact_4.png,src/common/weapons/beam/images/beam-impact/01.png
objects/player1/beam/images/beam-slim_0.png,src/common/weapons/beam/images/beam-slim/00.png
objects/player1/beam/images/beam-slim_1.png,src/common/weapons/beam/images/beam-slim/01.png
objects/player1/beam/images/beam-slim_2.png,src/common/weapons/beam/images/beam-slim/02.png
objects/player1/beam/images/beam-slim_3.png,src/common/weapons/beam/images/beam-slim/03.png
objects/player1/beam/images/beam-slim_4.png,src/common/weapons/beam/images/beam-slim/04.png
objects/player1/beam/images/beam-slim_5.png,src/common/weapons/beam/images/beam-slim/05.png
objects/player1/beam/images/beam-slim_6.png,src/common/weapons/beam/images/beam-slim/06.png
objects/player1/beam/images/beam-slim_7.png,src/common/weapons/beam/images/beam-slim/07.png
objects/player1/beam/images/beam-slim_8.png,src/common/weapons/beam/images/beam-slim/08.png
objects/player1/beam/images/beam-slim_9.png,src/common/weapons/beam/images/beam-slim/09.png
objects/player1/beam/images/beamcharge_0.png,src/common/weapons/beam/images/beamcharge/00.png
objects/player1/beam/images/beamcharge_1.png,src/common/weapons/beam/images/beamcharge/01.png
objects/player1/beam/images/beamcharge_2.png,src/common/weapons/beam/images/beamcharge/02.png
objects/player1/beam/images/beamcharge_3.png,src/common/weapons/beam/images/beamcharge/03.png
objects/player1/beam/images/beamcharge_4.png,src/common/weapons/beam/images/beamcharge/04.png
objects/player1/beam/images/beamcharge_5.png,src/common/weapons/beam/images/beamcharge/05.png
objects/player1/beam/images/beamcharge_6.png,src/common/weapons/beam/images/beamcharge/06.png
objects/player1/beam/images/beamcharge_7.png,src/common/weapons/beam/images/beamcharge/07.png
objects/player1/beam/images/original/emitter-flash_0.png,src/common/weapons/beam/images/original/emitter-flash_0.png
objects/player1/beam/images/original/emitter-flash_1.png,src/common/weapons/beam/images/original/emitter-flash_1.png
objects/player1/beam/images/original/emitter-flash_2.png,src/common/weapons/beam/images/original/emitter-flash_2.png
objects/player1/beam/images/original/emitter-flash_3.png,src/common/weapons/beam/images/original/emitter-flash_3.png
objects/player1/bitdevice/bitdevice.equ,src/common/weapons/bitdevice/bitdevice.equ
objects/player1/bitdevice/obj.asm,src/common/weapons/bitdevice/obj.asm
objects/player1/bitdevice/images/bitdevice_00.png,src/common/weapons/bitdevice/images/00.png
objects/player1/bitdevice/images/bitdevice_01.png,src/common/weapons/bitdevice/images/01.png
objects/player1/bitdevice/images/bitdevice_02.png,src/common/weapons/bitdevice/images/02.png
objects/player1/bitdevice/images/bitdevice_03.png,src/common/weapons/bitdevice/images/03.png
objects/player1/bitdevice/images/bitdevice_04.png,src/common/weapons/bitdevice/images/04.png
objects/player1/bitdevice/images/bitdevice_05.png,src/common/weapons/bitdevice/images/05.png
objects/player1/engineflames/obj.asm,src/common/player/engineflames/obj.asm
objects/player1/engineflames/images/engineflames_0.png,src/common/player/engineflames/images/00.png
objects/player1/engineflames/images/engineflames_1.png,src/common/player/engineflames/images/01.png
objects/player1/forcepods/forcepod.asm,src/common/weapons/forcepods/forcepod.asm
objects/player1/forcepods/forcepod.equ,src/common/weapons/forcepods/forcepod.equ
objects/player1/forcepods/obj_counterairlaser.asm,src/common/weapons/forcepods/obj_counterairlaser.asm
objects/player1/forcepods/obj_reboundlaser.asm,src/common/weapons/forcepods/obj_reboundlaser.asm
objects/player1/forcepods/obj_simplefire.asm,src/common/weapons/forcepods/obj_simplefire.asm
objects/player1/forcepods/obj_straightdown.asm,src/common/weapons/forcepods/obj_straightdown.asm
objects/player1/forcepods/obj_straightup.asm,src/common/weapons/forcepods/obj_straightup.asm
objects/player1/forcepods/images/forcepod_0_0.png,src/common/weapons/forcepods/images/forcepod_0/00.png
objects/player1/forcepods/images/forcepod_0_1.png,src/common/weapons/forcepods/images/forcepod_0/01.png
objects/player1/forcepods/images/forcepod_0_2.png,src/common/weapons/forcepods/images/forcepod_0/02.png
objects/player1/forcepods/images/forcepod_0_3.png,src/common/weapons/forcepods/images/forcepod_0/03.png
objects/player1/forcepods/images/forcepod_0_4.png,src/common/weapons/forcepods/images/forcepod_0/04.png
objects/player1/forcepods/images/forcepod_0_5.png,src/common/weapons/forcepods/images/forcepod_0/05.png
objects/player1/forcepods/images/forcepod_1_0.png,src/common/weapons/forcepods/images/forcepod_1/00.png
objects/player1/forcepods/images/forcepod_1_1.png,src/common/weapons/forcepods/images/forcepod_1/01.png
objects/player1/forcepods/images/forcepod_1_2.png,src/common/weapons/forcepods/images/forcepod_1/02.png
objects/player1/forcepods/images/forcepod_1_3.png,src/common/weapons/forcepods/images/forcepod_1/03.png
objects/player1/forcepods/images/forcepod_1_4.png,src/common/weapons/forcepods/images/forcepod_1/04.png
objects/player1/forcepods/images/forcepod_1_5.png,src/common/weapons/forcepods/images/forcepod_1/05.png
objects/player1/forcepods/images/forcepod_2_0.png,src/common/weapons/forcepods/images/forcepod_2/00.png
objects/player1/forcepods/images/forcepod_2_1.png,src/common/weapons/forcepods/images/forcepod_2/01.png
objects/player1/forcepods/images/forcepod_2_2.png,src/common/weapons/forcepods/images/forcepod_2/02.png
objects/player1/forcepods/images/forcepod_2_3.png,src/common/weapons/forcepods/images/forcepod_2/03.png
objects/player1/forcepods/images/shootpod_0.png,src/common/weapons/forcepods/images/shootpod/00.png
objects/player1/forcepods/images/shootpod_1.png,src/common/weapons/forcepods/images/shootpod/01.png
objects/player1/forcepods/images/shootpod_2.png,src/common/weapons/forcepods/images/shootpod/02.png
objects/player1/forcepods/images/shootpod_3.png,src/common/weapons/forcepods/images/shootpod/03.png
objects/player1/forcepods/images/shootpod_4.png,src/common/weapons/forcepods/images/shootpod/04.png
objects/player1/forcepods/images/counterairlaser-0/counterairlaser_0.png,src/common/weapons/forcepods/images/counterairlaser-0/counterairlaser_0.png
objects/player1/forcepods/images/counterairlaser-0/counterairlaser_1.png,src/common/weapons/forcepods/images/counterairlaser-0/counterairlaser_1.png
objects/player1/forcepods/images/counterairlaser-0/counterairlaser_2.png,src/common/weapons/forcepods/images/counterairlaser-0/counterairlaser_2.png
objects/player1/forcepods/images/counterairlaser-0/counterairlaser_3.png,src/common/weapons/forcepods/images/counterairlaser-0/counterairlaser_3.png
objects/player1/forcepods/images/counterairlaser-0/counterairlaser_4.png,src/common/weapons/forcepods/images/counterairlaser-0/counterairlaser_4.png
objects/player1/forcepods/images/counterairlaser-0/counterairlaser_5.png,src/common/weapons/forcepods/images/counterairlaser-0/counterairlaser_5.png
objects/player1/forcepods/images/counterairlaser-0/counterairlaser_6.png,src/common/weapons/forcepods/images/counterairlaser-0/counterairlaser_6.png
objects/player1/forcepods/images/counterairlaser-0/counterairlaser_7.png,src/common/weapons/forcepods/images/counterairlaser-0/counterairlaser_7.png
objects/player1/forcepods/images/counterairlaser-1/counterairlaser_0.png,src/common/weapons/forcepods/images/counterairlaser-1/counterairlaser_0.png
objects/player1/forcepods/images/counterairlaser-1/counterairlaser_1.png,src/common/weapons/forcepods/images/counterairlaser-1/counterairlaser_1.png
objects/player1/forcepods/images/counterairlaser-1/counterairlaser_2.png,src/common/weapons/forcepods/images/counterairlaser-1/counterairlaser_2.png
objects/player1/forcepods/images/counterairlaser-1/counterairlaser_3.png,src/common/weapons/forcepods/images/counterairlaser-1/counterairlaser_3.png
objects/player1/forcepods/images/counterairlaser-1/counterairlaser_4.png,src/common/weapons/forcepods/images/counterairlaser-1/counterairlaser_4.png
objects/player1/forcepods/images/counterairlaser-1/counterairlaser_5.png,src/common/weapons/forcepods/images/counterairlaser-1/counterairlaser_5.png
objects/player1/forcepods/images/counterairlaser-1/counterairlaser_6.png,src/common/weapons/forcepods/images/counterairlaser-1/counterairlaser_6.png
objects/player1/forcepods/images/counterairlaser-1/counterairlaser_7.png,src/common/weapons/forcepods/images/counterairlaser-1/counterairlaser_7.png
objects/player1/forcepods/images/counterairlaser-2/counterairlaser_0.png,src/common/weapons/forcepods/images/counterairlaser-2/counterairlaser_0.png
objects/player1/forcepods/images/counterairlaser-2/counterairlaser_1.png,src/common/weapons/forcepods/images/counterairlaser-2/counterairlaser_1.png
objects/player1/forcepods/images/counterairlaser-2/counterairlaser_2.png,src/common/weapons/forcepods/images/counterairlaser-2/counterairlaser_2.png
objects/player1/forcepods/images/counterairlaser-2/counterairlaser_3.png,src/common/weapons/forcepods/images/counterairlaser-2/counterairlaser_3.png
objects/player1/forcepods/images/counterairlaser-2/counterairlaser_4.png,src/common/weapons/forcepods/images/counterairlaser-2/counterairlaser_4.png
objects/player1/forcepods/images/counterairlaser-2/counterairlaser_5.png,src/common/weapons/forcepods/images/counterairlaser-2/counterairlaser_5.png
objects/player1/forcepods/images/counterairlaser-2/counterairlaser_6.png,src/common/weapons/forcepods/images/counterairlaser-2/counterairlaser_6.png
objects/player1/forcepods/images/counterairlaser-2/counterairlaser_7.png,src/common/weapons/forcepods/images/counterairlaser-2/counterairlaser_7.png
objects/player1/forcepods/images/counterairlaser-3/counterairlaser_0.png,src/common/weapons/forcepods/images/counterairlaser-3/00.png
objects/player1/forcepods/images/counterairlaser-3/counterairlaser_0a.png,src/common/weapons/forcepods/images/counterairlaser-3/08.png
objects/player1/forcepods/images/counterairlaser-3/counterairlaser_1.png,src/common/weapons/forcepods/images/counterairlaser-3/01.png
objects/player1/forcepods/images/counterairlaser-3/counterairlaser_1a.png,src/common/weapons/forcepods/images/counterairlaser-3/09.png
objects/player1/forcepods/images/counterairlaser-3/counterairlaser_2.png,src/common/weapons/forcepods/images/counterairlaser-3/02.png
objects/player1/forcepods/images/counterairlaser-3/counterairlaser_2a.png,src/common/weapons/forcepods/images/counterairlaser-3/10.png
objects/player1/forcepods/images/counterairlaser-3/counterairlaser_3.png,src/common/weapons/forcepods/images/counterairlaser-3/03.png
objects/player1/forcepods/images/counterairlaser-3/counterairlaser_3a.png,src/common/weapons/forcepods/images/counterairlaser-3/11.png
objects/player1/forcepods/images/counterairlaser-3/counterairlaser_4.png,src/common/weapons/forcepods/images/counterairlaser-3/04.png
objects/player1/forcepods/images/counterairlaser-3/counterairlaser_4a.png,src/common/weapons/forcepods/images/counterairlaser-3/12.png
objects/player1/forcepods/images/counterairlaser-3/counterairlaser_5.png,src/common/weapons/forcepods/images/counterairlaser-3/05.png
objects/player1/forcepods/images/counterairlaser-3/counterairlaser_5a.png,src/common/weapons/forcepods/images/counterairlaser-3/13.png
objects/player1/forcepods/images/counterairlaser-3/counterairlaser_6.png,src/common/weapons/forcepods/images/counterairlaser-3/06.png
objects/player1/forcepods/images/counterairlaser-3/counterairlaser_6a.png,src/common/weapons/forcepods/images/counterairlaser-3/14.png
objects/player1/forcepods/images/counterairlaser-3/counterairlaser_7.png,src/common/weapons/forcepods/images/counterairlaser-3/07.png
objects/player1/forcepods/images/counterairlaser-3/counterairlaser_7a.png,src/common/weapons/forcepods/images/counterairlaser-3/15.png
objects/player1/forcepods/images/counterairlaser-4/counterairlaser_0.png,src/common/weapons/forcepods/images/counterairlaser-4/00.png
objects/player1/forcepods/images/counterairlaser-4/counterairlaser_1.png,src/common/weapons/forcepods/images/counterairlaser-4/01.png
objects/player1/forcepods/images/counterairlaser-4/counterairlaser_2.png,src/common/weapons/forcepods/images/counterairlaser-4/02.png
objects/player1/forcepods/images/counterairlaser-4/counterairlaser_3.png,src/common/weapons/forcepods/images/counterairlaser-4/03.png
objects/player1/forcepods/images/counterairlaser-4/counterairlaser_4.png,src/common/weapons/forcepods/images/counterairlaser-4/04.png
objects/player1/forcepods/images/counterairlaser-4/counterairlaser_5.png,src/common/weapons/forcepods/images/counterairlaser-4/05.png
objects/player1/forcepods/images/counterairlaser-4/counterairlaser_6.png,src/common/weapons/forcepods/images/counterairlaser-4/06.png
objects/player1/forcepods/images/counterairlaser-4/counterairlaser_7.png,src/common/weapons/forcepods/images/counterairlaser-4/07.png
objects/player1/forcepods/images/reboundlaser/laser.pmp,src/common/weapons/forcepods/images/reboundlaser/laser.pmp
objects/player1/forcepods/images/reboundlaser/laser000.png,src/common/weapons/forcepods/images/reboundlaser/00.png
objects/player1/forcepods/images/reboundlaser/laser001.png,src/common/weapons/forcepods/images/reboundlaser/01.png
objects/player1/forcepods/images/reboundlaser/laser002.png,src/common/weapons/forcepods/images/reboundlaser/02.png
objects/player1/forcepods/images/reboundlaser/laser003.png,src/common/weapons/forcepods/images/reboundlaser/03.png
objects/player1/forcepods/images/reboundlaser/laser004.png,src/common/weapons/forcepods/images/reboundlaser/04.png
objects/player1/forcepods/images/reboundlaser/laser005.png,src/common/weapons/forcepods/images/reboundlaser/05.png
objects/player1/forcepods/images/reboundlaser/laser006.png,src/common/weapons/forcepods/images/reboundlaser/06.png
objects/player1/forcepods/images/reboundlaser/laser007.png,src/common/weapons/forcepods/images/reboundlaser/07.png
objects/player1/forcepods/images/reboundlaser/laser008.png,src/common/weapons/forcepods/images/reboundlaser/08.png
objects/player1/forcepods/images/reboundlaser/laser009.png,src/common/weapons/forcepods/images/reboundlaser/09.png
objects/player1/forcepods/images/reboundlaser/laser010.png,src/common/weapons/forcepods/images/reboundlaser/10.png
objects/player1/forcepods/images/reboundlaser/laser011.png,src/common/weapons/forcepods/images/reboundlaser/11.png
objects/player1/forcepods/images/reboundlaser/laser012.png,src/common/weapons/forcepods/images/reboundlaser/12.png
objects/player1/forcepods/images/reboundlaser/laser013.png,src/common/weapons/forcepods/images/reboundlaser/13.png
objects/player1/forcepods/images/reboundlaser/laser014.png,src/common/weapons/forcepods/images/reboundlaser/14.png
objects/player1/forcepods/images/reboundlaser/laser015.png,src/common/weapons/forcepods/images/reboundlaser/15.png
objects/player1/forcepods/images/reboundlaser/laser016.png,src/common/weapons/forcepods/images/reboundlaser/16.png
objects/player1/forcepods/images/reboundlaser/original/angled-.asd.json,src/common/weapons/forcepods/images/reboundlaser/original/angled-.asd.json
objects/player1/forcepods/images/reboundlaser/original/angled-.png,src/common/weapons/forcepods/images/reboundlaser/original/angled-.png
objects/player1/forcepods/images/reboundlaser/original/diagonal-explained.asd.json,src/common/weapons/forcepods/images/reboundlaser/original/diagonal-explained.asd.json
objects/player1/forcepods/images/reboundlaser/original/diagonal-explained.png,src/common/weapons/forcepods/images/reboundlaser/original/diagonal-explained.png
objects/player1/forcepods/images/reboundlaser/original/diagonal.asd.json,src/common/weapons/forcepods/images/reboundlaser/original/diagonal.asd.json
objects/player1/forcepods/images/reboundlaser/original/diagonal.pmp,src/common/weapons/forcepods/images/reboundlaser/original/diagonal.pmp
objects/player1/forcepods/images/reboundlaser/original/diagonal.png,src/common/weapons/forcepods/images/reboundlaser/original/diagonal.png
objects/player1/forcepods/images/reboundlaser/original/horizontal-position_n_firstCollisionTestLocation.png,src/common/weapons/forcepods/images/reboundlaser/original/horizontal-position_n_firstCollisionTestLocation.png
objects/player1/forcepods/images/reboundlaser/original/horizontal.pmp,src/common/weapons/forcepods/images/reboundlaser/original/horizontal.pmp
objects/player1/forcepods/images/reboundlaser/original/horizontal.png,src/common/weapons/forcepods/images/reboundlaser/original/horizontal.png
objects/player1/forcepods/images/reboundlaser/original/rebound.pmp,src/common/weapons/forcepods/images/reboundlaser/original/rebound.pmp
objects/player1/images/player1explosion_0.png,src/common/player/images/player1explosion/00.png
objects/player1/images/player1explosion_1.png,src/common/player/images/player1explosion/01.png
objects/player1/images/player1explosion_2.png,src/common/player/images/player1explosion/02.png
objects/player1/images/player1explosion_3.png,src/common/player/images/player1explosion/03.png
objects/player1/images/player1explosion_4.png,src/common/player/images/player1explosion/04.png
objects/player1/images/player1explosion_5.png,src/common/player/images/player1explosion/05.png
objects/player1/images/player1explosion_6.png,src/common/player/images/player1explosion/06.png
objects/player1/images/player1explosion_7.png,src/common/player/images/player1explosion/07.png
objects/player1/images/rship_0.png,src/common/player/images/rship/00.png
objects/player1/images/rship_1.png,src/common/player/images/rship/01.png
objects/player1/images/rship_2.png,src/common/player/images/rship/02.png
objects/player1/images/rship_3.png,src/common/player/images/rship/03.png
objects/player1/images/rship_4.png,src/common/player/images/rship/04.png
objects/player1/initlevel1/obj.asm,src/stages/01/init.asm
objects/player1/initlevel2/obj.asm,src/stages/02/init.asm
objects/player1/missile/player_missile.asm,src/common/weapons/missile/player_missile.asm
objects/player1/pow/pow.asm,src/common/pickups/pow/pow.asm
objects/player1/pow/pow_optionbox.asm,src/common/pickups/pow/pow_optionbox.asm
objects/player1/pow/images/lasercrystal_blue_0.png,src/common/pickups/pow/images/00-lasercrystal_blue_0.png
objects/player1/pow/images/lasercrystal_red_0.png,src/common/pickups/pow/images/03-lasercrystal_red_0.png
objects/player1/pow/images/lasercrystal_yellow_0.png,src/common/pickups/pow/images/01-lasercrystal_yellow_0.png
objects/player1/pow/images/option_missiles_0.png,src/common/pickups/pow/images/04-option_missiles_0.png
objects/player1/pow/images/option_speedup_0.png,src/common/pickups/pow/images/02-option_speedup_0.png
objects/player1/pow/images/pow_0.png,src/common/pickups/pow/images/pow/00.png
objects/player1/pow/images/pow_1.png,src/common/pickups/pow/images/pow/01.png
objects/player1/pow/images/pow_2.png,src/common/pickups/pow/images/pow/02.png
objects/player1/pow/images/pow_3.png,src/common/pickups/pow/images/pow/03.png
objects/player1/pow/images/pow_4.png,src/common/pickups/pow/images/pow/04.png
objects/player1/pow/images/pow_5.png,src/common/pickups/pow/images/pow/05.png
objects/player1/pow/images/original/pow-flying.png,src/common/pickups/pow/images/original/pow-flying.png
objects/player1/pow/images/original/pow-landing-000.png,src/common/pickups/pow/images/original/pow-landing-000.png
objects/player1/pow/images/original/pow-landing-001.png,src/common/pickups/pow/images/original/pow-landing-001.png
objects/player1/pow/images/original/pow-landing-002.png,src/common/pickups/pow/images/original/pow-landing-002.png
objects/player1/pow/images/original/pow-landing-003.png,src/common/pickups/pow/images/original/pow-landing-003.png
objects/player1/pow/images/original/pow-takeoff-000.png,src/common/pickups/pow/images/original/pow-takeoff-000.png
objects/player1/pow/images/original/pow-takeoff-001.png,src/common/pickups/pow/images/original/pow-takeoff-001.png
objects/player1/pow/images/original/pow-takeoff-002.png,src/common/pickups/pow/images/original/pow-takeoff-002.png
objects/player1/pow/images/original/pow-takeoff-003.png,src/common/pickups/pow/images/original/pow-takeoff-003.png
objects/player1/pow/images/original/pow-walking-000.png,src/common/pickups/pow/images/original/pow-walking-000.png
objects/player1/pow/images/original/pow-walking-001.png,src/common/pickups/pow/images/original/pow-walking-001.png
objects/player1/pow/images/original/pow-walking-002.png,src/common/pickups/pow/images/original/pow-walking-002.png
objects/player1/pow/images/original/pow-walking-003.png,src/common/pickups/pow/images/original/pow-walking-003.png
objects/player1/weapon/obj.asm,src/common/weapons/weapon/obj.asm
objects/player1/weapon/images/impact-0.png,src/common/weapons/weapon/images/impact/00.png
objects/player1/weapon/images/impact-1.png,src/common/weapons/weapon/images/impact-1.png
objects/player1/weapon/images/impact-2.png,src/common/weapons/weapon/images/impact-2.png
objects/player1/weapon/images/impact-3.png,src/common/weapons/weapon/images/impact/01.png
objects/player1/weapon/images/shoot.png,src/common/weapons/weapon/images/00-shoot.png
objects/soundFX/soundFX.asm,src/common/fx/soundfx/soundFX.asm
objects/soundFX/soundFX.const.asm,src/common/fx/soundfx/soundFX.const.asm
resources/arcade/levels/level1_b.png,reference/arcade/levels/level1_b.png
resources/arcade/levels/level1_bc.bin,reference/arcade/levels/level1_bc.bin
resources/arcade/levels/level1_bc.png,reference/arcade/levels/level1_bc.png
resources/arcade/levels/level1_f.png,reference/arcade/levels/level1_f.png
resources/arcade/levels/level1_fc.bin,reference/arcade/levels/level1_fc.bin
resources/arcade/levels/level1_fc.png,reference/arcade/levels/level1_fc.png
resources/arcade/levels/level2_b.png,reference/arcade/levels/level2_b.png
resources/arcade/levels/level2_bc.bin,reference/arcade/levels/level2_bc.bin
resources/arcade/levels/level2_bc.png,reference/arcade/levels/level2_bc.png
resources/arcade/levels/level2_f.png,reference/arcade/levels/level2_f.png
resources/arcade/levels/level2_fc.bin,reference/arcade/levels/level2_fc.bin
resources/arcade/levels/level2_fc.png,reference/arcade/levels/level2_fc.png
resources/arcade/levels/level3_b.png,reference/arcade/levels/level3_b.png
resources/arcade/levels/level3_bc.bin,reference/arcade/levels/level3_bc.bin
resources/arcade/levels/level3_bc.png,reference/arcade/levels/level3_bc.png
resources/arcade/levels/level3_f.png,reference/arcade/levels/level3_f.png
resources/arcade/levels/level3_fc.bin,reference/arcade/levels/level3_fc.bin
resources/arcade/levels/level3_fc.png,reference/arcade/levels/level3_fc.png
resources/arcade/levels/level4_b.png,reference/arcade/levels/level4_b.png
resources/arcade/levels/level4_bc.bin,reference/arcade/levels/level4_bc.bin
resources/arcade/levels/level4_bc.png,reference/arcade/levels/level4_bc.png
resources/arcade/levels/level4_f.png,reference/arcade/levels/level4_f.png
resources/arcade/levels/level4_fc.bin,reference/arcade/levels/level4_fc.bin
resources/arcade/levels/level4_fc.png,reference/arcade/levels/level4_fc.png
resources/arcade/levels/level5_b.png,reference/arcade/levels/level5_b.png
resources/arcade/levels/level5_bc.bin,reference/arcade/levels/level5_bc.bin
resources/arcade/levels/level5_bc.png,reference/arcade/levels/level5_bc.png
resources/arcade/levels/level5_f.png,reference/arcade/levels/level5_f.png
resources/arcade/levels/level5_fc.bin,reference/arcade/levels/level5_fc.bin
resources/arcade/levels/level5_fc.png,reference/arcade/levels/level5_fc.png
resources/arcade/levels/level6_b.png,reference/arcade/levels/level6_b.png
resources/arcade/levels/level6_bc.bin,reference/arcade/levels/level6_bc.bin
resources/arcade/levels/level6_bc.png,reference/arcade/levels/level6_bc.png
resources/arcade/levels/level6_f.png,reference/arcade/levels/level6_f.png
resources/arcade/levels/level6_fc.bin,reference/arcade/levels/level6_fc.bin
resources/arcade/levels/level6_fc.png,reference/arcade/levels/level6_fc.png
resources/arcade/levels/level7_b.png,reference/arcade/levels/level7_b.png
resources/arcade/levels/level7_bc.bin,reference/arcade/levels/level7_bc.bin
resources/arcade/levels/level7_bc.png,reference/arcade/levels/level7_bc.png
resources/arcade/levels/level7_f.png,reference/arcade/levels/level7_f.png
resources/arcade/levels/level7_fc.bin,reference/arcade/levels/level7_fc.bin
resources/arcade/levels/level7_fc.png,reference/arcade/levels/level7_fc.png
resources/arcade/levels/level8_b.png,reference/arcade/levels/level8_b.png
resources/arcade/levels/level8_bc.bin,reference/arcade/levels/level8_bc.bin
resources/arcade/levels/level8_bc.png,reference/arcade/levels/level8_bc.png
resources/arcade/levels/level8_f.png,reference/arcade/levels/level8_f.png
resources/arcade/levels/level8_fc.bin,reference/arcade/levels/level8_fc.bin
resources/arcade/levels/level8_fc.png,reference/arcade/levels/level8_fc.png
resources/arcade/sprites/beam-impact-0.png,reference/arcade/sprites/beam-impact-0.png
resources/arcade/sprites/beam-impact-1.png,reference/arcade/sprites/beam-impact-1.png
resources/arcade/sprites/beam-impact-2.png,reference/arcade/sprites/beam-impact-2.png
resources/arcade/sprites/beam-impact-3.png,reference/arcade/sprites/beam-impact-3.png
resources/arcade/sprites/beam-impact-4.png,reference/arcade/sprites/beam-impact-4.png
resources/arcade/sprites/bink-0.png,reference/arcade/sprites/bink-0.png
resources/arcade/sprites/bink-1.png,reference/arcade/sprites/bink-1.png
resources/arcade/sprites/bink-2.png,reference/arcade/sprites/bink-2.png
resources/arcade/sprites/bink-3.png,reference/arcade/sprites/bink-3.png
resources/arcade/sprites/bink-4.png,reference/arcade/sprites/bink-4.png
resources/arcade/sprites/bink-5.png,reference/arcade/sprites/bink-5.png
resources/arcade/sprites/bitdevice-0.png,reference/arcade/sprites/bitdevice-0.png
resources/arcade/sprites/bitdevice-1.png,reference/arcade/sprites/bitdevice-1.png
resources/arcade/sprites/bitdevice-10.png,reference/arcade/sprites/bitdevice-10.png
resources/arcade/sprites/bitdevice-11.png,reference/arcade/sprites/bitdevice-11.png
resources/arcade/sprites/bitdevice-2.png,reference/arcade/sprites/bitdevice-2.png
resources/arcade/sprites/bitdevice-3.png,reference/arcade/sprites/bitdevice-3.png
resources/arcade/sprites/bitdevice-4.png,reference/arcade/sprites/bitdevice-4.png
resources/arcade/sprites/bitdevice-5.png,reference/arcade/sprites/bitdevice-5.png
resources/arcade/sprites/bitdevice-6.png,reference/arcade/sprites/bitdevice-6.png
resources/arcade/sprites/bitdevice-7.png,reference/arcade/sprites/bitdevice-7.png
resources/arcade/sprites/bitdevice-8.png,reference/arcade/sprites/bitdevice-8.png
resources/arcade/sprites/bitdevice-9.png,reference/arcade/sprites/bitdevice-9.png
resources/arcade/sprites/compiler-bottom-0.png,reference/arcade/sprites/compiler-bottom-0.png
resources/arcade/sprites/compiler-bottom-1.png,reference/arcade/sprites/compiler-bottom-1.png
resources/arcade/sprites/couger_0.png,reference/arcade/sprites/couger_0.png
resources/arcade/sprites/couger_1.png,reference/arcade/sprites/couger_1.png
resources/arcade/sprites/couger_2.png,reference/arcade/sprites/couger_2.png
resources/arcade/sprites/couger_3.png,reference/arcade/sprites/couger_3.png
resources/arcade/sprites/couger_4.png,reference/arcade/sprites/couger_4.png
resources/arcade/sprites/dobkeratops-jaw-close.png,reference/arcade/sprites/dobkeratops-jaw-close.png
resources/arcade/sprites/dobkeratops-jaw-half.png,reference/arcade/sprites/dobkeratops-jaw-half.png
resources/arcade/sprites/dobkeratops-jaw-open.png,reference/arcade/sprites/dobkeratops-jaw-open.png
resources/arcade/sprites/dobkeratops-tail-end-0.png,reference/arcade/sprites/dobkeratops-tail-end-0.png
resources/arcade/sprites/dobkeratops-tail-end-1.png,reference/arcade/sprites/dobkeratops-tail-end-1.png
resources/arcade/sprites/dobkeratops-tail-end-2.png,reference/arcade/sprites/dobkeratops-tail-end-2.png
resources/arcade/sprites/dobkeratops-tail-end-3.png,reference/arcade/sprites/dobkeratops-tail-end-3.png
resources/arcade/sprites/dobkeratops-tail-end-4.png,reference/arcade/sprites/dobkeratops-tail-end-4.png
resources/arcade/sprites/dobkeratops-tail-end-5.png,reference/arcade/sprites/dobkeratops-tail-end-5.png
resources/arcade/sprites/dobkeratops-tail-end-6.png,reference/arcade/sprites/dobkeratops-tail-end-6.png
resources/arcade/sprites/dobkeratops-tail-end-7.png,reference/arcade/sprites/dobkeratops-tail-end-7.png
resources/arcade/sprites/dobkeratops-tail-end-8.png,reference/arcade/sprites/dobkeratops-tail-end-8.png
resources/arcade/sprites/dobkeratops-tail-large.png,reference/arcade/sprites/dobkeratops-tail-large.png
resources/arcade/sprites/dobkeratops-tail-medium.png,reference/arcade/sprites/dobkeratops-tail-medium.png
resources/arcade/sprites/dobkeratops-tail-small.png,reference/arcade/sprites/dobkeratops-tail-small.png
resources/arcade/sprites/emitter-flash_0.png,reference/arcade/sprites/emitter-flash_0.png
resources/arcade/sprites/emitter-flash_1.png,reference/arcade/sprites/emitter-flash_1.png
resources/arcade/sprites/emitter-flash_2.png,reference/arcade/sprites/emitter-flash_2.png
resources/arcade/sprites/emitter-flash_3.png,reference/arcade/sprites/emitter-flash_3.png
resources/arcade/sprites/explosion-0.png,reference/arcade/sprites/explosion-0.png
resources/arcade/sprites/explosion-1.png,reference/arcade/sprites/explosion-1.png
resources/arcade/sprites/explosion-2.png,reference/arcade/sprites/explosion-2.png
resources/arcade/sprites/explosion-3.png,reference/arcade/sprites/explosion-3.png
resources/arcade/sprites/explosion-4.png,reference/arcade/sprites/explosion-4.png
resources/arcade/sprites/explosion-5.png,reference/arcade/sprites/explosion-5.png
resources/arcade/sprites/fire-impact-0.png,reference/arcade/sprites/fire-impact-0.png
resources/arcade/sprites/fire-impact-1.png,reference/arcade/sprites/fire-impact-1.png
resources/arcade/sprites/fire-impact-2.png,reference/arcade/sprites/fire-impact-2.png
resources/arcade/sprites/fire-impact-3.png,reference/arcade/sprites/fire-impact-3.png
resources/arcade/sprites/foefire-explosion-0.png,reference/arcade/sprites/foefire-explosion-0.png
resources/arcade/sprites/foefire-explosion-1.png,reference/arcade/sprites/foefire-explosion-1.png
resources/arcade/sprites/foefire-explosion-2.png,reference/arcade/sprites/foefire-explosion-2.png
resources/arcade/sprites/foefire-explosion-3.png,reference/arcade/sprites/foefire-explosion-3.png
resources/arcade/sprites/foefire-explosion-4.png,reference/arcade/sprites/foefire-explosion-4.png
resources/arcade/sprites/foefire-explosion-5.png,reference/arcade/sprites/foefire-explosion-5.png
resources/arcade/sprites/foefire-explosion-6.png,reference/arcade/sprites/foefire-explosion-6.png
resources/arcade/sprites/foefire-explosion-7.png,reference/arcade/sprites/foefire-explosion-7.png
resources/arcade/sprites/foefire-explosion-8.png,reference/arcade/sprites/foefire-explosion-8.png
resources/arcade/sprites/forcepod-14EA.png,reference/arcade/sprites/forcepod-14EA.png
resources/arcade/sprites/forcepod-14F0.png,reference/arcade/sprites/forcepod-14F0.png
resources/arcade/sprites/forcepod-14F6.png,reference/arcade/sprites/forcepod-14F6.png
resources/arcade/sprites/forcepod-14FC.png,reference/arcade/sprites/forcepod-14FC.png
resources/arcade/sprites/forcepod-1502.png,reference/arcade/sprites/forcepod-1502.png
resources/arcade/sprites/forcepod-1508.png,reference/arcade/sprites/forcepod-1508.png
resources/arcade/sprites/forcepod-150E.png,reference/arcade/sprites/forcepod-150E.png
resources/arcade/sprites/forcepod-1514.png,reference/arcade/sprites/forcepod-1514.png
resources/arcade/sprites/forcepod-151A.png,reference/arcade/sprites/forcepod-151A.png
resources/arcade/sprites/forcepod-1520.png,reference/arcade/sprites/forcepod-1520.png
resources/arcade/sprites/forcepod-1526.png,reference/arcade/sprites/forcepod-1526.png
resources/arcade/sprites/forcepod-152C.png,reference/arcade/sprites/forcepod-152C.png
resources/arcade/sprites/forcepod-1532.png,reference/arcade/sprites/forcepod-1532.png
resources/arcade/sprites/forcepod-1538.png,reference/arcade/sprites/forcepod-1538.png
resources/arcade/sprites/forcepod-153E.png,reference/arcade/sprites/forcepod-153E.png
resources/arcade/sprites/forcepod-1544.png,reference/arcade/sprites/forcepod-1544.png
resources/arcade/sprites/forcepod-154A.png,reference/arcade/sprites/forcepod-154A.png
resources/arcade/sprites/forcepod-1550.png,reference/arcade/sprites/forcepod-1550.png
resources/arcade/sprites/forcepod-155c.png,reference/arcade/sprites/forcepod-155c.png
resources/arcade/sprites/forcepod-1562.png,reference/arcade/sprites/forcepod-1562.png
resources/arcade/sprites/forcepod-1568.png,reference/arcade/sprites/forcepod-1568.png
resources/arcade/sprites/forcepod-156e.png,reference/arcade/sprites/forcepod-156e.png
resources/arcade/sprites/forcepod-1574.png,reference/arcade/sprites/forcepod-1574.png
resources/arcade/sprites/forcepod-157A.png,reference/arcade/sprites/forcepod-157A.png
resources/arcade/sprites/forcepod-1580.png,reference/arcade/sprites/forcepod-1580.png
resources/arcade/sprites/forcepod-1586.png,reference/arcade/sprites/forcepod-1586.png
resources/arcade/sprites/forcepod-158C.png,reference/arcade/sprites/forcepod-158C.png
resources/arcade/sprites/forcepod-1592.png,reference/arcade/sprites/forcepod-1592.png
resources/arcade/sprites/forcepod-1598.png,reference/arcade/sprites/forcepod-1598.png
resources/arcade/sprites/gameover.png,reference/arcade/sprites/gameover.png
resources/arcade/sprites/lasercrystal-blue-0.png,reference/arcade/sprites/lasercrystal-blue-0.png
resources/arcade/sprites/lasercrystal-blue-1.png,reference/arcade/sprites/lasercrystal-blue-1.png
resources/arcade/sprites/lasercrystal-red-0.png,reference/arcade/sprites/lasercrystal-red-0.png
resources/arcade/sprites/lasercrystal-red-1.png,reference/arcade/sprites/lasercrystal-red-1.png
resources/arcade/sprites/lasercrystal-yellow-0.png,reference/arcade/sprites/lasercrystal-yellow-0.png
resources/arcade/sprites/lasercrystal-yellow-1.png,reference/arcade/sprites/lasercrystal-yellow-1.png
resources/arcade/sprites/locations.txt,reference/arcade/sprites/locations.txt
resources/arcade/sprites/logo_dot.png,reference/arcade/sprites/logo_dot.png
resources/arcade/sprites/logo_e.png,reference/arcade/sprites/logo_e.png
resources/arcade/sprites/logo_p.png,reference/arcade/sprites/logo_p.png
resources/arcade/sprites/logo_pal.png,reference/arcade/sprites/logo_pal.png
resources/arcade/sprites/logo_r.png,reference/arcade/sprites/logo_r.png
resources/arcade/sprites/logo_t.png,reference/arcade/sprites/logo_t.png
resources/arcade/sprites/logo_y.png,reference/arcade/sprites/logo_y.png
resources/arcade/sprites/missile-0.png,reference/arcade/sprites/missile-0.png
resources/arcade/sprites/missile-1.png,reference/arcade/sprites/missile-1.png
resources/arcade/sprites/monster_0.png,reference/arcade/sprites/monster_0.png
resources/arcade/sprites/monster_1.png,reference/arcade/sprites/monster_1.png
resources/arcade/sprites/monster_2.png,reference/arcade/sprites/monster_2.png
resources/arcade/sprites/monster_3.png,reference/arcade/sprites/monster_3.png
resources/arcade/sprites/monster_4.png,reference/arcade/sprites/monster_4.png
resources/arcade/sprites/monster_5.png,reference/arcade/sprites/monster_5.png
resources/arcade/sprites/monster_6.png,reference/arcade/sprites/monster_6.png
resources/arcade/sprites/pow-animation.txt,reference/arcade/sprites/pow-animation.txt
resources/arcade/sprites/pow-flying.png,reference/arcade/sprites/pow-flying.png
resources/arcade/sprites/pow-landing-000.png,reference/arcade/sprites/pow-landing-000.png
resources/arcade/sprites/pow-landing-001.png,reference/arcade/sprites/pow-landing-001.png
resources/arcade/sprites/pow-landing-002.png,reference/arcade/sprites/pow-landing-002.png
resources/arcade/sprites/pow-landing-003.png,reference/arcade/sprites/pow-landing-003.png
resources/arcade/sprites/pow-takeoff-000.png,reference/arcade/sprites/pow-takeoff-000.png
resources/arcade/sprites/pow-takeoff-001.png,reference/arcade/sprites/pow-takeoff-001.png
resources/arcade/sprites/pow-takeoff-002.png,reference/arcade/sprites/pow-takeoff-002.png
resources/arcade/sprites/pow-takeoff-003.png,reference/arcade/sprites/pow-takeoff-003.png
resources/arcade/sprites/pow-walking-000.png,reference/arcade/sprites/pow-walking-000.png
resources/arcade/sprites/pow-walking-001.png,reference/arcade/sprites/pow-walking-001.png
resources/arcade/sprites/pow-walking-002.png,reference/arcade/sprites/pow-walking-002.png
resources/arcade/sprites/pow-walking-003.png,reference/arcade/sprites/pow-walking-003.png
resources/arcade/sprites/r-typesheet1.gif,reference/arcade/sprites/r-typesheet1.gif
resources/arcade/sprites/r-typesheet10.gif,reference/arcade/sprites/r-typesheet10.gif
resources/arcade/sprites/r-typesheet11.gif,reference/arcade/sprites/r-typesheet11.gif
resources/arcade/sprites/r-typesheet12.gif,reference/arcade/sprites/r-typesheet12.gif
resources/arcade/sprites/r-typesheet13.gif,reference/arcade/sprites/r-typesheet13.gif
resources/arcade/sprites/r-typesheet14.gif,reference/arcade/sprites/r-typesheet14.gif
resources/arcade/sprites/r-typesheet16.gif,reference/arcade/sprites/r-typesheet16.gif
resources/arcade/sprites/r-typesheet17.gif,reference/arcade/sprites/r-typesheet17.gif
resources/arcade/sprites/r-typesheet18.gif,reference/arcade/sprites/r-typesheet18.gif
resources/arcade/sprites/r-typesheet19.gif,reference/arcade/sprites/r-typesheet19.gif
resources/arcade/sprites/r-typesheet2.gif,reference/arcade/sprites/r-typesheet2.gif
resources/arcade/sprites/r-typesheet20.gif,reference/arcade/sprites/r-typesheet20.gif
resources/arcade/sprites/r-typesheet21.gif,reference/arcade/sprites/r-typesheet21.gif
resources/arcade/sprites/r-typesheet22.gif,reference/arcade/sprites/r-typesheet22.gif
resources/arcade/sprites/r-typesheet23.gif,reference/arcade/sprites/r-typesheet23.gif
resources/arcade/sprites/r-typesheet24.gif,reference/arcade/sprites/r-typesheet24.gif
resources/arcade/sprites/r-typesheet25.gif,reference/arcade/sprites/r-typesheet25.gif
resources/arcade/sprites/r-typesheet26.gif,reference/arcade/sprites/r-typesheet26.gif
resources/arcade/sprites/r-typesheet27.gif,reference/arcade/sprites/r-typesheet27.gif
resources/arcade/sprites/r-typesheet28.gif,reference/arcade/sprites/r-typesheet28.gif
resources/arcade/sprites/r-typesheet29.gif,reference/arcade/sprites/r-typesheet29.gif
resources/arcade/sprites/r-typesheet3.gif,reference/arcade/sprites/r-typesheet3.gif
resources/arcade/sprites/r-typesheet30.gif,reference/arcade/sprites/r-typesheet30.gif
resources/arcade/sprites/r-typesheet31.gif,reference/arcade/sprites/r-typesheet31.gif
resources/arcade/sprites/r-typesheet32.gif,reference/arcade/sprites/r-typesheet32.gif
resources/arcade/sprites/r-typesheet33.gif,reference/arcade/sprites/r-typesheet33.gif
resources/arcade/sprites/r-typesheet34.gif,reference/arcade/sprites/r-typesheet34.gif
resources/arcade/sprites/r-typesheet35.gif,reference/arcade/sprites/r-typesheet35.gif
resources/arcade/sprites/r-typesheet36.gif,reference/arcade/sprites/r-typesheet36.gif
resources/arcade/sprites/r-typesheet37.gif,reference/arcade/sprites/r-typesheet37.gif
resources/arcade/sprites/r-typesheet38.gif,reference/arcade/sprites/r-typesheet38.gif
resources/arcade/sprites/r-typesheet39.gif,reference/arcade/sprites/r-typesheet39.gif
resources/arcade/sprites/r-typesheet40.gif,reference/arcade/sprites/r-typesheet40.gif
resources/arcade/sprites/r-typesheet41.gif,reference/arcade/sprites/r-typesheet41.gif
resources/arcade/sprites/r-typesheet42.gif,reference/arcade/sprites/r-typesheet42.gif
resources/arcade/sprites/r-typesheet43.gif,reference/arcade/sprites/r-typesheet43.gif
resources/arcade/sprites/r-typesheet44.gif,reference/arcade/sprites/r-typesheet44.gif
resources/arcade/sprites/r-typesheet5.gif,reference/arcade/sprites/r-typesheet5.gif
resources/arcade/sprites/r-typesheet7.gif,reference/arcade/sprites/r-typesheet7.gif
resources/arcade/sprites/r-typesheet8.gif,reference/arcade/sprites/r-typesheet8.gif
resources/arcade/sprites/r-typesheet9.gif,reference/arcade/sprites/r-typesheet9.gif
resources/arcade/sprites/ready.png,reference/arcade/sprites/ready.png
resources/arcade/sprites/reboundlaser-angle-0.png,reference/arcade/sprites/reboundlaser-angle-0.png
resources/arcade/sprites/reboundlaser-angle-1.png,reference/arcade/sprites/reboundlaser-angle-1.png
resources/arcade/sprites/reboundlaser-angle-2.png,reference/arcade/sprites/reboundlaser-angle-2.png
resources/arcade/sprites/reboundlaser-angle-3.png,reference/arcade/sprites/reboundlaser-angle-3.png
resources/arcade/sprites/reboundlaser-angle-4.png,reference/arcade/sprites/reboundlaser-angle-4.png
resources/arcade/sprites/reboundlaser-angle-5.png,reference/arcade/sprites/reboundlaser-angle-5.png
resources/arcade/sprites/reboundlaser-angle-6.png,reference/arcade/sprites/reboundlaser-angle-6.png
resources/arcade/sprites/reboundlaser-angle-7.png,reference/arcade/sprites/reboundlaser-angle-7.png
resources/arcade/sprites/reboundlaser-diagonal-0.png,reference/arcade/sprites/reboundlaser-diagonal-0.png
resources/arcade/sprites/reboundlaser-diagonal-1.png,reference/arcade/sprites/reboundlaser-diagonal-1.png
resources/arcade/sprites/reboundlaser-diagonal-2.png,reference/arcade/sprites/reboundlaser-diagonal-2.png
resources/arcade/sprites/reboundlaser-diagonal-3.png,reference/arcade/sprites/reboundlaser-diagonal-3.png
resources/arcade/sprites/reboundlaser-horizontal-0.png,reference/arcade/sprites/reboundlaser-horizontal-0.png
resources/arcade/sprites/reboundlaser-impact-0.png,reference/arcade/sprites/reboundlaser-impact-0.png
resources/arcade/sprites/reboundlaser-impact-1.png,reference/arcade/sprites/reboundlaser-impact-1.png
resources/arcade/sprites/reboundlaser-impact-2.png,reference/arcade/sprites/reboundlaser-impact-2.png
resources/arcade/sprites/reboundlaser-impact-3.png,reference/arcade/sprites/reboundlaser-impact-3.png
resources/arcade/sprites/saw_0.png,reference/arcade/sprites/saw_0.png
resources/arcade/sprites/saw_1.png,reference/arcade/sprites/saw_1.png
resources/arcade/sprites/saw_2.png,reference/arcade/sprites/saw_2.png
resources/arcade/sprites/saw_3.png,reference/arcade/sprites/saw_3.png
resources/arcade/sprites/speed-0.png,reference/arcade/sprites/speed-0.png
resources/arcade/sprites/speed-1.png,reference/arcade/sprites/speed-1.png
resources/arcade/sprites/spritesheet.png,reference/arcade/sprites/spritesheet.png
resources/arcade/sprites/warship-bottom.png,reference/arcade/sprites/warship-bottom.png
resources/arcade/sprites/warship-leftReactor.png,reference/arcade/sprites/warship-leftReactor.png
resources/sms/music/10-stage-clear.vgm,reference/sms/music/10-stage-clear.vgm
resources/sms/music/12-game-over.vgm,reference/sms/music/12-game-over.vgm
resources/sms/sfx/18-fire.vgm,reference/sms/sfx/18-fire.vgm
resources/sms/sfx/33-fire-blast.vgm,reference/sms/sfx/33-fire-blast.vgm
resources/sms/sfx/34.vgm,reference/sms/sfx/34.vgm
resources/sms/sfx/35.vgm,reference/sms/sfx/35.vgm
resources/sms/sfx/36-player-hit.vgm,reference/sms/sfx/36-player-hit.vgm
resources/sms/sfx/37.vgm,reference/sms/sfx/37.vgm
resources/sms/sfx/38-pod-attach.vgm,reference/sms/sfx/38-pod-attach.vgm
resources/sms/sfx/39.vgm,reference/sms/sfx/39.vgm
resources/sms/sfx/40-bonus.vgm,reference/sms/sfx/40-bonus.vgm
resources/sms/sfx/41.vgm,reference/sms/sfx/41.vgm
resources/sms/sfx/42.vgm,reference/sms/sfx/42.vgm
resources/sms/sfx/43.vgm,reference/sms/sfx/43.vgm
resources/sms/sfx/44.vgm,reference/sms/sfx/44.vgm
resources/sms/sfx/45.vgm,reference/sms/sfx/45.vgm
resources/sms/sfx/46-explosion-0.vgm,reference/sms/sfx/46-explosion-0.vgm
resources/sms/sfx/47.vgm,reference/sms/sfx/47.vgm
resources/sms/sfx/48.vgm,reference/sms/sfx/48.vgm
resources/sms/sfx/49.vgm,reference/sms/sfx/49.vgm
resources/sms/sfx/50.vgm,reference/sms/sfx/50.vgm
resources/sms/sfx/51.vgm,reference/sms/sfx/51.vgm
resources/sms/sfx/52.vgm,reference/sms/sfx/52.vgm
resources/sms/sfx/53.vgm,reference/sms/sfx/53.vgm
resources/sms/sfx/54.vgm,reference/sms/sfx/54.vgm
resources/sms/sfx/55.vgm,reference/sms/sfx/55.vgm
resources/sms/sfx/56.vgm,reference/sms/sfx/56.vgm
resources/sms/sfx/57.vgm,reference/sms/sfx/57.vgm
resources/sms/sfx/58.vgm,reference/sms/sfx/58.vgm
resources/sms/sfx/59.vgm,reference/sms/sfx/59.vgm
resources/sms/sfx/60.vgm,reference/sms/sfx/60.vgm
resources/sms/sfx/61.vgm,reference/sms/sfx/61.vgm
resources/sms/sfx/62.vgm,reference/sms/sfx/62.vgm
resources/sms/sfx/63.vgm,reference/sms/sfx/63.vgm
resources/sms/sfx/64.vgm,reference/sms/sfx/64.vgm
resources/sms/sfx/65.vgm,reference/sms/sfx/65.vgm
resources/sms/sfx/66.vgm,reference/sms/sfx/66.vgm
resources/sms/sfx/67.vgm,reference/sms/sfx/67.vgm
resources/sms/sfx/68.vgm,reference/sms/sfx/68.vgm
resources/sms/sfx/69.vgm,reference/sms/sfx/69.vgm
resources/sms/sfx/70.vgm,reference/sms/sfx/70.vgm
resources/sms/sfx/71.vgm,reference/sms/sfx/71.vgm
resources/sms/sfx/72.vgm,reference/sms/sfx/72.vgm
resources/sms/sfx/73.vgm,reference/sms/sfx/73.vgm
resources/sms/sfx/74.vgm,reference/sms/sfx/74.vgm
resources/sms/sfx/75.vgm,reference/sms/sfx/75.vgm
resources/sms/sfx/76-countdown10.vgm,reference/sms/sfx/76-countdown10.vgm
resources/sms/sfx/87-countdown09.vgm,reference/sms/sfx/87-countdown09.vgm
resources/sms/sfx/88-countdown08.vgm,reference/sms/sfx/88-countdown08.vgm
resources/sms/sfx/89-countdown07.vgm,reference/sms/sfx/89-countdown07.vgm
resources/sms/sfx/90-countdown06.vgm,reference/sms/sfx/90-countdown06.vgm
resources/sms/sfx/91-countdown05.vgm,reference/sms/sfx/91-countdown05.vgm
resources/sms/sfx/92-countdown04.vgm,reference/sms/sfx/92-countdown04.vgm
resources/sms/sfx/93-countdown03.vgm,reference/sms/sfx/93-countdown03.vgm
resources/sms/sfx/94-countdown02.vgm,reference/sms/sfx/94-countdown02.vgm
resources/sms/sfx/95-countdown01.vgm,reference/sms/sfx/95-countdown01.vgm
resources/sms/sfx/asm/18-fire.asm,reference/sms/sfx/asm/18-fire.asm
resources/sms/sfx/asm/33-fire-blast.asm,reference/sms/sfx/asm/33-fire-blast.asm
resources/sms/sfx/asm/34.asm,reference/sms/sfx/asm/34.asm
resources/sms/sfx/asm/35.asm,reference/sms/sfx/asm/35.asm
resources/sms/sfx/asm/36-player-hit.asm,reference/sms/sfx/asm/36-player-hit.asm
resources/sms/sfx/asm/37.asm,reference/sms/sfx/asm/37.asm
resources/sms/sfx/asm/38-pod-attach.asm,reference/sms/sfx/asm/38-pod-attach.asm
resources/sms/sfx/asm/39.asm,reference/sms/sfx/asm/39.asm
resources/sms/sfx/asm/40-bonus.asm,reference/sms/sfx/asm/40-bonus.asm
resources/sms/sfx/asm/41.asm,reference/sms/sfx/asm/41.asm
resources/sms/sfx/asm/42.asm,reference/sms/sfx/asm/42.asm
resources/sms/sfx/asm/43.asm,reference/sms/sfx/asm/43.asm
resources/sms/sfx/asm/44.asm,reference/sms/sfx/asm/44.asm
resources/sms/sfx/asm/45.asm,reference/sms/sfx/asm/45.asm
resources/sms/sfx/asm/46-explosion-0.asm,reference/sms/sfx/asm/46-explosion-0.asm
resources/sms/sfx/asm/47.asm,reference/sms/sfx/asm/47.asm
resources/sms/sfx/asm/48.asm,reference/sms/sfx/asm/48.asm
resources/sms/sfx/asm/49.asm,reference/sms/sfx/asm/49.asm
resources/sms/sfx/asm/50.asm,reference/sms/sfx/asm/50.asm
resources/sms/sfx/asm/51.asm,reference/sms/sfx/asm/51.asm
resources/sms/sfx/asm/52.asm,reference/sms/sfx/asm/52.asm
resources/sms/sfx/asm/53.asm,reference/sms/sfx/asm/53.asm
resources/sms/sfx/asm/54.asm,reference/sms/sfx/asm/54.asm
resources/sms/sfx/asm/55.asm,reference/sms/sfx/asm/55.asm
resources/sms/sfx/asm/56.asm,reference/sms/sfx/asm/56.asm
resources/sms/sfx/asm/57.asm,reference/sms/sfx/asm/57.asm
resources/sms/sfx/asm/58.asm,reference/sms/sfx/asm/58.asm
resources/sms/sfx/asm/59.asm,reference/sms/sfx/asm/59.asm
resources/sms/sfx/asm/60.asm,reference/sms/sfx/asm/60.asm
resources/sms/sfx/asm/61.asm,reference/sms/sfx/asm/61.asm
resources/sms/sfx/asm/62.asm,reference/sms/sfx/asm/62.asm
resources/sms/sfx/asm/63.asm,reference/sms/sfx/asm/63.asm
resources/sms/sfx/asm/64.asm,reference/sms/sfx/asm/64.asm
resources/sms/sfx/asm/65.asm,reference/sms/sfx/asm/65.asm
resources/sms/sfx/asm/66.asm,reference/sms/sfx/asm/66.asm
resources/sms/sfx/asm/67.asm,reference/sms/sfx/asm/67.asm
resources/sms/sfx/asm/68.asm,reference/sms/sfx/asm/68.asm
resources/sms/sfx/asm/69.asm,reference/sms/sfx/asm/69.asm
resources/sms/sfx/asm/70.asm,reference/sms/sfx/asm/70.asm
resources/sms/sfx/asm/71.asm,reference/sms/sfx/asm/71.asm
resources/sms/sfx/asm/72.asm,reference/sms/sfx/asm/72.asm
resources/sms/sfx/asm/73.asm,reference/sms/sfx/asm/73.asm
resources/sms/sfx/asm/74.asm,reference/sms/sfx/asm/74.asm
resources/sms/sfx/asm/75.asm,reference/sms/sfx/asm/75.asm
resources/sms/sfx/asm/76-countdown10.asm,reference/sms/sfx/asm/76-countdown10.asm
resources/sms/sfx/asm/87-countdown09.asm,reference/sms/sfx/asm/87-countdown09.asm
resources/sms/sfx/asm/88-countdown08.asm,reference/sms/sfx/asm/88-countdown08.asm
resources/sms/sfx/asm/89-countdown07.asm,reference/sms/sfx/asm/89-countdown07.asm
resources/sms/sfx/asm/90-countdown06.asm,reference/sms/sfx/asm/90-countdown06.asm
resources/sms/sfx/asm/91-countdown05.asm,reference/sms/sfx/asm/91-countdown05.asm
resources/sms/sfx/asm/92-countdown04.asm,reference/sms/sfx/asm/92-countdown04.asm
resources/sms/sfx/asm/93-countdown03.asm,reference/sms/sfx/asm/93-countdown03.asm
resources/sms/sfx/asm/94-countdown02.asm,reference/sms/sfx/asm/94-countdown02.asm
resources/sms/sfx/asm/95-countdown01.asm,reference/sms/sfx/asm/95-countdown01.asm
tools/background.png,tools/background.png
tools/fade_preview.html,tools/fade_preview.html
tools/remap_font_colors.py,tools/remap_font_colors.py
